BRANDS,CATEGORY_TAGS,CITY,ENCLOSED,INCLUDES_PARKING_LOT,LATITUDE,LOCATION_NAME,LONGITUDE,MEDIAN_DWELL,NAICS_CODE,NORMALIZED_VISITS_BY_TOTAL_VISITORS,NORMALIZED_VISITS_BY_TOTAL_VISITS,POSTAL_CODE,RAW_VISITOR_COUNTS,RAW_VISIT_COUNTS,REGION,STREET_ADDRESS,SUB_CATEGORY,TOP_CATEGORY,dwell_5_20,dwell_lt5,dwell_61_240,dwell_gt240,dwell_21_60,dwell_total_obs,peak_hour,evening_share,avg_daily_visits,max_daily_visits,std_daily_visits,dwell_lt5_share,dwell_5_20_share,dwell_21_60_share,dwell_61_240_share,dwell_gt240_share,fast_food_behavior_score,visit_volume_score,stability_score,zip_restaurant_count,competition_score,fast_food_behavior_score_norm
,"Asian Food,Salad,Seafood,Vietnamese Food",Boston,False,False,42.299857,Huong Que,-71.058404,48.0,722511,5.960541217e-06,4.17517184e-07,2122.0,1.0,1.0,MA,272 Adams St,Full-Service Restaurants,Restaurants and Other Eating Places,0,0,0,0,0,,15,0.0,0.03225806451612903,1.0,0.17668469596940847,,,,,,0.0,0.0,1.0,9,0.9012345679012346,0.0
,Sandwich Shop,Boston,False,False,42.376386,Puxadinho,-71.065349,12.0,722511,0.001499872452,0.0001040194075,2129.0,138.0,255.0,MA,202 Main St,Full-Service Restaurants,Restaurants and Other Eating Places,13,184,26,20,10,253.0,18,0.3009478672985782,8.161290322580646,15.0,2.0493393773249795,0.7272727272727273,0.05138339920948617,0.039525691699604744,0.10276679841897234,0.07905138339920949,0.4569169960474308,0.006003450802429743,0.991437202986302,8,0.9135802469135803,0.761528326745718
,Chinese Food,Boston,False,False,42.34996,Bos Sichuan Taste,-71.130476,37.0,722511,0.001224529002,8.446790014e-05,2134.0,145.0,209.0,MA,204 Harvard Ave,Full-Service Restaurants,Restaurants and Other Eating Places,6,163,10,19,8,206.0,18,0.3039832285115304,6.741935483870968,14.0,1.8659554663199445,0.7912621359223301,0.02912621359223301,0.038834951456310676,0.04854368932038835,0.09223300970873786,0.4864077669902912,0.0049162116807298685,0.9922757340946521,23,0.7283950617283951,0.8106796116504854
,Seafood,Boston,True,False,42.360112,Boathouse 400,-71.118136,37.0,722511,0.008127721065,0.0005606754176,2134.0,928.0,1383.0,MA,400 Soldiers Field Rd,Full-Service Restaurants,Restaurants and Other Eating Places,30,1200,35,92,23,1380.0,17,0.272108843537415,44.483870967741936,75.0,11.074151734038683,0.8695652173913043,0.021739130434782608,0.016666666666666666,0.025362318840579712,0.06666666666666667,0.5304347826086956,0.03266444491715711,0.9501708461578697,23,0.7283950617283951,0.8840579710144927
,Cafe,Boston,True,False,42.349251,Newsfeed Cafe,-71.079076,35.0,722513,0.0009256273585,6.44526529e-05,2116.0,83.0,158.0,MA,700 Boylston St,Limited-Service Restaurants,Restaurants and Other Eating Places,25,66,25,11,28,155.0,15,0.05829596412556054,5.032258064516129,7.0,1.0920200567619842,0.4258064516129032,0.16129032258064516,0.18064516129032257,0.16129032258064516,0.07096774193548387,0.31999999999999995,0.0037107943936278334,0.9958145882570014,81,0.012345679012345734,0.5333333333333333
,"Salad,Sandwich Shop",Boston,False,False,42.345873,Cafe24,-71.090058,3.0,722513,0.0008841993639,6.025484818e-05,2215.0,103.0,154.0,MA,24 Fenway,Limited-Service Restaurants,Restaurants and Other Eating Places,22,125,5,0,0,152.0,10,0.24782608695652175,4.67741935483871,9.0,3.4302929130473405,0.8223684210526315,0.14473684210526316,0.0,0.03289473684210526,0.0,0.5513157894736841,0.003616251861306105,0.9851227313811156,74,0.09876543209876543,0.9188596491228068
,"Hawaiian Food,Sushi",Boston,False,False,42.342127,Super Sushi & Poke,-71.084885,187.0,722513,0.009886476171,0.0006835276199,2115.0,665.0,1692.0,MA,250 Huntington Ave,Limited-Service Restaurants,Restaurants and Other Eating Places,175,816,163,485,51,1690.0,13,0.24427977119084762,54.096774193548384,75.0,11.73457763086588,0.48284023668639053,0.10355029585798817,0.03017751479289941,0.09644970414201183,0.2869822485207101,0.33112426035502956,0.03996785553901061,0.9471510193027514,75,0.0864197530864198,0.5518737672583827
,"American Food,Bar or Pub,Late Night,Smoothie & Juice Bar",Boston,False,False,42.349156,Crazy Good Kitchen Newbury,-71.083289,22.0,722511,0.001391127077,9.770505283e-05,2116.0,235.0,235.0,MA,268 Newbury St,Full-Service Restaurants,Restaurants and Other Eating Places,0,176,0,0,58,234.0,19,0.47761194029850745,7.483870967741935,14.0,5.217037645043621,0.7521367521367521,0.0,0.24786324786324787,0.0,0.0,0.45128205128205123,0.005530738140821102,0.9769527614407401,81,0.012345679012345734,0.7521367521367521
,Mexican Food,Boston,True,False,42.338593,Beantown Burrito,-71.107217,32.0,722511,0.01076632801,0.0007479816442,2215.0,935.0,1862.0,MA,340-350 Longwood Avenue Longwood,Full-Service Restaurants,Restaurants and Other Eating Places,155,1137,140,338,89,1859.0,10,0.2656759695541863,58.483870967741936,105.0,26.028360422929666,0.6116191500806886,0.08337816030123722,0.047875201721355565,0.07530930607853685,0.18181818181818182,0.400322754168908,0.04398591316268406,0.8817920602672643,74,0.09876543209876543,0.6672045902815134
,"Dessert,Italian Food,Salad",Boston,False,False,42.364767,Prezza,-71.052688,107.0,722513,0.001079894802,7.505831164e-05,2113.0,99.0,184.0,MA,24 Fleet St,Limited-Service Restaurants,Restaurants and Other Eating Places,5,123,32,18,3,181.0,18,0.33657587548638135,5.903225806451613,8.0,1.0272053760058488,0.6795580110497238,0.027624309392265192,0.016574585635359115,0.17679558011049723,0.09944751381215469,0.41878453038674035,0.0043253208537190665,0.9961109562742061,40,0.5185185185185186,0.697974217311234
,Italian Food,Boston,False,False,42.329636,Michellada's,-71.111576,6.0,722511,5.914884808e-06,4.155408971e-07,2130.0,1.0,1.0,MA,101 S Huntington Ave Fl 6,Full-Service Restaurants,Restaurants and Other Eating Places,0,0,0,0,0,,7,0.0,0.03225806451612903,1.0,0.17668469596940847,,,,,,0.0,0.0,1.0,9,0.9012345679012346,0.0
,"Japanese Food,Sushi",Boston,False,False,42.351016,Irashai Sushi and Teriyaki,-71.062467,5.0,722513,0.0007759102567,5.35353606e-05,2111.0,65.0,134.0,MA,8 Kneeland St,Limited-Service Restaurants,Restaurants and Other Eating Places,7,103,0,22,0,132.0,23,0.1897590361445783,4.129032258064516,6.0,2.105935321799931,0.7803030303030303,0.05303030303030303,0.0,0.0,0.16666666666666666,0.4893939393939394,0.0031435391996974637,0.9911784155071354,66,0.19753086419753085,0.8156565656565656
Shake Shack,"Burgers,Counter Service,Dinner,Lunch,Truck or Cart",Boston,False,False,42.35699,Shake Shack,-71.058394,1.0,722513,0.001185075045,8.210476649e-05,2108.0,154.0,202.0,MA,322 Washington St,Limited-Service Restaurants,Restaurants and Other Eating Places,7,161,5,17,10,200.0,16,0.19631901840490798,6.354838709677419,11.0,1.8759666256191885,0.805,0.035,0.05,0.025,0.085,0.497,0.004750762249166844,0.9922299576224575,31,0.6296296296296297,0.8283333333333334
Panera Bread,"Breakfast,Catering,Counter Service,Dinner,Lunch,Salad,Sandwich Shop,Soup",Boston,True,False,42.35148,Panera Bread,-71.064777,1.0,722515,0.001250049934,8.70569074e-05,2116.0,155.0,211.0,MA,115 Stuart St,Snack and Nonalcoholic Beverage Bars,Restaurants and Other Eating Places,5,189,6,7,3,210.0,19,0.3603238866396761,6.903225806451613,19.0,3.896688740784903,0.9,0.023809523809523808,0.014285714285714285,0.02857142857142857,0.03333333333333333,0.5495238095238095,0.0049634829468907325,0.9829901156667963,81,0.012345679012345734,0.915873015873016
,Korean Food,Boston,False,False,42.345834,Haju Kitchen,-71.08737,3.0,722511,0.0004435157853,3.009216708e-05,2115.0,70.0,75.0,MA,175 Massachusetts Ave,Full-Service Restaurants,Restaurants and Other Eating Places,5,65,0,0,5,75.0,19,0.5773195876288659,2.4838709677419355,5.0,1.6238339288584798,0.8666666666666667,0.06666666666666667,0.06666666666666667,0.0,0.0,0.5466666666666666,0.0017490368479519723,0.9933828456185056,75,0.0864197530864198,0.9111111111111111
,"Bar or Pub,Late Night,Steak House",Boston,False,False,42.341532,Boston Chops South End,-71.069512,194.0,722511,0.002415324456,0.0001671423998,2118.0,184.0,413.0,MA,1375 Washington St,Full-Service Restaurants,Restaurants and Other Eating Places,13,246,30,113,8,410.0,9,0.1294615849969752,13.225806451612904,17.0,2.523562221368767,0.6,0.03170731707317073,0.01951219512195122,0.07317073170731707,0.275609756097561,0.3726829268292683,0.009737880829138009,0.9892687978909931,44,0.4691358024691358,0.6211382113821139
,"Mediterranean Food,Turkish Food",Boston,False,False,42.35816,Boston Kebab Boston,-71.054997,31.0,722511,0.001149029096,7.888335324e-05,2109.0,187.0,203.0,MA,7 Liberty Sq,Full-Service Restaurants,Restaurants and Other Eating Places,0,140,0,15,46,201.0,14,0.2821576763485477,6.064516129032258,14.0,6.262718588656814,0.6965174129353234,0.0,0.22885572139303484,0.0,0.07462686567164178,0.41791044776119407,0.004774397882247276,0.9721713387094705,47,0.4320987654320988,0.6965174129353234
,,Boston,True,False,42.349975,Cafe 300,-71.049306,2.0,722511,0.005912756752,0.0004138307462,2210.0,685.0,1009.0,MA,300 Summer St Bsmt,Full-Service Restaurants,Restaurants and Other Eating Places,16,824,50,93,23,1006.0,11,0.13975903614457832,31.741935483870968,138.0,21.925044954432867,0.8190854870775348,0.015904572564612324,0.02286282306163022,0.04970178926441352,0.09244532803180915,0.49781312127236577,0.023824718145075516,0.900554653173326,82,0.0,0.8296885354539429
,"Chicken,Chicken Wings",Boston,True,False,42.352877,Underdog Hot Chicken,-71.132573,129.0,722511,0.001400688124,9.701915719e-05,2134.0,218.0,239.0,MA,160 Brighton Ave,Full-Service Restaurants,Restaurants and Other Eating Places,5,145,51,26,10,237.0,0,0.38461538461538464,7.580645161290323,14.0,2.1518813006655377,0.6118143459915611,0.02109704641350211,0.04219409282700422,0.21518987341772153,0.10970464135021098,0.3755274261603375,0.00562528067314283,0.9909683254704944,23,0.7283950617283951,0.6258790436005626
,"Mexican Food,Truck or Cart",Boston,False,False,42.358085,Tacos Calleteco,-71.05936,1.0,722511,0.01139568718,0.0007787004934,2201.0,1481.0,1948.0,MA,1 City Hall Sq,Full-Service Restaurants,Restaurants and Other Eating Places,75,1611,118,99,42,1945.0,12,0.24249797242497972,61.38709677419355,146.0,26.287096576267025,0.8282776349614396,0.038560411311053984,0.021593830334190232,0.060668380462724936,0.05089974293059126,0.5123907455012854,0.04601857760760122,0.8806089776716364,2,0.9876543209876543,0.8539845758354757
,"Coffee Shop,Sandwich Shop",Boston,False,False,42.373856,Americano Espresso Bar,-71.038874,29.0,722515,0.000699824081,4.856871865e-05,2128.0,119.0,119.0,MA,155 Meridian St,Snack and Nonalcoholic Beverage Bars,Restaurants and Other Eating Places,0,113,0,0,5,118.0,5,0.3140495867768595,3.806451612903226,5.0,0.8583312706871014,0.9576271186440678,0.0,0.0423728813559322,0.0,0.0,0.5745762711864406,0.002789004703490983,0.9968831406492066,52,0.37037037037037035,0.9576271186440677
,Coffee Shop,Boston,True,False,42.35156,Gracenote Coffee,-71.058069,2.0,722515,0.004227426909,0.0002910085654,2111.0,519.0,726.0,MA,108 Lincoln St,Snack and Nonalcoholic Beverage Bars,Restaurants and Other Eating Places,16,619,29,42,16,722.0,12,0.15669205658324264,23.258064516129032,41.0,8.500351954517905,0.8573407202216067,0.0221606648199446,0.0221606648199446,0.04016620498614958,0.05817174515235457,0.5232686980609418,0.017135833983313243,0.9619396603900717,66,0.19753086419753085,0.8721144967682364
,Smoothie & Juice Bar,Boston,True,False,42.365765,Juicygreens,-71.06201,13.0,722515,0.009646828688,0.0006610835494,2114.0,1232.0,1652.0,MA,80 Causeway St,Snack and Nonalcoholic Beverage Bars,Restaurants and Other Eating Places,151,1126,100,158,114,1649.0,17,0.3911042944785276,52.74193548387097,115.0,24.196730973466007,0.6828380836870831,0.09157064887810794,0.06913280776228017,0.06064281382656155,0.09581564584596726,0.446331109763493,0.03902243021579333,0.8901672675792262,52,0.37037037037037035,0.7438851829391551
,"Italian Food,Seafood",Boston,False,False,42.363247,Aqua Pazza,-71.054102,1.0,722511,0.01212778981,0.0008365541822,2109.0,1651.0,2049.0,MA,135 Richmond St,Full-Service Restaurants,Restaurants and Other Eating Places,86,1779,82,43,56,2046.0,16,0.32592592592592595,67.29032258064517,149.0,27.230430734023614,0.8695014662756598,0.042033235581622676,0.02737047898338221,0.04007820136852395,0.021016617790811338,0.538514173998045,0.048405776548724855,0.8762955401813297,47,0.4320987654320988,0.8975236233300751
,,Boston,False,False,42.351129,Ils Wayport,-71.062789,4.0,722511,0.02890950027,0.002000426898,2111.0,3099.0,4892.0,MA,702 Washington St,Full-Service Restaurants,Restaurants and Other Eating Places,150,3763,337,496,144,4890.0,12,0.30006101281269065,160.5483870967742,237.0,60.0939257891626,0.7695296523517382,0.03067484662576687,0.029447852760736196,0.0689161554192229,0.10143149284253579,0.47398773006134964,0.1156018813963932,0.7260257439826401,66,0.19753086419753085,0.7899795501022494
Gong Cha,"Bubble Tea Shop,Counter Service,Drinks,Sandwich Shop,Smoothie & Juice Bar,Snacks,Take Out and Delivery Only",Boston,False,False,42.34917,Gong Cha,-71.083367,12.0,722513,0.0005541329405,3.799232208e-05,2116.0,95.0,95.0,MA,270 Newbury St,Limited-Service Restaurants,Restaurants and Other Eating Places,28,57,0,0,9,94.0,17,0.3893805309734513,3.064516129032258,6.0,2.804782596036666,0.6063829787234043,0.2978723404255319,0.09574468085106383,0.0,0.0,0.48297872340425535,0.0022217495095606136,0.9879829051909816,81,0.012345679012345734,0.8049645390070923
Charley's,"Counter Service,Dinner,Lunch,Sandwich Shop",Boston,True,False,42.338006,Charley's,-71.10654,32.0,722513,0.01076632801,0.0007479816442,2115.0,935.0,1862.0,MA,350 Longwood Ave,Limited-Service Restaurants,Restaurants and Other Eating Places,155,1137,140,338,89,1859.0,10,0.2656759695541863,58.483870967741936,105.0,26.028360422929666,0.6116191500806886,0.08337816030123722,0.047875201721355565,0.07530930607853685,0.18181818181818182,0.400322754168908,0.04398591316268406,0.8817920602672643,75,0.0864197530864198,0.6672045902815134
bartaco,"Beverages,Chicken,Meats,Salad,Seafood",Boston,False,False,42.350919,bartaco,-71.04745,1.0,722511,0.001594807433,0.0001100743882,2210.0,249.0,271.0,MA,25 Thomson Pl,Full-Service Restaurants,Restaurants and Other Eating Places,21,223,17,4,4,269.0,16,0.27319587628865977,8.741935483870968,15.0,2.4225784974862696,0.828996282527881,0.07806691449814127,0.01486988847583643,0.06319702602230483,0.01486988847583643,0.5286245353159851,0.006381620931716656,0.9897305504703139,82,0.0,0.8810408921933085
Caffè Nero,"Breakfast,Casual Dining,Coffee Shop,Drinks,Healthy Food,Pastries,Snacks",Boston,False,False,42.310977,Caffè Nero,-71.114799,1.0,722515,2.958485077e-05,2.013261525e-06,2130.0,5.0,5.0,MA,733 Centre St,Snack and Nonalcoholic Beverage Bars,Restaurants and Other Eating Places,0,4,0,0,0,4.0,9,0.4,0.16129032258064516,1.0,0.3677985242255284,1.0,0.0,0.0,0.0,0.0,0.6,9.454253232172823e-05,0.9991261235004185,9,0.9012345679012346,1.0
Starbucks,"Bakery,Coffee Shop,Counter Service,Dessert,Snacks,Tea House",Boston,False,False,42.348984,Starbucks,-71.064179,134.0,722515,0.008037713717,0.0005623988186,2111.0,1034.0,1364.0,MA,821 Washington St,Snack and Nonalcoholic Beverage Bars,Restaurants and Other Eating Places,12,989,116,219,25,1361.0,10,0.3701092703560099,45.0,78.0,17.681774834284102,0.7266715650257164,0.00881704628949302,0.018368846436443792,0.0852314474650992,0.1609110947832476,0.439529757531227,0.032215367888628894,0.9199571949632637,66,0.19753086419753085,0.7325495958853784
MrBeast Burger,"Beverages,Burgers,Chicken,Meats,Snacks",Boston,False,False,42.357122,MrBeast Burger,-71.060103,1.0,722513,5.974686347e-05,4.270224456e-06,2108.0,10.0,10.0,MA,42 Province St,Limited-Service Restaurants,Restaurants and Other Eating Places,0,8,0,0,0,8.0,18,0.5,0.3548387096774194,1.0,0.4784644185223008,1.0,0.0,0.0,0.0,0.0,0.6,0.00021272069772388852,0.9986200987652459,31,0.6296296296296297,1.0
,Deli,Boston,False,False,42.358162,Bull Market Deli,-71.055003,31.0,722513,0.001149029096,7.888335324e-05,2109.0,187.0,203.0,MA,7 Liberty Sq,Limited-Service Restaurants,Restaurants and Other Eating Places,0,140,0,15,46,201.0,14,0.2821576763485477,6.064516129032258,14.0,6.262718588656814,0.6965174129353234,0.0,0.22885572139303484,0.0,0.07462686567164178,0.41791044776119407,0.004774397882247276,0.9721713387094705,47,0.4320987654320988,0.6965174129353234
,"Ice Cream Shop,Truck or Cart",Boston,True,False,42.351735,Boston Frosty,-71.070768,6.0,722515,0.007873628474,0.0005391324284,2116.0,956.0,1344.0,MA,Boylston St @ Arlington St,Snack and Nonalcoholic Beverage Bars,Restaurants and Other Eating Places,31,989,145,134,44,1343.0,19,0.437403400309119,43.03225806451613,146.0,21.645954506882987,0.7364110201042442,0.02308265078183172,0.03276247207743857,0.10796723752792256,0.09977661950856292,0.4510796723752792,0.03174265522702026,0.9018308066866378,81,0.012345679012345734,0.7517994539587987
,,Boston,False,False,42.351714,The Q,-71.062809,1.0,722511,0.0004426645897,3.067172639e-05,2111.0,62.0,75.0,MA,660 Washington St,Full-Service Restaurants,Restaurants and Other Eating Places,1,65,2,2,1,71.0,20,0.5294117647058824,2.4193548387096775,7.0,1.7556212676371328,0.9154929577464789,0.014084507042253521,0.014084507042253521,0.028169014084507043,0.028169014084507043,0.5549295774647887,0.0017490368479519723,0.9927802421368428,66,0.19753086419753085,0.9248826291079811
,"Greek Food,Mediterranean Food",Boston,False,False,42.360215,Steve's Greek Cuisine,-71.055325,1.0,722511,0.0007993053262,5.543336447e-05,2109.0,136.0,136.0,MA,1 Faneuil Hall Sq,Full-Service Restaurants,Restaurants and Other Eating Places,2,131,0,0,2,135.0,15,0.1111111111111111,4.354838709677419,6.0,1.1230254958405943,0.9703703703703703,0.014814814814814815,0.014814814814814815,0.0,0.0,0.5881481481481481,0.003190810465858328,0.9956728145045878,47,0.4320987654320988,0.9802469135802468
,"Bar or Pub,Late Night,Steak House",Boston,False,False,42.349371,Mooo Seaport,-71.05018,99.0,722511,0.003161336705,0.0002217787576,2210.0,402.0,541.0,MA,49 Melcher St,Full-Service Restaurants,Restaurants and Other Eating Places,23,350,55,92,19,539.0,13,0.2288801571709234,17.741935483870968,47.0,9.058831876328183,0.6493506493506493,0.04267161410018553,0.03525046382189239,0.10204081632653061,0.17068645640074212,0.4066790352504638,0.012763241863433313,0.9593859860504836,82,0.0,0.6777983920841063
,"Hawaiian Food,Japanese Food,Sushi",Boston,False,False,42.350718,Tora Japanese Restaurant,-71.060546,4.0,722511,0.00497893036,0.0003424001537,2111.0,703.0,847.0,MA,20B Tyler St,Full-Service Restaurants,Restaurants and Other Eating Places,35,698,49,7,55,844.0,10,0.38859180035650626,28.29032258064516,64.0,16.54162598472479,0.8270142180094787,0.041469194312796206,0.06516587677725119,0.058056872037914695,0.008293838862559242,0.5127962085308057,0.019995745586045523,0.925170576405864,66,0.19753086419753085,0.8546603475513428
,"Bar or Pub,Korean Food,Late Night,Sushi",Boston,True,False,42.350179,Crave Chinatown,-71.06081,97.0,722511,0.01372069562,0.0009521986699,2111.0,948.0,2341.0,MA,75 Kneeland St,Full-Service Restaurants,Restaurants and Other Eating Places,199,1204,292,498,145,2338.0,13,0.23237148862984902,74.74193548387096,88.0,7.029742077292525,0.5149700598802395,0.08511548331907613,0.062018819503849444,0.12489307100085544,0.21300256629597947,0.34302822925577414,0.055307381408211016,0.9686640896136726,66,0.19753086419753085,0.5717137154262902
,Chinese Food,Boston,True,False,42.35238,Green China,-71.073266,19.0,722511,0.009486576178,0.0006561008843,2116.0,1072.0,1611.0,MA,45 Newbury St Ste 205,Full-Service Restaurants,Restaurants and Other Eating Places,38,1201,131,191,48,1609.0,13,0.2867107195301028,51.83870967741935,111.0,18.155416456863897,0.7464263517712865,0.023617153511497825,0.02983219390926041,0.08141702921068987,0.11870727159726538,0.457302672467371,0.038053369259495616,0.9177914475290098,81,0.012345679012345734,0.7621711207789517
,Chinese Food,Boston,False,False,42.351123,Waitlist,-71.062809,4.0,722511,0.02890950027,0.002000426898,2111.0,3099.0,4892.0,MA,702 Washington St,Full-Service Restaurants,Restaurants and Other Eating Places,150,3763,337,496,144,4890.0,12,0.30006101281269065,160.5483870967742,237.0,60.0939257891626,0.7695296523517382,0.03067484662576687,0.029447852760736196,0.0689161554192229,0.10143149284253579,0.47398773006134964,0.1156018813963932,0.7260257439826401,66,0.19753086419753085,0.7899795501022494
,French Food,Boston,True,,42.347037,Coquette,-71.04217,2.0,722511,0.0372695252,0.002582725675,2210.0,3738.0,6347.0,MA,450 Summer St,Full-Service Restaurants,Restaurants and Other Eating Places,168,4848,393,797,138,6344.0,15,0.278711816244376,205.41935483870967,273.0,36.21421409901882,0.7641866330390921,0.02648171500630517,0.021752837326607818,0.06194829760403531,0.12563051702395964,0.46910466582597726,0.14999172752842185,0.8352167902466083,82,0.0,0.7818411097099621
Caffè Nero,"Breakfast,Casual Dining,Coffee Shop,Drinks,Healthy Food,Pastries,Snacks",Boston,True,False,42.350227,Caffè Nero,-71.047881,1.0,722515,0.0001120884057,7.582582918e-06,2210.0,17.0,19.0,MA,368 Congress St,Snack and Nonalcoholic Beverage Bars,Restaurants and Other Eating Places,0,15,0,1,0,16.0,13,0.20833333333333334,0.6774193548387096,3.0,0.818617905835453,0.9375,0.0,0.0,0.0,0.0625,0.5625,0.00042544139544777704,0.997064731780418,82,0.0,0.9375
,"Bakery,Mediterranean Food",Boston,False,False,42.355438,Bonapita,-71.058868,5.0,722513,0.001250163038,8.636725003e-05,2110.0,142.0,213.0,MA,49 Franklin St,Limited-Service Restaurants,Restaurants and Other Eating Places,11,171,12,11,6,211.0,16,0.281437125748503,6.838709677419355,17.0,2.5915093894703136,0.8104265402843602,0.052132701421800945,0.02843601895734597,0.05687203791469194,0.052132701421800945,0.5071090047393365,0.005010754213051596,0.9889581064357548,46,0.4444444444444444,0.8451816745655609
Shake Shack,"Burgers,Counter Service,Dinner,Lunch,Truck or Cart",Boston,True,False,42.349623,Shake Shack,-71.081615,83.0,722513,0.02530274137,0.001755531427,2116.0,1921.0,4313.0,MA,234-236 Newbury St Fairfield St,Limited-Service Restaurants,Restaurants and Other Eating Places,278,2464,568,726,276,4312.0,15,0.2560916179337232,137.83870967741936,161.0,11.714608399258204,0.5714285714285714,0.06447124304267161,0.0640074211502783,0.13172541743970315,0.1683673469387755,0.36864564007421147,0.10191684984282304,0.9472423295045085,81,0.012345679012345734,0.6144094001236858
,Cafe,Boston,False,False,42.344752,The Cafe at 1295,-71.098354,1.0,722513,0.000739992956,5.101064283e-05,2215.0,112.0,125.0,MA,1295 Boylston St,Limited-Service Restaurants,Restaurants and Other Eating Places,0,125,0,0,0,125.0,17,0.4009009009009009,4.161290322580645,7.0,1.7431298175621028,1.0,0.0,0.0,0.0,0.0,0.6,0.0029308185019735755,0.9928373598491814,74,0.09876543209876543,1.0
,Chinese Food,Boston,False,False,42.351682,Wai Wai Restaurant,-71.06028,755.0,722511,0.0004004402661,2.789869397e-05,2111.0,32.0,69.0,MA,26 Oxford St,Full-Service Restaurants,Restaurants and Other Eating Places,0,52,0,16,0,68.0,11,0.18666666666666668,2.161290322580645,5.0,1.648005132186426,0.7647058823529411,0.0,0.0,0.0,0.23529411764705882,0.45882352941176463,0.00160722304946938,0.9932723217137331,66,0.19753086419753085,0.7647058823529411
,,Boston,True,False,42.351129,New Peking Cuisine Restaurant,-71.060904,12.0,722511,0.001305386458,9.101902966e-05,2111.0,173.0,222.0,MA,10 Tyler St,Full-Service Restaurants,Restaurants and Other Eating Places,9,172,17,5,16,219.0,11,0.3620178041543027,7.354838709677419,13.0,2.609515924665379,0.7853881278538812,0.0410958904109589,0.0730593607305936,0.0776255707762557,0.0228310502283105,0.48767123287671227,0.005223474910775485,0.9888757707508415,66,0.19753086419753085,0.8127853881278538
,"Bar or Pub,Japanese Food,Sushi",Boston,False,False,42.349633,Nagomi Izakaya,-71.095306,2.0,722511,0.00136341346,9.419583817e-05,2215.0,202.0,232.0,MA,636 Beacon St,Full-Service Restaurants,Restaurants and Other Eating Places,4,192,9,9,14,228.0,18,0.38498789346246975,7.419354838709677,11.0,1.7556212676371328,0.8421052631578947,0.017543859649122806,0.06140350877192982,0.039473684210526314,0.039473684210526314,0.5122807017543859,0.005459831241579806,0.9927802421368428,74,0.09876543209876543,0.8538011695906432
,Seafood,Boston,False,False,42.360044,Wicked Lobsta,-71.054191,1.0,722511,0.001968051996,0.0001323392806,2109.0,327.0,333.0,MA,1 Faneuil Hall Market Pl,Full-Service Restaurants,Restaurants and Other Eating Places,15,299,7,0,9,330.0,16,0.23842592592592593,10.838709677419354,53.0,11.553792211395352,0.906060606060606,0.045454545454545456,0.02727272727272727,0.021212121212121213,0.0,0.5618181818181818,0.007847030182703444,0.9479776686927188,47,0.4320987654320988,0.9363636363636363
,Smoothie & Juice Bar,Boston,False,False,42.329385,617 Nutrition,-71.069289,5.0,722515,0.0005716966694,3.954900723e-05,2118.0,87.0,96.0,MA,953 Massachusetts Ave,Snack and Nonalcoholic Beverage Bars,Restaurants and Other Eating Places,0,87,8,0,0,95.0,5,0.0,3.225806451612903,6.0,2.3377639912249597,0.9157894736842105,0.0,0.0,0.08421052631578947,0.0,0.5494736842105262,0.0022453851426410456,0.9901183685812359,44,0.4691358024691358,0.9157894736842104
,"Bagel Shop,Bakery,Coffee Shop",Boston,False,False,42.350783,Finagle A Bagel,-71.07564,8.0,722515,0.000693259296,4.823570159e-05,2116.0,109.0,118.0,MA,535 Boylston St,Snack and Nonalcoholic Beverage Bars,Restaurants and Other Eating Places,27,72,0,0,18,117.0,10,0.07655502392344497,3.774193548387097,6.0,2.2100894365110504,0.6153846153846154,0.23076923076923078,0.15384615384615385,0.0,0.0,0.46153846153846156,0.002765369070410551,0.9907021661744142,81,0.012345679012345734,0.7692307692307693
Starbucks,"Bakery,Coffee Shop,Counter Service,Dessert,Snacks,Tea House",Boston,False,False,42.352328,Starbucks,-71.056263,2.0,722515,0.02404141081,0.001659348073,2111.0,2764.0,4116.0,MA,1 Financial Ctr,Snack and Nonalcoholic Beverage Bars,Restaurants and Other Eating Places,109,3477,154,324,50,4114.0,14,0.2170409737699297,133.2258064516129,180.0,31.88963799491004,0.8451628585318425,0.026494895478852698,0.012153621779290228,0.0374331550802139,0.07875546912980068,0.5176956733106466,0.09726063012597792,0.8549911072728349,66,0.19753086419753085,0.862826122184411
,"American Food,Bar or Pub,Late Night",Boston,False,False,42.347962,Dillon's,-71.085932,17.0,722511,0.000632984395,4.372400208e-05,2115.0,93.0,108.0,MA,955 Boylston St,Full-Service Restaurants,Restaurants and Other Eating Places,10,80,5,0,12,107.0,12,0.2608695652173913,3.4193548387096775,5.0,0.7523808896574582,0.7476635514018691,0.09345794392523364,0.11214953271028037,0.04672897196261682,0.0,0.48598130841121495,0.00252901273960623,0.997367603489747,75,0.0864197530864198,0.8099688473520249
,,Boston,True,False,42.349711,Back Bay Restaurant Group,-71.084588,5.0,722511,0.00073886041,5.095413472e-05,2115.0,100.0,125.0,MA,284 Newbury St,Full-Service Restaurants,Restaurants and Other Eating Places,12,100,0,12,0,124.0,13,0.26635514018691586,3.838709677419355,8.0,3.293167650420688,0.8064516129032258,0.0967741935483871,0.0,0.0,0.0967741935483871,0.5225806451612903,0.0029308185019735755,0.9857497427575388,75,0.0864197530864198,0.8709677419354839
,Sushi,Boston,False,False,42.360296,Ueno Sushi,-71.054443,2.0,722511,0.0006843722203,4.693134192e-05,2109.0,116.0,116.0,MA,1 Faneuil Hall Market Pl,Full-Service Restaurants,Restaurants and Other Eating Places,6,103,0,0,6,115.0,13,0.029940119760479042,3.870967741935484,8.0,1.7733135647593228,0.8956521739130435,0.05217391304347826,0.05217391304347826,0.0,0.0,0.5582608695652174,0.002718097804249687,0.9926993433195266,47,0.4320987654320988,0.9304347826086956
Boloco,"Breakfast,Catering,Counter Service,Dinner,Lunch,Mexican Food",Boston,False,False,42.346918,Boloco,-71.088078,81.0,722513,0.0002292341997,1.563799548e-05,2215.0,24.0,40.0,MA,1080 Boylston St,Limited-Service Restaurants,Restaurants and Other Eating Places,1,26,5,4,2,38.0,18,0.6041666666666666,1.2903225806451613,7.0,2.2603674892070775,0.6842105263157895,0.02631578947368421,0.05263157894736842,0.13157894736842105,0.10526315789473684,0.42105263157894735,0.0009217896901368503,0.9904722675370592,74,0.09876543209876543,0.7017543859649122
Five Guys,"Burgers,Counter Service,Dinner,Lunch",Boston,False,False,42.350657,Five Guys,-71.131343,2.0,722513,0.001695223755,0.0001183332239,2134.0,206.0,292.0,MA,1223 Commonwealth Ave,Limited-Service Restaurants,Restaurants and Other Eating Places,13,261,11,0,5,290.0,18,0.4340175953079179,9.225806451612904,22.0,6.533830953604551,0.9,0.04482758620689655,0.017241379310344827,0.03793103448275862,0.0,0.5579310344827586,0.0068779692264057295,0.970931665334521,23,0.7283950617283951,0.9298850574712644
Caffè Nero,"Breakfast,Casual Dining,Coffee Shop,Drinks,Healthy Food,Pastries,Snacks",Boston,False,False,42.343625,Caffè Nero,-71.086627,1.0,722515,0.0001182958862,8.196076678e-06,2115.0,16.0,20.0,MA,114 New Edgerly Rd,Snack and Nonalcoholic Beverage Bars,Restaurants and Other Eating Places,1,16,0,0,1,18.0,10,0.5,0.6451612903225806,2.0,0.5417050201208602,0.8888888888888888,0.05555555555555555,0.05555555555555555,0.0,0.0,0.5555555555555556,0.00044907702852820913,0.9983309282951619,75,0.0864197530864198,0.925925925925926
,Italian Food,Boston,False,False,42.349118,Faccia a Faccia,-71.083602,189.0,722511,0.0005655317346,3.908343798e-05,2116.0,32.0,96.0,MA,276 Newbury St,Full-Service Restaurants,Restaurants and Other Eating Places,3,26,28,33,3,93.0,13,0.21621621621621623,3.096774193548387,5.0,0.9282254561250425,0.27956989247311825,0.03225806451612903,0.03225806451612903,0.3010752688172043,0.3548387096774194,0.18064516129032257,0.0022453851426410456,0.9965635463703993,81,0.012345679012345734,0.3010752688172043
,"Latin American Food,Peruvian Food",Boston,False,False,42.379799,Pollos A La Brasa El Chalan,-71.027032,61.0,722511,0.0005239749522,3.636980924e-05,2128.0,60.0,89.0,MA,405 Chelsea St,Full-Service Restaurants,Restaurants and Other Eating Places,12,30,15,16,13,86.0,16,0.3153153153153153,2.903225806451613,5.0,0.8927969356837449,0.3488372093023256,0.13953488372093023,0.1511627906976744,0.1744186046511628,0.18604651162790697,0.2651162790697674,0.0020799357110780213,0.9967255448595255,52,0.37037037037037035,0.4418604651162791
,Hawaiian Food,Boston,False,False,42.341154,Poke Station and Kitchen,-71.087673,1.0,722513,0.001310051885,9.124559614e-05,2115.0,174.0,223.0,MA,313 Huntington Ave,Limited-Service Restaurants,Restaurants and Other Eating Places,6,209,6,0,0,221.0,16,0.23880597014925373,7.129032258064516,11.0,1.8270712591621028,0.9457013574660633,0.027149321266968326,0.0,0.027149321266968326,0.0,0.5782805429864253,0.005247110543855917,0.9924535338653446,75,0.0864197530864198,0.9638009049773755
,Cafeteria,Boston,True,False,42.353302,Harbor Cafe,-71.045252,9.0,722513,0.004573761728,0.0003166294161,2210.0,495.0,781.0,MA,1 Courthouse Way,Limited-Service Restaurants,Restaurants and Other Eating Places,28,562,78,83,28,779.0,9,0.2447833065810594,24.774193548387096,31.0,3.179670072348802,0.7214377406931964,0.03594351732991014,0.03594351732991014,0.10012836970474968,0.10654685494223363,0.4472400513478819,0.018435793802737008,0.9862687154930099,82,0.0,0.7454000855798032
Starbucks,"Bakery,Coffee Shop,Counter Service,Dessert,Snacks,Tea House",Boston,True,False,42.33719,Starbucks,-71.105562,1.0,722515,2.329351202e-05,1.472955642e-06,2115.0,3.0,4.0,MA,300 Longwood Ave,Snack and Nonalcoholic Beverage Bars,Restaurants and Other Eating Places,0,3,0,0,0,3.0,11,0.5,0.0967741935483871,1.0,0.29565004483586066,1.0,0.0,0.0,0.0,0.0,0.6,7.090689924129617e-05,0.9994560256388167,75,0.0864197530864198,1.0
Dunkin',"Coffee Shop,Counter Service,Dessert,Donut Shop,Snacks",Boston,False,False,42.340143,Dunkin',-71.102915,1.0,722515,0.002506917951,0.0001739530243,2115.0,275.0,428.0,MA,400 Fenway Emmanuel College,Snack and Nonalcoholic Beverage Bars,Restaurants and Other Eating Places,13,376,10,16,10,425.0,11,0.16102841677943167,13.67741935483871,25.0,3.4769944081726822,0.8847058823529412,0.03058823529411765,0.023529411764705882,0.023529411764705882,0.03764705882352941,0.5430588235294117,0.01009241532534449,0.984909186712696,75,0.0864197530864198,0.9050980392156862
,"Chicken Wings,Pizza,Sandwich Shop",Boston,False,False,42.361,Cafe Podima,-71.064871,10.0,722511,0.0003463223419,2.296786104e-05,2114.0,51.0,59.0,MA,156 Cambridge St,Full-Service Restaurants,Restaurants and Other Eating Places,16,42,0,0,0,58.0,16,0.24489795918367346,1.903225806451613,5.0,1.923619550435558,0.7241379310344828,0.27586206896551724,0.0,0.0,0.0,0.5448275862068965,0.0013708667186650594,0.9920120624993608,52,0.37037037037037035,0.9080459770114943
,Seafood,Boston,False,False,42.338952,Wong Trading,-71.046111,1.0,722511,0.001454840755,0.0001007406471,2127.0,216.0,248.0,MA,333 W 1st St,Full-Service Restaurants,Restaurants and Other Eating Places,0,248,0,0,0,248.0,14,0.012987012987012988,7.935483870967742,11.0,1.9165742938726387,1.0,0.0,0.0,0.0,0.0,0.6,0.005838001370866719,0.9920442772490733,38,0.5432098765432098,1.0
,"BBQ and Southern Food,Chinese Food",Boston,False,False,42.353126,Mala Restaurant,-71.131143,7.0,722511,0.0006279398541,4.356473949e-05,2134.0,101.0,107.0,MA,129 Brighton Ave,Full-Service Restaurants,Restaurants and Other Eating Places,5,78,16,0,5,104.0,15,0.3128834355828221,3.4193548387096775,5.0,0.6103512234975645,0.75,0.04807692307692308,0.04807692307692308,0.15384615384615385,0.0,0.4692307692307692,0.002505377106525798,0.9980170404699649,23,0.7283950617283951,0.7820512820512819
,"American Food,Pizza",Boston,False,False,42.336898,Down At The Rink,-71.023928,48.0,722511,0.002008888272,0.0001394882315,2127.0,260.0,343.0,MA,1880 William J Day Blvd,Full-Service Restaurants,Restaurants and Other Eating Places,16,188,82,0,55,341.0,12,0.37303370786516854,10.903225806451612,15.0,2.7632944189473623,0.5513196480938416,0.0469208211143695,0.16129032258064516,0.2404692082111437,0.0,0.3495601173020527,0.008083386513507764,0.988172611730271,38,0.5432098765432098,0.5826001955034212
,Cafe,Boston,False,False,42.346755,Palm Cafe,-71.080975,3.0,722513,0.0005521997014,3.830599083e-05,2199.0,79.0,94.0,MA,800 Boylston St,Limited-Service Restaurants,Restaurants and Other Eating Places,7,78,2,2,2,91.0,13,0.11842105263157894,3.129032258064516,4.0,0.6086439440036521,0.8571428571428571,0.07692307692307693,0.02197802197802198,0.02197802197802198,0.02197802197802198,0.545054945054945,0.0021981138764801816,0.9980248470815616,8,0.9135802469135803,0.9084249084249084
,"Bar or Pub,Pizza",Boston,False,False,42.365114,Locale,-71.053397,1.0,722511,0.0004847089155,3.271989712e-05,2113.0,67.0,84.0,MA,352 Hanover St,Full-Service Restaurants,Restaurants and Other Eating Places,0,72,5,0,5,82.0,19,0.9629629629629629,2.5806451612903225,5.0,1.661212024462417,0.8780487804878049,0.0,0.06097560975609756,0.06097560975609756,0.0,0.526829268292683,0.001961757545675861,0.993211932610036,40,0.5185185185185186,0.878048780487805
,"Noodles,Seafood,Thai Food",Boston,False,False,42.350906,Thai Basil Restaurant,-71.076669,15.0,722511,0.002209411783,0.0001524161814,2116.0,281.0,376.0,MA,132 Newbury St,Full-Service Restaurants,Restaurants and Other Eating Places,37,256,32,5,43,373.0,13,0.30994152046783624,12.161290322580646,19.0,2.829530614140437,0.6863270777479893,0.09919571045576407,0.11528150134048257,0.08579088471849866,0.013404825737265416,0.4514745308310992,0.008863362405162022,0.9878697437749322,81,0.012345679012345734,0.7524575513851653
,"American Food,Bar or Pub,Late Night,Sports Bar",Boston,False,False,42.348991,Tony C's Sports Bar & Grill,-71.03857,11.0,722511,0.000900297949,6.217494644e-05,2210.0,149.0,153.0,MA,250 Northern Ave,Full-Service Restaurants,Restaurants and Other Eating Places,13,115,17,3,3,151.0,19,0.5693950177935944,4.935483870967742,9.0,1.4353932555669027,0.7615894039735099,0.08609271523178808,0.019867549668874173,0.11258278145695365,0.019867549668874173,0.4913907284768212,0.003592616228225673,0.9942444989978422,82,0.0,0.8189845474613687
,"American Food,Bar or Pub,Irish Pub,Late Night",Boston,False,False,42.359468,The Black Rose,-71.053801,1.0,722511,0.001356637482,9.398386875e-05,2109.0,210.0,231.0,MA,160 State St,Full-Service Restaurants,Restaurants and Other Eating Places,6,210,2,4,8,230.0,19,0.22972972972972974,7.516129032258065,11.0,1.411267280917894,0.9130434782608695,0.02608695652173913,0.034782608695652174,0.008695652173913044,0.017391304347826087,0.5582608695652174,0.005436195608499374,0.994354816092464,47,0.4320987654320988,0.9304347826086956
,"Sandwich Shop,Seafood",Boston,False,False,42.364672,Cusser's,-71.062451,14.0,722511,0.001647872245,0.0001144361274,2114.0,255.0,282.0,MA,80 Causeway St,Full-Service Restaurants,Restaurants and Other Eating Places,6,222,25,4,22,279.0,17,0.34793187347931875,9.0,17.0,2.3000701251581788,0.7956989247311828,0.021505376344086023,0.07885304659498207,0.08960573476702509,0.014336917562724014,0.48602150537634403,0.006641612895601409,0.9902907254642239,52,0.37037037037037035,0.8100358422939068
,"Asian Food,Japanese Food,Thai Food",Boston,True,False,42.34425,Thazia,-71.031122,66.0,722511,0.004564402762,0.0003195547684,2210.0,314.0,778.0,MA,21 Drydock Ave,Full-Service Restaurants,Restaurants and Other Eating Places,51,332,123,155,116,777.0,8,0.12127107652399481,25.032258064516128,47.0,9.299614528840193,0.4272844272844273,0.06563706563706563,0.1492921492921493,0.1583011583011583,0.1994851994851995,0.2826254826254826,0.01836488690349571,0.9582849966377491,82,0.0,0.471042471042471
,"Mediterranean Food,Middle Eastern Food,Sandwich Shop",Boston,False,False,42.35093,Miznon,-71.044961,5.0,722513,0.003420457986,0.0002380356074,2210.0,413.0,584.0,MA,107 Seaport Blvd,Limited-Service Restaurants,Restaurants and Other Eating Places,27,416,65,50,23,581.0,14,0.36507936507936506,19.161290322580644,35.0,5.8974941326588075,0.7160068846815835,0.04647160068846816,0.039586919104991396,0.11187607573149742,0.08605851979345955,0.4481927710843373,0.01377957408589189,0.9738413438162772,82,0.0,0.7469879518072289
Potbelly Sandwich Works,"Breakfast,Catering,Counter Service,Dinner,Lunch,Sandwich Shop",Boston,True,False,42.367356,Potbelly Sandwich Works,-71.015582,31.0,722513,0.04779196789,0.003310607175,2128.0,5520.0,8145.0,MA,100 Harborside Dr,Limited-Service Restaurants,Restaurants and Other Eating Places,1073,3833,1289,936,1012,8143.0,9,0.23426676492262344,261.258064516129,352.0,32.92706283927621,0.47071104015719023,0.13176961807687584,0.1242785214294486,0.15829546850055262,0.1149453518359327,0.33513447132506446,0.1924885958070387,0.8502474359234303,52,0.37037037037037035,0.5585574522084408
,"Coffee Shop,Sandwich Shop,Smoothie & Juice Bar",Boston,False,False,42.371103,Toasted Flats,-71.037038,1.0,722515,0.0006306066479,4.331535888e-05,2128.0,82.0,107.0,MA,53 Chelsea St,Snack and Nonalcoholic Beverage Bars,Restaurants and Other Eating Places,3,99,0,0,3,105.0,14,0.224,3.3548387096774195,5.0,1.514412205716839,0.9428571428571428,0.02857142857142857,0.02857142857142857,0.0,0.0,0.5771428571428572,0.002505377106525798,0.993883181325606,52,0.37037037037037035,0.961904761904762
,"Coffee Shop,Smoothie & Juice Bar,Soup",Boston,False,False,42.345049,Revolution Health Kitchen,-71.081683,1.0,722515,0.001033417949,7.139505182e-05,2115.0,160.0,176.0,MA,150 Huntington Ave,Snack and Nonalcoholic Beverage Bars,Restaurants and Other Eating Places,0,176,0,0,0,176.0,12,0.3188976377952756,5.709677419354839,8.0,1.0532146914396456,1.0,0.0,0.0,0.0,0.0,0.6,0.004136235789075611,0.9959920275198862,75,0.0864197530864198,1.0
,"Bar or Pub,Italian Food,Late Night,Seafood,Wine Bar",Boston,False,False,42.363424,Vinoteca di Monica,-71.054204,1.0,722511,0.0007782843879,5.305755043e-05,2109.0,126.0,133.0,MA,143 Richmond St,Full-Service Restaurants,Restaurants and Other Eating Places,0,133,0,0,0,133.0,18,0.38596491228070173,4.096774193548387,7.0,2.3466494812223497,1.0,0.0,0.0,0.0,0.0,0.6,0.0031199035666170318,0.9900777392821065,47,0.4320987654320988,1.0
,"Italian Food,Seafood",Boston,False,False,42.363269,Mare,-71.054109,1.0,722511,0.01212778981,0.0008365541822,2109.0,1651.0,2049.0,MA,135 Richmond St,Full-Service Restaurants,Restaurants and Other Eating Places,86,1779,82,43,56,2046.0,16,0.32592592592592595,67.29032258064517,149.0,27.230430734023614,0.8695014662756598,0.042033235581622676,0.02737047898338221,0.04007820136852395,0.021016617790811338,0.538514173998045,0.048405776548724855,0.8762955401813297,47,0.4320987654320988,0.8975236233300751
,"American Food,Burgers,Sandwich Shop",Boston,True,False,42.353716,Kingston Grille & Bar,-71.059286,2.0,722511,0.02187919036,0.001518582386,2111.0,2335.0,3730.0,MA,25 Kingston St,Full-Service Restaurants,Restaurants and Other Eating Places,106,2929,162,427,104,3728.0,15,0.25711763407636284,118.70967741935483,160.0,15.492336395544601,0.785675965665236,0.028433476394849784,0.027896995708154508,0.04345493562231759,0.11453862660944206,0.48277896995708147,0.08813727575693114,0.9299684998298625,66,0.19753086419753085,0.8046316165951358
,"American Food,Bar or Pub,French Food,Late Night",Boston,False,False,42.349534,Deuxave,-71.089123,137.0,722511,0.002110156934,0.000146874981,2115.0,251.0,359.0,MA,371 Commonwealth Ave,Full-Service Restaurants,Restaurants and Other Eating Places,4,258,33,59,2,356.0,12,0.09386733416770963,11.612903225806452,16.0,1.772139573525209,0.7247191011235955,0.011235955056179775,0.0056179775280898875,0.09269662921348315,0.16573033707865167,0.4393258426966292,0.008461556642794677,0.9927047114467813,75,0.0864197530864198,0.7322097378277154
,,Boston,False,False,42.346753,Fenway Ticket King,-71.098599,3.0,722511,0.002065676974,0.0001436127314,2215.0,299.0,352.0,MA,4 Jersey St,Full-Service Restaurants,Restaurants and Other Eating Places,7,296,33,7,7,350.0,14,0.17685589519650655,11.419354838709678,18.0,2.574993812061304,0.8457142857142858,0.02,0.02,0.09428571428571429,0.02,0.5154285714285715,0.008296107211231652,0.9890336246497241,74,0.09876543209876543,0.8590476190476192
Au Bon Pain,"Bakery,Breakfast,Brunch,Catering,Coffee Shop,Counter Service,Dessert,Lunch,Pastries,Salad,Sandwich Shop,Snacks",Boston,False,False,42.351698,Au Bon Pain,-71.055206,1.0,722513,0.001499909828,0.0001035035945,2210.0,241.0,258.0,MA,640 Atlantic Ave,Limited-Service Restaurants,Restaurants and Other Eating Places,6,247,3,0,0,256.0,16,0.27540106951871657,8.03225806451613,14.0,3.649868499334594,0.96484375,0.0234375,0.0,0.01171875,0.0,0.58828125,0.006074357701671039,0.9841187122241077,82,0.0,0.98046875
,Asian Food,Boston,False,False,42.35127,Bon Me Fort Point,-71.050152,1.0,722511,0.001433081345,9.915542673e-05,2210.0,212.0,244.0,MA,313 Congress St,Full-Service Restaurants,Restaurants and Other Eating Places,4,212,18,4,4,242.0,15,0.10559006211180125,7.774193548387097,11.0,1.5389497344356853,0.8760330578512396,0.01652892561983471,0.01652892561983471,0.0743801652892562,0.01652892561983471,0.5322314049586777,0.00574345883854499,0.9937709823816527,82,0.0,0.8870523415977962
,,Boston,False,False,42.359067,Bay Tower,-71.056447,63.0,722511,0.006814588258,0.0004697161214,2109.0,647.0,1167.0,MA,60 State St Ste 33,Full-Service Restaurants,Restaurants and Other Eating Places,52,767,94,241,10,1164.0,13,0.109402460456942,36.903225806451616,54.0,10.49225471235861,0.6589347079037801,0.044673539518900345,0.00859106529209622,0.08075601374570447,0.20704467353951891,0.41323024054982815,0.02755914817178378,0.95283159623055,47,0.4320987654320988,0.688717067583047
Poke Works,"Catering,Counter Service,Dinner,Hawaiian Food,Lunch",Boston,False,False,42.338459,Poke Works,-71.108078,33.0,722513,0.003040543064,0.0002108626588,2215.0,414.0,518.0,MA,433 Brookline Ave,Limited-Service Restaurants,Restaurants and Other Eating Places,25,388,38,12,51,514.0,14,0.19300361881785283,16.516129032258064,20.0,2.2269749153668656,0.754863813229572,0.048638132295719845,0.09922178988326848,0.07392996108949416,0.023346303501945526,0.47237354085603106,0.012219622302583374,0.990624956569589,74,0.09876543209876543,0.7872892347600517
,"Salad,Sandwich Shop",Boston,False,False,42.352018,Al's South Street Cafe,-71.05742,2.0,722513,0.02404141081,0.001659348073,2111.0,2764.0,4116.0,MA,179 Essex St,Limited-Service Restaurants,Restaurants and Other Eating Places,109,3477,154,324,50,4114.0,14,0.2170409737699297,133.2258064516129,180.0,31.88963799491004,0.8451628585318425,0.026494895478852698,0.012153621779290228,0.0374331550802139,0.07875546912980068,0.5176956733106466,0.09726063012597792,0.8549911072728349,66,0.19753086419753085,0.862826122184411
,Indian Food,Boston,False,False,42.37514,Desai Daba,-71.038577,128.0,722511,0.0005071856879,3.472501837e-05,2128.0,76.0,86.0,MA,Central Sq,Full-Service Restaurants,Restaurants and Other Eating Places,0,70,10,5,0,85.0,0,0.11180124223602485,2.774193548387097,5.0,1.430309630799701,0.8235294117647058,0.0,0.0,0.11764705882352941,0.058823529411764705,0.4941176470588235,0.002009028811836725,0.9942677440987189,52,0.37037037037037035,0.8235294117647058
,"American Food,Bar or Pub,Late Night",Boston,True,False,42.361195,Saus,-71.05673,7.0,722511,0.0005215935317,3.665722981e-05,2108.0,87.0,87.0,MA,33 Union St,Full-Service Restaurants,Restaurants and Other Eating Places,0,87,0,0,0,87.0,15,0.2184873949579832,2.7419354838709675,7.0,2.9942713253863977,1.0,0.0,0.0,0.0,0.0,0.6,0.002032664444917157,0.9871164595285967,31,0.6296296296296297,1.0
,"Japanese Food,Korean Food,Sushi",Boston,False,False,42.361007,Seoul Boston,-71.064739,14.0,722511,0.0007919750776,5.485831912e-05,2114.0,126.0,135.0,MA,156 Cambridge St,Full-Service Restaurants,Restaurants and Other Eating Places,9,116,3,6,0,134.0,13,0.4581005586592179,4.32258064516129,7.0,1.0891576139441377,0.8656716417910447,0.06716417910447761,0.0,0.022388059701492536,0.04477611940298507,0.5462686567164179,0.003167174832777896,0.9958276769043941,52,0.37037037037037035,0.9104477611940298
Starbucks,"Bakery,Coffee Shop,Counter Service,Dessert,Snacks,Tea House",Boston,False,False,42.35808,Starbucks,-71.057742,1.0,722515,0.002979323968,0.0002066938895,2108.0,373.0,508.0,MA,240 Washington St,Snack and Nonalcoholic Beverage Bars,Restaurants and Other Eating Places,0,440,33,0,33,506.0,13,0.17342657342657342,15.838709677419354,26.0,7.754693788565896,0.8695652173913043,0.0,0.06521739130434782,0.06521739130434782,0.0,0.5217391304347826,0.011983265971779055,0.9653492155954295,31,0.6296296296296297,0.8695652173913043
sweetgreen,"Counter Service,Dinner,Healthy Food,Lunch,Salad,Vegetarian Food",Boston,False,False,42.357655,sweetgreen,-71.058648,1.0,722513,0.0008808909598,6.103923964e-05,2108.0,142.0,150.0,MA,13 School St,Limited-Service Restaurants,Restaurants and Other Eating Places,12,129,0,0,8,149.0,12,0.20918367346938777,4.838709677419355,7.0,0.7227534355615509,0.8657718120805369,0.08053691275167785,0.053691275167785234,0.0,0.0,0.5516778523489932,0.0035217093289843767,0.9975030763443965,31,0.6296296296296297,0.9194630872483222
,Coffee Shop,Boston,False,False,42.351907,Roasters Coffee & Tea Company,-71.074954,6.0,722515,0.0007306665551,5.036409426e-05,2116.0,58.0,125.0,MA,85 Newbury St,Snack and Nonalcoholic Beverage Bars,Restaurants and Other Eating Places,12,103,4,0,3,122.0,6,0.1643192488262911,4.0,7.0,1.6263951827039393,0.8442622950819673,0.09836065573770492,0.02459016393442623,0.03278688524590164,0.0,0.5459016393442623,0.0029308185019735755,0.9933711341711162,81,0.012345679012345734,0.9098360655737705
,Seafood,Boston,False,False,42.34527,Gloucester Seafood Wholesale,-71.032842,7.0,722511,0.0001812592165,1.300293572e-05,2210.0,32.0,32.0,MA,339 Northern Ave,Full-Service Restaurants,Restaurants and Other Eating Places,0,32,0,0,0,32.0,0,0.25,1.032258064516129,4.0,1.75027870532265,1.0,0.0,0.0,0.0,0.0,0.6,0.0007327046254933939,0.992804671241198,82,0.0,1.0
,"Burgers,Sandwich Shop",Boston,False,False,42.33801,Ethel and Andy's Sandwich Shop,-71.037328,1.0,722511,0.0002456639927,1.618968968e-05,2127.0,42.0,42.0,MA,134 K St,Full-Service Restaurants,Restaurants and Other Eating Places,0,42,0,0,0,42.0,18,0.2767857142857143,1.3548387096774193,5.0,1.858691650437153,1.0,0.0,0.0,0.0,0.0,0.6,0.0009690609562977144,0.9923089482165981,38,0.5432098765432098,1.0
,"Salad,Sushi,Thai Food",Boston,False,False,42.376002,Sweet Rice Thai Sushi,-71.064719,2.0,722511,0.0003884853505,2.719153833e-05,2129.0,67.0,67.0,MA,187 Main St,Full-Service Restaurants,Restaurants and Other Eating Places,0,67,0,0,0,67.0,10,0.21518987341772153,2.129032258064516,4.0,1.6212686287908467,1.0,0.0,0.0,0.0,0.0,0.6,0.0015599517833085159,0.9933945755674264,8,0.9135802469135803,1.0
,"Bar or Pub,Cocktail Lounge,Late Night,Seafood",Boston,True,False,42.349357,Atlantic Fish,-71.081219,61.0,722511,0.001033295318,7.190994391e-05,2116.0,143.0,176.0,MA,761 Boylston St,Full-Service Restaurants,Restaurants and Other Eating Places,9,117,32,6,9,173.0,16,0.37202380952380953,5.774193548387097,8.0,1.0382888348020052,0.6763005780346821,0.05202312138728324,0.05202312138728324,0.18497109826589594,0.03468208092485549,0.42658959537572255,0.004136235789075611,0.9960602766647586,81,0.012345679012345734,0.7109826589595376
,"Bar or Pub,Dessert,French Food,Late Night",Boston,False,False,42.351862,Bistro du Midi,-71.069414,1.0,722511,0.001487472333,0.0001032130785,2116.0,177.0,253.0,MA,272 Boylston St,Full-Service Restaurants,Restaurants and Other Eating Places,6,200,29,0,16,251.0,15,0.2864864864864865,8.096774193548388,14.0,1.820223997376243,0.796812749003984,0.02390438247011952,0.06374501992031872,0.11553784860557768,0.0,0.4876494023904382,0.005956179536268879,0.9924848432751123,81,0.012345679012345734,0.8127490039840637
,"Brunch,Coffee Shop,Sandwich Shop",Boston,False,False,42.351694,Melting Sun,-71.055003,13.0,722513,0.0387317759,0.002684964792,2110.0,3470.0,6617.0,MA,700 Atlantic Ave,Limited-Service Restaurants,Restaurants and Other Eating Places,693,4205,382,930,405,6615.0,16,0.24534490055014813,211.09677419354838,251.0,25.570086907026386,0.63567649281935,0.10476190476190476,0.061224489795918366,0.05774754346182918,0.14058956916099774,0.4233106575963719,0.1563733484601385,0.8838875363486275,46,0.4444444444444444,0.7055177626606198
,"American Food,Bar or Pub,Brunch,Late Night",Boston,True,False,42.34445,The Beehive,-71.071473,23.0,722511,0.0008044685003,5.663222827e-05,2116.0,115.0,137.0,MA,541 Tremont St,Full-Service Restaurants,Restaurants and Other Eating Places,19,82,9,9,15,134.0,21,0.6390532544378699,4.354838709677419,9.0,2.6463412002572495,0.6119402985074627,0.1417910447761194,0.11194029850746269,0.06716417910447761,0.06716417910447761,0.4238805970149253,0.00321444609893876,0.9887073855365219,81,0.012345679012345734,0.7064676616915422
,American Food,Boston,False,False,42.349297,Eva Boston,-71.084424,1.0,722511,0.0009018136258,6.270530961e-05,2115.0,152.0,152.0,MA,279A Newbury St,Full-Service Restaurants,Restaurants and Other Eating Places,0,133,19,0,0,152.0,21,0.5736040609137056,4.838709677419355,9.0,2.974046599126738,0.875,0.0,0.0,0.125,0.0,0.525,0.003568980595145241,0.98720893799104,75,0.0864197530864198,0.8750000000000001
,"American Food,Bar or Pub,Late Night,Pizza",Boston,False,False,42.358314,Coogan's,-71.053288,1.0,722511,0.001144559263,7.895237828e-05,2109.0,179.0,195.0,MA,171 Milk St,Full-Service Restaurants,Restaurants and Other Eating Places,0,168,21,5,0,194.0,12,0.2931726907630522,6.129032258064516,10.0,1.4310369685689572,0.865979381443299,0.0,0.0,0.10824742268041238,0.02577319587628866,0.5195876288659794,0.004585312817603819,0.9942644183143441,47,0.4320987654320988,0.8659793814432991
sweetgreen,"Counter Service,Dinner,Healthy Food,Lunch,Salad,Vegetarian Food",Boston,False,False,42.344957,sweetgreen,-71.100712,1.0,722513,3.975258663e-05,2.757495732e-06,2215.0,6.0,7.0,MA,132 Brookline Ave,Limited-Service Restaurants,Restaurants and Other Eating Places,0,6,0,0,0,6.0,14,0.42857142857142855,0.22580645161290322,1.0,0.4181123031230877,1.0,0.0,0.0,0.0,0.0,0.6,0.00014181379848259235,0.9988960615034144,74,0.09876543209876543,1.0
,Smoothie & Juice Bar,Boston,False,False,42.330367,On Fire Nutrition,-71.052918,1.0,722515,0.0001778976473,1.272760834e-05,2127.0,30.0,30.0,MA,283 Old Colony Ave,Snack and Nonalcoholic Beverage Bars,Restaurants and Other Eating Places,0,30,0,0,0,30.0,14,0.2465753424657534,0.967741935483871,5.0,1.8575716192113505,1.0,0.0,0.0,0.0,0.0,0.6,0.0006854333593325297,0.9923140696093092,38,0.5432098765432098,1.0
,"Bakery,Cafe,Coffee Shop",Boston,False,False,42.353362,Sorelle,-71.052966,2.0,722515,0.0007897576185,5.453582409e-05,2210.0,80.0,134.0,MA,282 Congress St,Snack and Nonalcoholic Beverage Bars,Restaurants and Other Eating Places,3,121,1,5,1,131.0,12,0.17587939698492464,4.290322580645161,7.0,1.2493494665185214,0.9236641221374046,0.022900763358778626,0.007633587786259542,0.007633587786259542,0.03816793893129771,0.5633587786259542,0.0031435391996974637,0.9950951925171232,82,0.0,0.9389312977099237
Amorino Gelato,"Counter Service,Dessert,Gelato Shop,Snacks",Boston,False,False,42.349752,Amorino Gelato,-71.082789,21.0,722511,0.0006117324654,4.260692095e-05,2116.0,103.0,103.0,MA,249 Newbury St,Full-Service Restaurants,Restaurants and Other Eating Places,18,60,12,0,12,102.0,19,0.4489795918367347,3.2903225806451615,5.0,2.003119315646455,0.5882352941176471,0.17647058823529413,0.11764705882352941,0.11764705882352941,0.0,0.42352941176470593,0.00241083457420407,0.9916485462788237,81,0.012345679012345734,0.7058823529411766
,"Bar or Pub,Cocktail Lounge,Greek Food,Late Night,Mediterranean Food",Boston,False,False,42.353348,Committee,-71.04611,40.0,722511,0.0009294367547,6.457349211e-05,2210.0,65.0,158.0,MA,50 Northern Ave,Full-Service Restaurants,Restaurants and Other Eating Places,10,82,12,46,6,156.0,10,0.2359249329758713,5.096774193548387,7.0,0.8559031717046194,0.5256410256410257,0.0641025641025641,0.038461538461538464,0.07692307692307693,0.2948717948717949,0.34102564102564104,0.0037107943936278334,0.9968942432400489,82,0.0,0.5683760683760685
,"Brunch,Pizza,Sandwich Shop",Boston,False,False,42.32885,Joe's Famous Steak & Cheese,-71.083904,4.0,722511,0.0005193004259,3.599267244e-05,2119.0,70.0,88.0,MA,140 Dudley St,Full-Service Restaurants,Restaurants and Other Eating Places,11,74,1,0,0,86.0,16,0.19047619047619047,2.870967741935484,5.0,0.8324830903589636,0.8604651162790697,0.12790697674418605,0.0,0.011627906976744186,0.0,0.5674418604651162,0.0020563000779975893,0.9970013326060724,13,0.8518518518518519,0.9457364341085271
Starbucks,"Bakery,Coffee Shop,Counter Service,Dessert,Snacks,Tea House",Boston,False,False,42.348162,Starbucks,-71.087178,10.0,722515,3.51473594e-05,2.481247015e-06,2115.0,6.0,6.0,MA,350 Newbury St,Snack and Nonalcoholic Beverage Bars,Restaurants and Other Eating Places,0,5,0,0,0,5.0,8,0.16666666666666666,0.1935483870967742,1.0,0.39507899077148034,1.0,0.0,0.0,0.0,0.0,0.6,0.0001181781654021603,0.9990013823509702,75,0.0864197530864198,1.0
,"American Food,Brunch",Boston,True,False,42.350196,Stephanie's On Newbury,-71.079673,10.0,722511,0.0008035835626,5.591359316e-05,2116.0,111.0,137.0,MA,190 Newbury St,Full-Service Restaurants,Restaurants and Other Eating Places,7,113,10,5,0,135.0,13,0.0446927374301676,4.387096774193548,7.0,1.0679319585320548,0.837037037037037,0.05185185185185185,0.0,0.07407407407407407,0.037037037037037035,0.522962962962963,0.00321444609893876,0.9959247321600084,81,0.012345679012345734,0.871604938271605
,"American Food,Pizza",Boston,False,False,42.329368,A1 Grill & Pizza,-71.084444,3.0,722511,0.001004297704,6.897913059e-05,2119.0,116.0,171.0,MA,2350 Washington St,Full-Service Restaurants,Restaurants and Other Eating Places,15,147,2,1,4,169.0,12,0.29357798165137616,5.483870967741935,10.0,1.720295693673985,0.8698224852071006,0.08875739644970414,0.023668639053254437,0.011834319526627219,0.005917159763313609,0.5573964497041419,0.00401805762367345,0.9929417698986082,13,0.8518518518518519,0.9289940828402365
,"Chinese Food,Sushi",Boston,False,False,42.351703,Q Restaurant,-71.062499,2.0,722511,0.0008884293305,6.136403189e-05,2111.0,120.0,151.0,MA,660 Washington St,Full-Service Restaurants,Restaurants and Other Eating Places,3,125,5,10,6,149.0,15,0.37593984962406013,4.806451612903226,9.0,1.4462265659006384,0.8389261744966443,0.020134228187919462,0.040268456375838924,0.03355704697986577,0.06711409395973154,0.5114093959731543,0.003545344962064809,0.9941949632033907,66,0.19753086419753085,0.8523489932885905
Dig Inn,"American Food,Catering,Counter Service,Dinner,Lunch",Boston,False,False,42.350731,Dig Inn,-71.076008,1.0,722513,0.0002341353469,1.649890303e-05,2116.0,40.0,40.0,MA,557 Boylston St,Limited-Service Restaurants,Restaurants and Other Eating Places,13,26,0,0,0,39.0,7,0.09803921568627451,1.2903225806451613,5.0,1.8870278454464084,0.6666666666666666,0.3333333333333333,0.0,0.0,0.0,0.5333333333333333,0.0009217896901368503,0.9921793797016869,81,0.012345679012345734,0.888888888888889
,Coffee Shop,Boston,True,False,42.348701,Trey's Cafe,-71.077215,3.0,722515,0.0009433989008,6.556320279e-05,2116.0,121.0,160.0,MA,4 Copley Pl,Snack and Nonalcoholic Beverage Bars,Restaurants and Other Eating Places,3,143,7,3,1,157.0,18,0.2824675324675325,5.258064516129032,8.0,1.7954735548484833,0.910828025477707,0.01910828025477707,0.006369426751592357,0.044585987261146494,0.01910828025477707,0.554140127388535,0.0037580656597886973,0.9925980157769485,81,0.012345679012345734,0.9235668789808917
,"Bakery,Latin American Food",Boston,False,False,42.370128,La Sultana Bakery,-71.039242,11.0,722511,0.0005865849445,4.076475448e-05,2128.0,79.0,100.0,MA,40 Maverick Sq,Full-Service Restaurants,Restaurants and Other Eating Places,18,74,3,0,4,99.0,14,0.14218009478672985,3.161290322580645,7.0,1.080524788673821,0.7474747474747475,0.18181818181818182,0.04040404040404041,0.030303030303030304,0.0,0.5212121212121212,0.002339927674962774,0.9958671508827952,52,0.37037037037037035,0.8686868686868687
,"Fine Dining,Seafood",Boston,False,False,42.351055,Ostra,-71.067289,1.0,722511,0.001086454626,7.518464756e-05,2116.0,182.0,185.0,MA,1 Charles St S,Full-Service Restaurants,Restaurants and Other Eating Places,5,179,0,0,0,184.0,17,0.29198966408268734,5.903225806451613,10.0,1.3761760650130026,0.9728260869565217,0.02717391304347826,0.0,0.0,0.0,0.5945652173913044,0.004348956486799499,0.9945152722415602,81,0.012345679012345734,0.9909420289855074
,Mexican Food,Boston,True,False,42.365618,Naco Taco,-71.06201,13.0,722511,0.009646828688,0.0006610835494,2114.0,1232.0,1652.0,MA,80 Causeway St,Full-Service Restaurants,Restaurants and Other Eating Places,151,1126,100,158,114,1649.0,17,0.3911042944785276,52.74193548387097,115.0,24.196730973466007,0.6828380836870831,0.09157064887810794,0.06913280776228017,0.06064281382656155,0.09581564584596726,0.446331109763493,0.03902243021579333,0.8901672675792262,52,0.37037037037037035,0.7438851829391551
Regina Pizzeria,"Casual Dining,Catering,Dinner,Drinks,Italian Food,Late Night,Lunch,Pizza,Wine Bar",Boston,False,False,42.365841,Regina Pizzeria,-71.061534,8.0,722511,0.01257808429,0.0008700099354,2114.0,1638.0,2151.0,MA,90 Causeway St,Full-Service Restaurants,Restaurants and Other Eating Places,122,1575,246,143,63,2149.0,18,0.46042471042471045,69.90322580645162,108.0,19.108104746769826,0.7328990228013029,0.05677059097254537,0.029315960912052116,0.11447184737087017,0.0665425779432294,0.4624476500697999,0.05081661112292893,0.9134352378524417,52,0.37037037037037035,0.7707460834496664
,Cafe,Boston,False,False,42.349124,Rebeccas Cafe,-71.049949,99.0,722513,0.003161336705,0.0002217787576,2210.0,402.0,541.0,MA,51 Melcher St,Limited-Service Restaurants,Restaurants and Other Eating Places,23,350,55,92,19,539.0,13,0.2288801571709234,17.741935483870968,47.0,9.058831876328183,0.6493506493506493,0.04267161410018553,0.03525046382189239,0.10204081632653061,0.17068645640074212,0.4066790352504638,0.012763241863433313,0.9593859860504836,82,0.0,0.6777983920841063
Dunkin',"Coffee Shop,Counter Service,Dessert,Donut Shop,Snacks",Boston,False,False,42.337653,Dunkin',-71.090197,2.0,722515,0.004856324723,0.0003369777393,2115.0,351.0,830.0,MA,115 Forsyth St,Snack and Nonalcoholic Beverage Bars,Restaurants and Other Eating Places,42,711,42,14,18,827.0,10,0.12834224598930483,26.387096774193548,50.0,7.128667338492715,0.8597339782345829,0.05078597339782346,0.02176541717049577,0.05078597339782346,0.016928657799274487,0.5361547762998792,0.01959393982367818,0.9682117494467332,75,0.0864197530864198,0.893591293833132
,"American Food,Brunch",Boston,False,False,42.342994,Thornton's Fenway Grille,-71.099355,1.0,722511,0.0004813816677,3.373355347e-05,2215.0,82.0,82.0,MA,100 Peterborough St,Full-Service Restaurants,Restaurants and Other Eating Places,0,82,0,0,0,82.0,14,0.2777777777777778,2.6129032258064515,5.0,1.5171581956522384,1.0,0.0,0.0,0.0,0.0,0.6,0.0019144862795149968,0.9938706251642099,74,0.09876543209876543,1.0
,Caribbean Food,Boston,False,False,42.298313,R & S Jamaican Restaurant,-71.086572,19.0,722511,0.001053742065,7.297711811e-05,2124.0,117.0,179.0,MA,770 Blue Hill Ave,Full-Service Restaurants,Restaurants and Other Eating Places,3,158,13,3,0,177.0,12,0.31226765799256506,5.806451612903226,10.0,1.4683621518375538,0.8926553672316384,0.01694915254237288,0.0,0.07344632768361582,0.01694915254237288,0.5423728813559322,0.004207142688316907,0.9940937472498867,7,0.9259259259259259,0.903954802259887
,Chinese Food,Boston,False,False,42.344202,Yan's China Star,-71.065642,7.0,722511,0.01009738445,0.0006946998854,2118.0,1186.0,1720.0,MA,1102 Washington St,Full-Service Restaurants,Restaurants and Other Eating Places,165,1279,44,126,104,1718.0,13,0.23885350318471338,54.96774193548387,88.0,14.40762314119036,0.7444703143189756,0.0960419091967404,0.06053550640279395,0.025611175785797437,0.07334109429569266,0.48509895227008154,0.04062965326526271,0.9349283995420613,44,0.4691358024691358,0.8084982537834693
,"Asian Food,Fine Dining,Japanese Food,Sushi",Boston,True,False,42.348651,Uni,-71.088808,1.0,722511,0.007594788209,0.0005221545591,2215.0,1224.0,1288.0,MA,370 Commonwealth Ave,Full-Service Restaurants,Restaurants and Other Eating Places,0,1159,32,96,0,1287.0,8,0.24188790560471976,41.03225806451613,61.0,18.80885836422989,0.9005439005439005,0.0,0.0,0.024864024864024864,0.07459207459207459,0.5403263403263403,0.03041905977451606,0.9148035552770499,74,0.09876543209876543,0.9005439005439005
Wagamama,"Casual Dining,Catering,Dinner,Japanese Food,Lunch",Boston,False,False,42.347677,Wagamama,-71.081973,14.0,722511,0.02045897169,0.001413304414,2199.0,2262.0,3489.0,MA,800 Boylston St Spc,Full-Service Restaurants,Restaurants and Other Eating Places,67,2883,135,317,84,3486.0,16,0.295676732565718,111.41935483870968,157.0,17.589905817841696,0.8270223752151463,0.019219736087205966,0.024096385542168676,0.0387263339070568,0.09093516924842227,0.5039013195639702,0.08244108818454703,0.9203772701364797,8,0.9135802469135803,0.839835532606617
sweetgreen,"Counter Service,Dinner,Healthy Food,Lunch,Salad,Vegetarian Food",Boston,True,False,42.350146,sweetgreen,-71.047759,5.0,722513,0.0007379128612,5.114560211e-05,2210.0,113.0,126.0,MA,372 Congress St,Limited-Service Restaurants,Restaurants and Other Eating Places,3,106,3,9,3,124.0,13,0.05660377358490566,4.0,6.0,0.672021505032247,0.8548387096774194,0.024193548387096774,0.024193548387096774,0.024193548387096774,0.07258064516129033,0.5225806451612903,0.0029544541350540075,0.9977350503583781,82,0.0,0.8709677419354839
,Pizza,Boston,False,False,42.28159,Stefano Sub & Pizza,-71.071276,7.0,722511,9.644657107e-05,6.410488475e-06,2124.0,17.0,17.0,MA,863 Washington St,Full-Service Restaurants,Restaurants and Other Eating Places,0,17,0,0,0,17.0,22,1.0,0.5483870967741935,5.0,1.4332167671950362,1.0,0.0,0.0,0.0,0.0,0.6,0.00037817012928691293,0.9942544510879506,7,0.9259259259259259,1.0
,"American Food,Bar or Pub,Late Night",Boston,False,False,42.350147,Corner Tavern,-71.089378,1.0,722511,0.0003758301826,2.602766273e-05,2115.0,65.0,65.0,MA,421 Marlborough St,Full-Service Restaurants,Restaurants and Other Eating Places,0,65,0,0,0,65.0,1,0.26666666666666666,1.967741935483871,5.0,1.75027870532265,1.0,0.0,0.0,0.0,0.0,0.6,0.0015126805171476517,0.992804671241198,75,0.0864197530864198,1.0
,"Bar or Pub,Italian Food,Late Night,Seafood,Wine Bar",Boston,False,False,42.364317,L'Osteria,-71.055666,1.0,722511,0.0005923618637,4.100727814e-05,2113.0,84.0,101.0,MA,104 Salem St,Full-Service Restaurants,Restaurants and Other Eating Places,0,96,4,0,0,100.0,8,0.40625,3.225806451612903,5.0,0.6579380017539076,0.96,0.0,0.0,0.04,0.0,0.576,0.002363563308043206,0.9977994478049628,40,0.5185185185185186,0.96
Starbucks,"Bakery,Coffee Shop,Counter Service,Dessert,Snacks,Tea House",Boston,False,False,42.359357,Starbucks,-71.059225,1.0,722515,4.186449604e-05,2.848179382e-06,2108.0,7.0,7.0,MA,63 Court St # 65,Snack and Nonalcoholic Beverage Bars,Restaurants and Other Eating Places,0,7,0,0,0,7.0,0,0.14285714285714285,0.22580645161290322,2.0,0.489217770583971,1.0,0.0,0.0,0.0,0.0,0.6,0.00014181379848259235,0.9985709285835581,31,0.6296296296296297,1.0
,Coffee Shop,Boston,False,False,42.343917,Cuppacoffee,-71.062692,1.0,722515,5.3053806e-05,3.565993222e-06,2118.0,8.0,9.0,MA,57 Traveler St,Snack and Nonalcoholic Beverage Bars,Restaurants and Other Eating Places,0,8,0,0,0,8.0,7,0.4444444444444444,0.2903225806451613,2.0,0.5201456611805516,1.0,0.0,0.0,0.0,0.0,0.6,0.00018908506464345646,0.9984295094250356,44,0.4691358024691358,1.0
Tatte Bakery,,Boston,False,False,42.346278,Tatte Bakery,-71.086975,14.0,722515,0.005273342823,0.0003683265871,2115.0,505.0,901.0,MA,160 Massachusetts Ave,Snack and Nonalcoholic Beverage Bars,Restaurants and Other Eating Places,56,635,44,112,52,899.0,17,0.33135313531353133,29.451612903225808,71.0,11.932170420628859,0.7063403781979978,0.06229143492769744,0.05784204671857619,0.048943270300333706,0.12458286985539488,0.44872080088987765,0.021272069772388852,0.9462475174628467,75,0.0864197530864198,0.7478680014831295
Intelligentsia Coffee,"Coffee Shop,Counter Service,Snacks,Tea House",Boston,False,False,42.355835,Intelligentsia Coffee,-71.054248,25.0,722513,0.01308682536,0.0009036652843,2110.0,1299.0,2237.0,MA,225 Franklin St,Limited-Service Restaurants,Restaurants and Other Eating Places,63,1626,157,325,63,2234.0,12,0.19347426470588236,70.87096774193549,88.0,13.214708168049015,0.7278424350940018,0.02820053715308863,0.02820053715308863,0.0702775290957923,0.14547896150402864,0.4479856759176365,0.052849275567846084,0.9403830564370613,46,0.4444444444444444,0.7466427931960609
Wahlburgers,"Bar or Pub,Burgers,Casual Dining,Dinner,Drinks,Lunch,Truck or Cart",Boston,False,False,42.345115,Wahlburgers,-71.10039,6.0,722511,0.0001269010787,8.692457436e-06,2215.0,19.0,22.0,MA,132 Brookline Ave,Full-Service Restaurants,Restaurants and Other Eating Places,1,18,1,0,0,20.0,19,0.4090909090909091,0.7096774193548387,2.0,0.6812487768368669,0.9,0.05,0.0,0.05,0.0,0.56,0.0004963482946890732,0.9976928582466984,74,0.09876543209876543,0.9333333333333335
,"Bar or Pub,Cocktail Lounge,Late Night,Seafood",Boston,False,False,42.324965,The Pearl,-71.062428,318.0,722511,0.001211173827,8.461173363e-05,2125.0,112.0,206.0,MA,20B District Ave,Full-Service Restaurants,Restaurants and Other Eating Places,5,92,27,77,2,203.0,16,0.5260115606936416,6.67741935483871,14.0,2.0695503138510247,0.45320197044334976,0.024630541871921183,0.009852216748768473,0.1330049261083744,0.3793103448275862,0.2817733990147783,0.004845304781488573,0.9913447875780304,13,0.8518518518518519,0.46962233169129725
,Vietnamese Food,Boston,False,False,42.315352,Ban Toi Restaurant,-71.056868,5.0,722511,0.0007927458866,5.485252785e-05,2125.0,113.0,135.0,MA,1035 Dorchester Ave,Full-Service Restaurants,Restaurants and Other Eating Places,7,112,0,0,15,134.0,7,0.3723404255319149,4.32258064516129,7.0,1.467653311751913,0.835820895522388,0.05223880597014925,0.11194029850746269,0.0,0.0,0.5223880597014925,0.003167174832777896,0.9940969884527785,13,0.8518518518518519,0.8706467661691542
,,Boston,False,,42.316402,Parkman Memorial,-71.123406,1.0,722511,0.005478931338,0.0003779070853,2130.0,585.0,936.0,MA,48 Francis Parkman Dr,Full-Service Restaurants,Restaurants and Other Eating Places,2,886,20,20,5,933.0,9,0.23208879919273462,30.225806451612904,90.0,25.054404902028644,0.9496248660235799,0.0021436227224008574,0.0053590568060021436,0.021436227224008574,0.021436227224008574,0.5706323687031083,0.022099316930203977,0.8862455153056534,9,0.9012345679012346,0.9510539478385138
,"Bubble Tea Shop,Coffee Shop,Smoothie & Juice Bar",Boston,False,False,42.351385,Pin Ming,-71.06273,4.0,722515,0.02890950027,0.002000426898,2111.0,3099.0,4892.0,MA,5 Beach St,Snack and Nonalcoholic Beverage Bars,Restaurants and Other Eating Places,150,3763,337,496,144,4890.0,12,0.30006101281269065,160.5483870967742,237.0,60.0939257891626,0.7695296523517382,0.03067484662576687,0.029447852760736196,0.0689161554192229,0.10143149284253579,0.47398773006134964,0.1156018813963932,0.7260257439826401,66,0.19753086419753085,0.7899795501022494
,"Brunch,Mexican Food",Boston,False,False,42.333876,Yellow Door Taqueria,-71.103351,1.0,722511,1.183346082e-05,7.89193677e-07,2120.0,2.0,2.0,MA,1619 Tremont St,Full-Service Restaurants,Restaurants and Other Eating Places,0,1,0,0,0,1.0,12,0.0,0.06451612903225806,1.0,0.24567010018915833,1.0,0.0,0.0,0.0,0.0,0.6,2.3635633080432058e-05,0.9996845611638265,8,0.9135802469135803,1.0
,"American Food,Bar or Pub,Burgers,Late Night",Boston,True,False,42.364425,Porters Bar & Grill,-71.061575,1.0,722511,0.0009970288048,6.916443244e-05,2114.0,144.0,169.0,MA,173 Portland St,Full-Service Restaurants,Restaurants and Other Eating Places,8,126,8,16,8,166.0,9,0.2674698795180723,5.387096774193548,8.0,1.9290214693840069,0.7590361445783133,0.04819277108433735,0.04819277108433735,0.04819277108433735,0.0963855421686747,0.47469879518072283,0.003970786357512586,0.9919873619841507,52,0.37037037037037035,0.7911646586345381
,,Boston,True,False,42.360051,Eida's French Crepes,-71.056244,2.0,722511,0.003885656907,0.0002659996365,2109.0,617.0,658.0,MA,1 Faneuil Hall Market Pl,Full-Service Restaurants,Restaurants and Other Eating Places,64,531,35,2,23,655.0,11,0.19869281045751633,22.29032258064516,66.0,15.37948685831143,0.8106870229007633,0.09770992366412214,0.035114503816793895,0.05343511450381679,0.0030534351145038168,0.5254961832061068,0.015528610933843863,0.9304845093697088,47,0.4320987654320988,0.875826972010178
,"Bakery,Latin American Food",Boston,False,False,42.311803,Caramelo Bakery & Cafe,-71.081057,10.0,722513,0.0004629991711,3.224303063e-05,2121.0,54.0,79.0,MA,375 Blue Hill Ave,Limited-Service Restaurants,Restaurants and Other Eating Places,8,67,3,0,0,78.0,14,0.13658536585365855,2.5806451612903225,3.0,0.5549887269059759,0.8589743589743589,0.10256410256410256,0.0,0.038461538461538464,0.0,0.5564102564102563,0.0018435793802737007,0.9982701879536975,9,0.9012345679012346,0.9273504273504273
,Coffee Shop,Boston,True,False,42.363217,Coffee Central,-71.068774,47.0,722515,0.01329020281,0.0009206801629,2114.0,737.0,2294.0,MA,55 Fruit St,Snack and Nonalcoholic Beverage Bars,Restaurants and Other Eating Places,93,1317,251,546,85,2292.0,13,0.18175824175824176,71.38709677419355,118.0,30.185103588824305,0.574607329842932,0.04057591623036649,0.037085514834205933,0.10951134380453752,0.23821989528795812,0.36099476439790573,0.05419650665343071,0.862785166833037,52,0.37037037037037035,0.6016579406631762
Starbucks,"Bakery,Coffee Shop,Counter Service,Dessert,Snacks,Tea House",Boston,False,False,42.35346,Starbucks,-71.046566,16.0,722515,0.01372027402,0.000944978776,2210.0,1442.0,2351.0,MA,48A Northern Ave,Snack and Nonalcoholic Beverage Bars,Restaurants and Other Eating Places,140,1569,165,401,74,2349.0,11,0.18117427772600186,74.19354838709677,129.0,19.547162742452333,0.6679438058748404,0.05959982971477224,0.031502767134951044,0.070242656449553,0.17071094082588337,0.4246062154108131,0.05554373773901534,0.9114276255939184,82,0.0,0.7076770256846886
,"Burgers,Chicken,Smoothie & Juice Bar",Boston,False,False,42.349192,C G K Crazy Good Kitchen,-71.083275,22.0,722511,0.001391127077,9.770505283e-05,2116.0,235.0,235.0,MA,268 Newbury St,Full-Service Restaurants,Restaurants and Other Eating Places,0,176,0,0,58,234.0,19,0.47761194029850745,7.483870967741935,14.0,5.217037645043621,0.7521367521367521,0.0,0.24786324786324787,0.0,0.0,0.45128205128205123,0.005530738140821102,0.9769527614407401,81,0.012345679012345734,0.7521367521367521
sweetgreen,"Counter Service,Dinner,Healthy Food,Lunch,Salad,Vegetarian Food",Boston,False,False,42.35313,sweetgreen,-71.046644,1.0,722513,0.0009332082739,6.444842867e-05,2210.0,151.0,159.0,MA,47 Northern Ave,Limited-Service Restaurants,Restaurants and Other Eating Places,8,142,0,0,8,158.0,12,0.3193548387096774,5.064516129032258,7.0,1.2683615000862904,0.8987341772151899,0.05063291139240506,0.05063291139240506,0.0,0.0,0.5594936708860759,0.0037344300267082653,0.9950082591460756,82,0.0,0.9324894514767933
,"Bakery,Healthy Food,Vegan Food",Boston,False,False,42.362039,Jennifer Lee's Gourmet Bakery,-71.056984,8.0,722513,0.01573304295,0.001080360629,2108.0,1848.0,2685.0,MA,100 Hanover St,Limited-Service Restaurants,Restaurants and Other Eating Places,244,1985,211,100,143,2683.0,13,0.2194758784991066,85.58064516129032,126.0,29.20867546063005,0.7398434588147595,0.09094297428251957,0.05329854640327991,0.07864330972791651,0.03727171077152441,0.4802832650018636,0.06343803918787964,0.8672499279785035,31,0.6296296296296297,0.8004721083364393
,"Brunch,Coffee Shop,Sandwich Shop",Boston,False,False,42.311637,Honeycomb Cafe,-71.054051,7.0,722515,0.0001344893045,9.626891656e-06,2125.0,24.0,24.0,MA,107 Savin Hill Ave # 109,Snack and Nonalcoholic Beverage Bars,Restaurants and Other Eating Places,0,24,0,0,0,24.0,8,0.0,0.6129032258064516,5.0,1.5999479700177086,1.0,0.0,0.0,0.0,0.0,0.6,0.0005436195608499374,0.9934920652301443,13,0.8518518518518519,1.0
,Seafood,Boston,False,False,42.345449,Blacktop Stir Fry,-71.062787,22.0,722511,0.005703082802,0.0003961903503,2118.0,558.0,973.0,MA,348 Harrison Ave,Full-Service Restaurants,Restaurants and Other Eating Places,123,567,54,155,72,971.0,13,0.27087952697708795,30.903225806451612,40.0,5.555321997634209,0.583934088568486,0.1266735324407827,0.07415036045314109,0.055612770339855816,0.1596292481977343,0.40102986611740465,0.02297383535417996,0.9754059411577574,44,0.4691358024691358,0.6683831101956744
Blue Bottle Coffee,"Breakfast,Coffee Shop,Counter Service,Dessert,Lunch,Sandwich Shop,Snacks,Tea House",Boston,False,False,42.350821,Blue Bottle Coffee,-71.078788,36.0,722513,0.001703031136,0.0001173056053,2116.0,289.0,289.0,MA,163 Newbury St,Limited-Service Restaurants,Restaurants and Other Eating Places,15,212,0,15,45,287.0,8,0.25753424657534246,9.258064516129032,17.0,6.815389331342206,0.7386759581881533,0.05226480836236934,0.156794425087108,0.0,0.05226480836236934,0.4641114982578397,0.006807062327164433,0.9696442271004049,81,0.012345679012345734,0.7735191637630662
,"Chicken Wings,Pizza,Sandwich Shop",Boston,False,False,42.342329,Nicole's Pizza,-71.075136,1.0,722511,0.0001775352407,1.25819509e-05,2118.0,30.0,30.0,MA,639 Tremont St,Full-Service Restaurants,Restaurants and Other Eating Places,0,30,0,0,0,30.0,0,0.25,1.096774193548387,6.0,2.06904744655801,1.0,0.0,0.0,0.0,0.0,0.6,0.0006854333593325297,0.9913470869611456,44,0.4691358024691358,1.0
,Italian Food,Boston,False,False,42.36367,Piccolo Nido,-71.051937,1.0,722511,0.000506951882,3.50986906e-05,2113.0,75.0,86.0,MA,257 North St,Full-Service Restaurants,Restaurants and Other Eating Places,0,75,10,0,0,85.0,14,0.24782608695652175,2.7419354838709675,5.0,1.6057907696327278,0.8823529411764706,0.0,0.0,0.11764705882352941,0.0,0.5294117647058824,0.002009028811836725,0.9934653487684318,40,0.5185185185185186,0.8823529411764707
,"Salad,Smoothie & Juice Bar",Boston,False,False,42.336396,Energize,-71.149927,4.0,722515,0.001043607081,7.222207715e-05,2135.0,120.0,178.0,MA,1930 Beacon St,Snack and Nonalcoholic Beverage Bars,Restaurants and Other Eating Places,6,147,7,12,5,177.0,17,0.3356164383561644,5.741935483870968,12.0,1.8485869395992776,0.8305084745762712,0.03389830508474576,0.02824858757062147,0.03954802259887006,0.06779661016949153,0.5118644067796609,0.004183507055236475,0.9923551524573736,8,0.9135802469135803,0.8531073446327683
,"Brunch,Italian Food,Pizza",Boston,False,False,42.351529,T Anthony's Restaurant,-71.121502,1.0,722511,0.0005630565525,3.868818595e-05,2215.0,88.0,94.0,MA,1016 Commonwealth Ave,Full-Service Restaurants,Restaurants and Other Eating Places,5,76,0,0,11,92.0,16,0.19858156028368795,3.161290322580645,7.0,2.2873674711272045,0.8260869565217391,0.05434782608695652,0.11956521739130435,0.0,0.0,0.5173913043478261,0.0021981138764801816,0.9903488089160666,74,0.09876543209876543,0.8623188405797102
,"Dessert,Salad,Sandwich Shop",Boston,False,False,42.341226,Sprout,-71.087374,27.0,722513,0.000158978996,1.085711031e-05,2115.0,28.0,28.0,MA,305 Huntington Ave,Limited-Service Restaurants,Restaurants and Other Eating Places,0,22,0,0,5,27.0,18,0.26744186046511625,0.9032258064516129,4.0,1.5524141181310924,0.8148148148148148,0.0,0.18518518518518517,0.0,0.0,0.4888888888888888,0.0006381620931716656,0.9937094158869615,75,0.0864197530864198,0.8148148148148148
,Coffee Shop,Boston,False,False,42.300957,Fields Corner Cafe,-71.060131,1.0,722515,0.0005950160478,4.049498375e-05,2122.0,103.0,103.0,MA,1459 Dorchester Ave,Snack and Nonalcoholic Beverage Bars,Restaurants and Other Eating Places,0,103,0,0,0,103.0,10,0.09285714285714286,3.161290322580645,5.0,1.7615384440614255,1.0,0.0,0.0,0.0,0.0,0.6,0.00241083457420407,0.9927531855838542,9,0.9012345679012346,1.0
,"Bar or Pub,Late Night,Latin American Food",Boston,False,False,42.387111,El Kiosco Restaurant,-71.00758,15.0,722511,0.001010057842,6.974190505e-05,2128.0,78.0,172.0,MA,972 Saratoga St,Full-Service Restaurants,Restaurants and Other Eating Places,25,109,15,5,15,169.0,20,0.4074074074074074,5.451612903225806,10.0,2.029439930325913,0.6449704142011834,0.14792899408284024,0.08875739644970414,0.08875739644970414,0.029585798816568046,0.4461538461538461,0.004041693256753882,0.9915281940948253,52,0.37037037037037035,0.7435897435897436
,"Bar or Pub,Irish Food,Late Night,Music Venue,Sports Bar",Boston,True,False,42.361175,Paddy O's,-71.056767,5.0,722511,0.003492566309,0.0002316510763,2108.0,515.0,594.0,MA,33 Union St,Full-Service Restaurants,Restaurants and Other Eating Places,39,483,24,9,37,592.0,13,0.2652005174644243,19.322580645161292,124.0,20.36978644443489,0.8158783783783784,0.06587837837837837,0.0625,0.04054054054054054,0.015202702702702704,0.5158783783783784,0.014015930416696212,0.907666142043927,31,0.6296296296296297,0.8597972972972973
,"Bakery,Cafe,Coffee Shop",Boston,False,False,42.351433,Jonquils Cafe & Bakery,-71.076628,1.0,722515,0.000314469287,2.110524284e-05,2116.0,54.0,54.0,MA,125 Newbury St,Snack and Nonalcoholic Beverage Bars,Restaurants and Other Eating Places,0,54,0,0,0,54.0,10,0.0,1.7419354838709677,6.0,2.395799306790599,1.0,0.0,0.0,0.0,0.0,0.6,0.001252688553262899,0.9898529995135898,81,0.012345679012345734,1.0
,Coffee Shop,Boston,False,False,42.363557,Walk Up Coffee,-71.056068,1.0,722515,0.0006042544081,4.197646e-05,2113.0,89.0,103.0,MA,2 Stillman St,Snack and Nonalcoholic Beverage Bars,Restaurants and Other Eating Places,0,96,0,0,6,102.0,20,0.3126491646778043,3.2903225806451615,5.0,1.022127710822894,0.9411764705882353,0.0,0.058823529411764705,0.0,0.0,0.5647058823529412,0.00241083457420407,0.9961341741246181,40,0.5185185185185186,0.9411764705882353
,Truck or Cart,Boston,False,False,42.344234,America's Test Kitchen,-71.032905,400.0,722515,0.002433429178,0.0001682587232,2210.0,137.0,416.0,MA,21 Drydock Ave,Snack and Nonalcoholic Beverage Bars,Restaurants and Other Eating Places,27,156,30,182,18,413.0,8,0.010247136829415311,13.387096774193548,18.0,2.660068145559781,0.37772397094430993,0.06537530266343826,0.043583535108958835,0.07263922518159806,0.4406779661016949,0.25278450363196125,0.009808787728379304,0.988644618467177,82,0.0,0.4213075060532688
,Bubble Tea Shop,Boston,False,False,42.34681,Shinmio Tea,-71.105711,16.0,722515,0.001455187371,0.0001010360362,2215.0,240.0,248.0,MA,900 Beacon St Unit D,Snack and Nonalcoholic Beverage Bars,Restaurants and Other Eating Places,30,172,45,0,0,247.0,11,0.2396694214876033,7.935483870967742,11.0,1.4796574117651244,0.6963562753036437,0.1214574898785425,0.0,0.18218623481781376,0.0,0.46639676113360323,0.005838001370866719,0.9940420991703237,74,0.09876543209876543,0.7773279352226721
,"American Food,Brunch,Gourmet",Boston,False,False,42.335431,The Paramount,-71.037853,62.0,722511,0.000302960839,2.126703113e-05,2127.0,50.0,50.0,MA,667 E Broadway,Full-Service Restaurants,Restaurants and Other Eating Places,0,42,7,0,0,49.0,15,0.0,1.7096774193548387,5.0,1.8173633575488095,0.8571428571428571,0.0,0.0,0.14285714285714285,0.0,0.5142857142857142,0.001158146020941171,0.992497923678251,38,0.5432098765432098,0.8571428571428571
,"Bar or Pub,Cocktail Lounge,Japanese Food,Late Night,Sushi",Boston,False,False,42.345102,Fuji at Ink Block,-71.063318,3.0,722511,0.0008270206997,5.71019778e-05,2118.0,107.0,141.0,MA,352 Harrison Ave Ste B,Full-Service Restaurants,Restaurants and Other Eating Places,3,123,6,0,6,138.0,19,0.7333333333333333,4.516129032258065,7.0,0.9794984806896114,0.8913043478260869,0.021739130434782608,0.043478260869565216,0.043478260869565216,0.0,0.5434782608695651,0.0033089886312604884,0.9963290981798195,44,0.4691358024691358,0.9057971014492752
,"Mexican Food,Truck or Cart",Boston,False,False,42.352626,Rexicana Surf Cantina,-71.045868,1.0,722511,0.0009361079251,6.482285697e-05,2210.0,144.0,160.0,MA,65 Northern Ave,Full-Service Restaurants,Restaurants and Other Eating Places,0,152,5,2,0,159.0,16,0.30357142857142855,5.064516129032258,7.0,1.1621860344936659,0.9559748427672956,0.0,0.0,0.031446540880503145,0.012578616352201259,0.5735849056603773,0.0037580656597886973,0.9954937511958145,82,0.0,0.9559748427672956
,Noodles,Boston,True,False,42.350687,Sun Hing Noodle,-71.05841,159.0,722511,0.005127581266,0.0003559952448,2111.0,596.0,874.0,MA,170 Lincoln St,Full-Service Restaurants,Restaurants and Other Eating Places,15,677,29,140,10,871.0,9,0.2664700098328417,27.903225806451612,38.0,3.324928703671,0.7772675086107922,0.01722158438576349,0.011481056257175661,0.03329506314580941,0.16073478760045926,0.4732491389207807,0.02063390767921719,0.9856045139256396,66,0.19753086419753085,0.7887485648679678
,Mexican Food,Boston,False,False,42.364151,Bodega Canal,-71.059459,1.0,722511,0.002525937967,0.0001731224921,2114.0,339.0,432.0,MA,57 Canal St,Full-Service Restaurants,Restaurants and Other Eating Places,11,395,7,8,8,429.0,17,0.38306451612903225,13.806451612903226,31.0,7.141064142434821,0.9207459207459208,0.02564102564102564,0.018648018648018648,0.016317016317016316,0.018648018648018648,0.5627039627039626,0.010186957857666218,0.9681550645080567,52,0.37037037037037035,0.9378399378399377
,American Food,Boston,False,False,42.379686,Perros Paisas,-71.027108,34.0,722513,0.001799664586,0.0001248918586,2128.0,191.0,307.0,MA,350 Bennington St,Limited-Service Restaurants,Restaurants and Other Eating Places,32,181,33,27,32,305.0,18,0.4116575591985428,9.709677419354838,15.0,2.617479067754941,0.5934426229508196,0.10491803278688525,0.10491803278688525,0.10819672131147541,0.08852459016393442,0.39803278688524585,0.00723250372261221,0.9888393589240665,52,0.37037037037037035,0.6633879781420764
Subway,"Breakfast,Counter Service,Dinner,Lunch,Sandwich Shop",Boston,False,False,42.331917,Subway,-71.111824,1.0,722513,1.139686402e-05,7.892770259e-07,2115.0,2.0,2.0,MA,904 Huntington Ave,Limited-Service Restaurants,Restaurants and Other Eating Places,0,2,0,0,0,2.0,6,0.0,0.06451612903225806,1.0,0.2456701001891583,1.0,0.0,0.0,0.0,0.0,0.6,2.3635633080432058e-05,0.9996845611638265,75,0.0864197530864198,1.0
,"Deli,Salad,Sandwich Shop",Boston,False,False,42.358187,Rainbow Roller Cafe,-71.055004,31.0,722513,0.001149029096,7.888335324e-05,2109.0,187.0,203.0,MA,7 Liberty Sq,Limited-Service Restaurants,Restaurants and Other Eating Places,0,140,0,15,46,201.0,14,0.2821576763485477,6.064516129032258,14.0,6.262718588656814,0.6965174129353234,0.0,0.22885572139303484,0.0,0.07462686567164178,0.41791044776119407,0.004774397882247276,0.9721713387094705,47,0.4320987654320988,0.6965174129353234
honeygrow,"Catering,Counter Service,Dinner,Fusion Food,Lunch,Salad,Vegetarian Food",Boston,False,False,42.34453,honeygrow,-71.096866,4.0,722513,0.003561935558,0.0002451354846,2215.0,326.0,608.0,MA,1282 Boylston St,Limited-Service Restaurants,Restaurants and Other Eating Places,8,439,32,95,32,606.0,14,0.29105125977410945,19.419354838709676,33.0,3.841825788634685,0.7244224422442245,0.013201320132013201,0.052805280528052806,0.052805280528052806,0.15676567656765678,0.4399339933993399,0.01434682927982226,0.983240978961301,74,0.09876543209876543,0.7332233223322332
,"Bubble Tea Shop,Coffee Shop,Ice Cream Shop",Boston,False,False,42.35177,LimeRed Tea House,-71.124109,1.0,722515,0.0003325079886,2.380350637e-05,2215.0,56.0,56.0,MA,1092 Commonwealth Ave,Snack and Nonalcoholic Beverage Bars,Restaurants and Other Eating Places,0,56,0,0,0,56.0,0,0.25,1.935483870967742,6.0,2.327056618951153,1.0,0.0,0.0,0.0,0.0,0.6,0.0012999598194237633,0.990167328518294,74,0.09876543209876543,1.0
,"Gelato Shop,Ice Cream Shop",Boston,False,False,42.377651,Slush King,-71.031234,6.0,722515,0.000613494571,4.317787113e-05,2128.0,80.0,105.0,MA,211 Bennington St,Snack and Nonalcoholic Beverage Bars,Restaurants and Other Eating Places,18,86,0,0,0,104.0,18,0.24349442379182157,3.3548387096774195,5.0,1.5355651916660522,0.8269230769230769,0.17307692307692307,0.0,0.0,0.0,0.5653846153846154,0.0024581058403649342,0.9937864583543503,52,0.37037037037037035,0.9423076923076923
,"American Food,Bar or Pub,Late Night",Boston,False,False,42.336578,The Shannon Tavern,-71.037308,110.0,722511,0.0006094390096,4.212852095e-05,2127.0,36.0,104.0,MA,558 E 3rd St,Full-Service Restaurants,Restaurants and Other Eating Places,8,40,36,0,20,104.0,16,0.2554112554112554,3.3225806451612905,5.0,0.6419273787784645,0.38461538461538464,0.07692307692307693,0.19230769230769232,0.34615384615384615,0.0,0.26153846153846155,0.0024344702072845023,0.9978726570922737,38,0.5432098765432098,0.43589743589743596
,"Asian Food,Chicken Wings,Chinese Food",Boston,False,False,42.299573,Golden Chef,-71.060529,7.0,722511,0.0004860330612,3.292593183e-05,2122.0,84.0,84.0,MA,1495 Dorchester Ave,Full-Service Restaurants,Restaurants and Other Eating Places,0,84,0,0,0,84.0,14,0.27125506072874495,2.5806451612903225,5.0,1.5192144308795634,1.0,0.0,0.0,0.0,0.0,0.6,0.001961757545675861,0.9938612229369657,9,0.9012345679012346,1.0
,"Bar or Pub,Italian Food,Late Night",Boston,False,False,42.33601,Capo Restaurant,-71.047056,9.0,722511,0.001169652693,8.073180579e-05,2127.0,178.0,199.0,MA,443 W Broadway,Full-Service Restaurants,Restaurants and Other Eating Places,6,160,17,0,13,196.0,19,0.5733788395904437,6.387096774193548,15.0,2.4187095913749026,0.8163265306122449,0.030612244897959183,0.0663265306122449,0.08673469387755102,0.0,0.5020408163265306,0.004679855349925548,0.9897482412159845,38,0.5432098765432098,0.8367346938775511
,"American Food,Cafe,Salad,Soup",Boston,False,False,42.334391,South Bay Cafe,-71.067707,23.0,722511,0.005090132831,0.0003506839343,2118.0,599.0,878.0,MA,20 Bradston St,Full-Service Restaurants,Restaurants and Other Eating Places,27,780,27,28,14,876.0,13,0.18977384464110128,27.29032258064516,49.0,8.557937452700203,0.8904109589041096,0.030821917808219176,0.01598173515981735,0.030821917808219176,0.0319634703196347,0.5465753424657535,0.020728450211538917,0.9616763481324638,44,0.4691358024691358,0.9109589041095891
,"Lebanese Food,Mediterranean Food,Middle Eastern Food",Boston,True,False,42.343933,Anoush'ella,-71.102513,39.0,722511,0.008946200696,0.0006153001658,2215.0,982.0,1529.0,MA,401 Park Dr,Full-Service Restaurants,Restaurants and Other Eating Places,118,872,175,236,125,1526.0,12,0.20677532758069672,48.45161290322581,97.0,19.124108597699596,0.5714285714285714,0.07732634338138926,0.08191349934469201,0.11467889908256881,0.15465268676277852,0.3737876802096985,0.036115247346900185,0.9133620595306116,74,0.09876543209876543,0.6229794670161641
,Cafe,Boston,False,False,42.337076,Atrium Cafe,-71.104104,120.0,722513,0.00190928304,0.0001320586787,2115.0,158.0,326.0,MA,260 Longwood Ave,Limited-Service Restaurants,Restaurants and Other Eating Places,3,229,39,30,23,324.0,10,0.125,10.419354838709678,25.0,3.4805838734177836,0.7067901234567902,0.009259259259259259,0.07098765432098765,0.12037037037037036,0.09259259259259259,0.4277777777777778,0.007681580751140419,0.9848927737228439,75,0.0864197530864198,0.712962962962963
,"Cafeteria,Fine Dining",Boston,False,False,42.352297,Emerson College Dining Hall,-71.065667,5.0,722513,0.001753946223,0.0001217421372,2116.0,185.0,301.0,MA,120 Boylston St,Limited-Service Restaurants,Restaurants and Other Eating Places,26,211,36,26,0,299.0,13,0.15198618307426598,9.35483870967742,15.0,4.624956056263943,0.705685618729097,0.08695652173913043,0.0,0.12040133779264214,0.08695652173913043,0.45819397993311034,0.007090689924129618,0.9796600809005127,81,0.012345679012345734,0.7636566332218506
,"Coffee Shop,Sandwich Shop,Soup",Boston,False,False,42.352257,Abigail's Tea Room,-71.051236,26.0,722515,0.001357393681,9.431508687e-05,2210.0,220.0,231.0,MA,306 Congress St,Snack and Nonalcoholic Beverage Bars,Restaurants and Other Eating Places,21,130,41,2,34,228.0,13,0.04986149584487535,7.548387096774194,19.0,3.2112575134825336,0.5701754385964912,0.09210526315789473,0.14912280701754385,0.17982456140350878,0.008771929824561403,0.37894736842105264,0.005436195608499374,0.9861242805102535,82,0.0,0.6315789473684211
,"Bakery,Coffee Shop",Boston,True,False,42.356877,Sunsets Cafe,-71.057942,12.0,722515,0.007136473973,0.0004937101517,2108.0,770.0,1213.0,MA,10 Milk St,Snack and Nonalcoholic Beverage Bars,Restaurants and Other Eating Places,48,838,74,212,38,1210.0,12,0.19878658101356175,39.0,56.0,10.308155243113534,0.6925619834710743,0.03966942148760331,0.03140495867768595,0.06115702479338843,0.17520661157024794,0.4314049586776859,0.028646387293483656,0.9536733992608525,31,0.6296296296296297,0.7190082644628099
,Truck or Cart,Boston,True,False,42.358471,Tastes of Anatolia,-71.056766,1.0,722515,0.01541759128,0.001059236008,2127.0,1812.0,2638.0,MA,Congress St Ste,Snack and Nonalcoholic Beverage Bars,Restaurants and Other Eating Places,62,2129,102,301,41,2635.0,18,0.36949006050129646,84.06451612903226,150.0,27.537581925693043,0.8079696394686907,0.023529411764705882,0.01555977229601518,0.03870967741935484,0.11423149905123339,0.4941935483870967,0.06232716443309934,0.8748910776645795,38,0.5432098765432098,0.8236559139784946
,"Gourmet,Italian Food,Tapas",Boston,False,False,42.343434,Coppa Enoteca,-71.068715,1.0,722511,0.0004518414197,3.128006094e-05,2118.0,33.0,76.0,MA,253 Shawmut Ave,Full-Service Restaurants,Restaurants and Other Eating Places,0,76,0,0,0,76.0,13,0.5607476635514018,2.4193548387096775,5.0,1.6219103341905206,1.0,0.0,0.0,0.0,0.0,0.6,0.0017726724810324045,0.993391641340879,44,0.4691358024691358,1.0
,Italian Food,Boston,False,False,42.363103,Riccardo's Ristorante,-71.053662,284.0,722511,0.00139218118,9.673210845e-05,2113.0,144.0,237.0,MA,175 North St,Full-Service Restaurants,Restaurants and Other Eating Places,6,148,9,72,0,235.0,17,0.43370165745856354,7.580645161290323,13.0,1.718480077660284,0.6297872340425532,0.02553191489361702,0.0,0.03829787234042553,0.30638297872340425,0.3880851063829787,0.005578009406981966,0.9929500718837713,40,0.5185185185185186,0.6468085106382979
,"Brunch,Caribbean Food",Boston,False,False,42.315164,La Parada Dominican Kitchen,-71.098755,5.0,722511,0.0009238248515,6.395563262e-05,2119.0,116.0,157.0,MA,3094 Washington St,Full-Service Restaurants,Restaurants and Other Eating Places,20,119,0,4,12,155.0,15,0.25738396624472576,5.0,7.0,0.9837387536759294,0.7677419354838709,0.12903225806451613,0.07741935483870968,0.0,0.025806451612903226,0.512258064516129,0.0036871587605474014,0.9963097093425576,13,0.8518518518518519,0.853763440860215
,"American Food,Bar or Pub,Late Night",Boston,False,False,42.352389,Gather,-71.04515,1.0,722511,0.0008702022675,5.988465646e-05,2210.0,147.0,147.0,MA,75 Northern Ave,Full-Service Restaurants,Restaurants and Other Eating Places,0,147,0,0,0,147.0,10,0.28350515463917525,4.870967741935484,7.0,1.6212686287908467,1.0,0.0,0.0,0.0,0.0,0.6,0.0034508024297430807,0.9933945755674264,82,0.0,1.0
,American Food,Boston,False,False,42.356726,Hen Chicken Rice,-71.052238,1.0,722511,0.00250936061,0.0001740301671,2110.0,328.0,428.0,MA,190 High St,Full-Service Restaurants,Restaurants and Other Eating Places,25,365,11,7,17,425.0,16,0.17551020408163265,13.35483870967742,22.0,3.9882762635793667,0.8588235294117647,0.058823529411764705,0.04,0.02588235294117647,0.01647058823529412,0.5388235294117647,0.01009241532534449,0.9825713276358344,46,0.4444444444444444,0.8980392156862745
Yard House,"American Food,Bar or Pub,Casual Dining,Dinner,Drinks,Lunch",Boston,False,False,42.34636,Yard House,-71.078166,83.0,722511,0.004911466163,0.0003419513473,2116.0,538.0,834.0,MA,110 Huntington Ave,Full-Service Restaurants,Restaurants and Other Eating Places,32,553,86,140,21,832.0,17,0.23751783166904422,26.774193548387096,52.0,8.563650402754863,0.6646634615384616,0.038461538461538464,0.025240384615384616,0.10336538461538461,0.16826923076923078,0.41418269230769234,0.019688482355999907,0.9616502254136549,81,0.012345679012345734,0.6903044871794872
,"Italian Food,Sandwich Shop",Boston,True,False,42.349152,Harrison Cafe,-71.062604,260.0,722511,0.007866926673,0.0005465831512,2111.0,588.0,1351.0,MA,177 Harrison Ave,Full-Service Restaurants,Restaurants and Other Eating Places,32,669,128,459,61,1349.0,12,0.2462362478286045,43.16129032258065,66.0,11.957172969888902,0.49592290585618976,0.023721275018532245,0.0452186805040771,0.09488510007412898,0.3402520385470719,0.30704225352112674,0.03190810465858328,0.9461331921917382,66,0.19753086419753085,0.5117370892018779
Fogo de Chão,"Brazilian Food,Dinner,Drinks,Fine Dining,Lunch,Steak House,Wine Bar",Boston,True,False,42.348435,Fogo de Chão,-71.077052,110.0,722511,0.01146061633,0.0007912298868,2116.0,1325.0,1951.0,MA,200 Dartmouth St,Full-Service Restaurants,Restaurants and Other Eating Places,57,1360,140,347,45,1949.0,22,0.26465798045602607,62.774193548387096,92.0,11.128892004726328,0.6977937403796819,0.029245767060030785,0.023088763468445357,0.07183170856849666,0.1780400205233453,0.43037455105182143,0.04608948450684251,0.9499205438298218,81,0.012345679012345734,0.7172909184197024
,Truck or Cart,Boston,False,False,42.350868,Mobilehomeboston,-71.075622,1.0,722515,0.000835543099,5.771822426e-05,2116.0,136.0,143.0,MA,220 Clarendon St,Snack and Nonalcoholic Beverage Bars,Restaurants and Other Eating Places,11,119,2,2,6,140.0,11,0.22865853658536586,4.451612903225806,7.0,1.3158760035078152,0.85,0.07857142857142857,0.04285714285714286,0.014285714285714285,0.014285714285714285,0.5414285714285715,0.0033562598974213524,0.9947909969609776,81,0.012345679012345734,0.9023809523809525
,"Asian Food,Japanese Food,Thai Food",Boston,True,False,42.339182,Kigo Kitchen,-71.087575,12.0,722511,0.0135459585,0.0009323790837,2115.0,930.0,2331.0,MA,360 Huntington Ave,Full-Service Restaurants,Restaurants and Other Eating Places,212,1369,327,218,203,2329.0,16,0.3058792372881356,70.29032258064517,186.0,51.959161102509995,0.587805925289824,0.09102619149849721,0.08716187204808931,0.14040360669815372,0.09360240446543582,0.38909403177329327,0.0550710250774067,0.7632223181612721,75,0.0864197530864198,0.6484900529554888
,Coffee Shop,Boston,True,False,42.354197,Red Barn Coffee Roasters,-71.055641,43.0,722515,0.007971295738,0.0005445527386,2110.0,678.0,1377.0,MA,100 High St,Snack and Nonalcoholic Beverage Bars,Restaurants and Other Eating Places,79,805,172,259,60,1375.0,14,0.21787322480083132,43.03225806451613,75.0,22.620977804609346,0.5854545454545454,0.05745454545454545,0.04363636363636364,0.12509090909090909,0.18836363636363637,0.3742545454545454,0.03252263111867451,0.8973724691911131,46,0.4444444444444444,0.6237575757575757
,"Japanese Food,Sushi",Boston,False,False,42.346851,Tori Japan,-71.088582,284.0,722511,0.0007747025946,5.407522139e-05,2215.0,56.0,132.0,MA,1110 Boylston St,Full-Service Restaurants,Restaurants and Other Eating Places,9,61,13,46,3,132.0,11,0.08520900321543408,4.258064516129032,11.0,1.759173961862707,0.4621212121212121,0.06818181818181818,0.022727272727272728,0.09848484848484848,0.3484848484848485,0.3045454545454545,0.0030962679335366,0.9927639972841168,74,0.09876543209876543,0.5075757575757576
,Cafe,Boston,False,False,42.358167,Beacon Hill Books & Coffee,-71.070404,2.0,722515,0.008400642717,0.0005743880251,2114.0,1045.0,1432.0,MA,71 Charles St,Snack and Nonalcoholic Beverage Bars,Restaurants and Other Eating Places,78,1174,58,44,75,1429.0,14,0.26778711484593837,45.58064516129032,81.0,14.53976570239497,0.821553533939818,0.05458362491252624,0.052484254723582924,0.04058782365290413,0.03079076277116865,0.5147655703289012,0.03382259093809828,0.9343241717900199,52,0.37037037037037035,0.8579426172148354
,"Japanese Food,Sushi",Boston,False,False,42.335765,Moko Japanese Cuisine,-71.037561,342.0,722511,0.0006155792867,4.237991192e-05,2127.0,9.0,105.0,MA,674 E Broadway,Full-Service Restaurants,Restaurants and Other Eating Places,0,13,0,89,0,102.0,21,0.3682983682983683,3.3548387096774195,5.0,0.784872584554609,0.12745098039215685,0.0,0.0,0.0,0.8725490196078431,0.07647058823529411,0.0024581058403649342,0.9972190337663456,38,0.5432098765432098,0.12745098039215685
,"Italian Food,Pizza",Boston,False,False,42.346854,Rome Pizza & Grill,-71.06868,7.0,722511,0.0003235818076,2.1552995e-05,2116.0,56.0,56.0,MA,416 Tremont St,Full-Service Restaurants,Restaurants and Other Eating Places,0,56,0,0,0,56.0,12,0.3103448275862069,1.8064516129032258,9.0,3.104828236262185,1.0,0.0,0.0,0.0,0.0,0.6,0.0012999598194237633,0.9866109331249752,81,0.012345679012345734,1.0
,"Mexican Food,Truck or Cart",Boston,False,False,42.314143,MR Tamole,-71.103382,4.0,722511,0.001042430772,7.069744309e-05,2130.0,125.0,178.0,MA,31 Germania St,Full-Service Restaurants,Restaurants and Other Eating Places,17,142,17,0,0,176.0,14,0.25116279069767444,5.741935483870968,11.0,4.126763489596112,0.8068181818181818,0.09659090909090909,0.0,0.09659090909090909,0.0,0.5227272727272727,0.004183507055236475,0.9819380886210936,9,0.9012345679012346,0.8712121212121212
,"Ice Cream Shop,Pizza",Boston,True,False,42.315841,Boston Pizza Grill,-71.066099,16.0,722511,0.002336030736,0.0001605975855,2125.0,368.0,398.0,MA,535 Columbia Rd,Full-Service Restaurants,Restaurants and Other Eating Places,37,292,37,7,22,395.0,14,0.34057971014492755,13.0,18.0,4.173650061841514,0.739240506329114,0.09367088607594937,0.05569620253164557,0.09367088607594937,0.017721518987341773,0.48101265822784817,0.009383346332931527,0.9817236976792917,13,0.8518518518518519,0.8016877637130803
,"American Food,Salad,Seafood",Boston,True,False,42.360253,Tia's Waterfront,-71.051437,134.0,722511,0.00652812579,0.0004527406946,2110.0,779.0,1120.0,MA,200 Atlantic Ave Fl 1,Full-Service Restaurants,Restaurants and Other Eating Places,66,668,94,255,34,1117.0,20,0.30468033037626185,34.903225806451616,52.0,12.298320994005325,0.5980304386750224,0.05908683974932856,0.03043867502238138,0.08415398388540735,0.22829006266786034,0.38245299910474484,0.026448273417003475,0.9445732776430407,46,0.4444444444444444,0.6374216651745748
,Indian Food,Boston,True,False,42.338392,Chutney's,-71.106864,32.0,722513,0.01076632801,0.0007479816442,2115.0,935.0,1862.0,MA,350 Longwood Ave,Limited-Service Restaurants,Restaurants and Other Eating Places,155,1137,140,338,89,1859.0,10,0.2656759695541863,58.483870967741936,105.0,26.028360422929666,0.6116191500806886,0.08337816030123722,0.047875201721355565,0.07530930607853685,0.18181818181818182,0.400322754168908,0.04398591316268406,0.8817920602672643,75,0.0864197530864198,0.6672045902815134
,Ice Cream Shop,Boston,False,,42.360149,Joey's Gelateria,-71.054664,30.0,722515,0.004606407311,0.0003141640985,2109.0,602.0,784.0,MA,Faneuil Hall Marketplace,Snack and Nonalcoholic Beverage Bars,Restaurants and Other Eating Places,110,368,129,48,127,782.0,14,0.23996913580246915,25.258064516129032,77.0,13.680614355982994,0.47058823529411764,0.14066496163682865,0.16240409207161124,0.1649616368286445,0.061381074168797956,0.33861892583120207,0.018506700701978303,0.9382526796225722,47,0.4320987654320988,0.5643648763853368
,"Italian Food,Pizza",Boston,False,False,42.27447,Boston House of Pizza,-71.115337,6.0,722511,0.001059065024,7.324999073e-05,2131.0,119.0,181.0,MA,956 American Legion Hwy,Full-Service Restaurants,Restaurants and Other Eating Places,28,132,2,2,15,179.0,16,0.3232758620689655,5.741935483870968,8.0,1.3432685686230335,0.7374301675977654,0.1564245810055866,0.08379888268156424,0.0111731843575419,0.0111731843575419,0.5050279329608939,0.0042544139544777706,0.994665743235824,3,0.9753086419753086,0.8417132216014899
,"Mediterranean Food,Middle Eastern Food",Boston,False,False,42.354751,Aceituna Grill,-71.055702,2.0,722511,0.009610634673,0.000660944226,2110.0,883.0,1659.0,MA,100 Federal St,Full-Service Restaurants,Restaurants and Other Eating Places,68,1205,98,223,62,1656.0,8,0.17927964386887899,51.645161290322584,103.0,27.887502562394033,0.7276570048309179,0.04106280193236715,0.03743961352657005,0.059178743961352656,0.13466183574879226,0.45301932367149755,0.03918787964735636,0.8732910499537547,46,0.4444444444444444,0.7550322061191627
,Middle Eastern Food,Boston,True,False,42.338392,Sami's Wrap N Roll,-71.106875,32.0,722511,0.01076632801,0.0007479816442,2115.0,935.0,1862.0,MA,350 Longwood Ave,Full-Service Restaurants,Restaurants and Other Eating Places,155,1137,140,338,89,1859.0,10,0.2656759695541863,58.483870967741936,105.0,26.028360422929666,0.6116191500806886,0.08337816030123722,0.047875201721355565,0.07530930607853685,0.18181818181818182,0.400322754168908,0.04398591316268406,0.8817920602672643,75,0.0864197530864198,0.6672045902815134
,"American Food,Burgers",Boston,False,False,42.354554,Back Deck,-71.062257,1.0,722511,0.001446123045,0.0001007357176,2111.0,181.0,245.0,MA,2 West St,Full-Service Restaurants,Restaurants and Other Eating Places,10,196,15,11,11,243.0,19,0.3354564755838641,7.967741935483871,15.0,2.4426832280829096,0.8065843621399177,0.0411522633744856,0.04526748971193416,0.06172839506172839,0.04526748971193416,0.5004115226337449,0.005767094471625422,0.9896386206933891,66,0.19753086419753085,0.8340192043895749
,"Bar or Pub,Late Night,Pizza,Wine Bar",Boston,False,False,42.37671,The Brewer's Fork,-71.056503,24.0,722511,0.0007113655621,4.916649929e-05,2129.0,88.0,121.0,MA,7 Moulton St,Full-Service Restaurants,Restaurants and Other Eating Places,25,62,11,7,14,119.0,18,0.3076923076923077,3.806451612903226,5.0,1.0601081758164506,0.5210084033613446,0.21008403361344538,0.11764705882352941,0.09243697478991597,0.058823529411764705,0.3966386554621849,0.002836275969651847,0.9959605067552608,8,0.9135802469135803,0.6610644257703082
,,Boston,True,False,42.35425,New York Soup Exchange,-71.056623,1.0,722511,0.002066095341,0.0001442375819,2110.0,220.0,351.0,MA,133 Federal St,Full-Service Restaurants,Restaurants and Other Eating Places,3,334,3,9,0,349.0,10,0.2178649237472767,11.161290322580646,20.0,5.394721280094677,0.9570200573065902,0.008595988538681949,0.0,0.008595988538681949,0.025787965616045846,0.5776504297994268,0.008272471578151221,0.9761402950983086,46,0.4444444444444444,0.9627507163323781
,Bubble Tea Shop,Boston,False,False,42.349174,Mr Tea 茶先生,-71.083199,15.0,722515,0.0002282086327,1.614217634e-05,2116.0,38.0,38.0,MA,266 Newbury St,Snack and Nonalcoholic Beverage Bars,Restaurants and Other Eating Places,3,34,0,0,0,37.0,14,0.38333333333333336,1.3225806451612903,5.0,1.5940837549168827,0.918918918918919,0.08108108108108109,0.0,0.0,0.0,0.5837837837837838,0.0008745184239759862,0.9935188796151204,81,0.012345679012345734,0.972972972972973
,"Bakery,Donut Shop",Boston,False,False,42.361966,Union Square Donuts,-71.057513,8.0,722515,0.01573304295,0.001080360629,2108.0,1848.0,2685.0,MA,100 Hanover St,Snack and Nonalcoholic Beverage Bars,Restaurants and Other Eating Places,244,1985,211,100,143,2683.0,13,0.2194758784991066,85.58064516129032,126.0,29.20867546063005,0.7398434588147595,0.09094297428251957,0.05329854640327991,0.07864330972791651,0.03727171077152441,0.4802832650018636,0.06343803918787964,0.8672499279785035,31,0.6296296296296297,0.8004721083364393
,"Latin American Food,Spanish Food",Boston,False,False,42.377476,Rinconcito Salvadoreno,-71.039002,3.0,722511,0.0002578952826,1.746324751e-05,2128.0,37.0,44.0,MA,313 Meridian St,Full-Service Restaurants,Restaurants and Other Eating Places,7,36,0,0,0,43.0,7,0.08620689655172414,1.4193548387096775,4.0,1.540301469201719,0.8372093023255814,0.16279069767441862,0.0,0.0,0.0,0.5674418604651164,0.0010163322224585785,0.9937648015141746,52,0.37037037037037035,0.9457364341085273
,"Gourmet,Seafood",Boston,False,False,42.307994,Bobby Fish Market,-71.065408,2.0,722511,0.0004455701307,3.026495984e-05,2122.0,77.0,77.0,MA,312 Bowdoin St,Full-Service Restaurants,Restaurants and Other Eating Places,0,63,0,0,14,77.0,15,0.2840646651270208,2.3548387096774195,5.0,1.7142361620111513,0.8181818181818182,0.0,0.18181818181818182,0.0,0.0,0.4909090909090909,0.0017963081141128365,0.9929694773772713,9,0.9012345679012346,0.8181818181818182
,"Bakery,Coffee Shop,Internet Cafe",Boston,False,False,42.312895,The Atrium Cafe,-71.037151,135.0,722515,0.008404626909,0.0005809581496,2125.0,416.0,1450.0,MA,100 William T Morrissey Blvd,Snack and Nonalcoholic Beverage Bars,Restaurants and Other Eating Places,120,344,472,401,110,1447.0,12,0.1456447963800905,45.225806451612904,83.0,20.25914318065184,0.2377332411886662,0.082930200414651,0.07601935038009675,0.3261921216309606,0.27712508638562544,0.1758120248790601,0.034248032333546057,0.9081720633000667,13,0.8518518518518519,0.2930200414651002
,Chicken,Boston,False,False,42.329342,Royal Chicken,-71.084335,3.0,722511,0.001004297704,6.897913059e-05,2119.0,116.0,171.0,MA,2360 Washington St,Full-Service Restaurants,Restaurants and Other Eating Places,15,147,2,1,4,169.0,12,0.29357798165137616,5.483870967741935,10.0,1.720295693673985,0.8698224852071006,0.08875739644970414,0.023668639053254437,0.011834319526627219,0.005917159763313609,0.5573964497041419,0.00401805762367345,0.9929417698986082,13,0.8518518518518519,0.9289940828402365
,"Bakery,Coffee Shop,Sandwich Shop",Boston,False,False,42.338563,Flour Bakery Cafe,-71.074661,12.0,722515,0.0008936514288,6.13859437e-05,2118.0,113.0,153.0,MA,1595 Washington St,Snack and Nonalcoholic Beverage Bars,Restaurants and Other Eating Places,19,113,13,0,6,151.0,13,0.04727272727272727,4.935483870967742,7.0,1.4796574117651244,0.7483443708609272,0.12582781456953643,0.039735099337748346,0.08609271523178808,0.0,0.4993377483443709,0.003592616228225673,0.9940420991703237,44,0.4691358024691358,0.8322295805739515
,Indian Food,Boston,False,False,42.343142,Wow Tikka,-71.098857,7.0,722511,0.001327433658,9.196380371e-05,2215.0,184.0,226.0,MA,84 Peterborough St,Full-Service Restaurants,Restaurants and Other Eating Places,27,176,4,9,7,223.0,16,0.4517133956386293,7.161290322580645,11.0,1.7245246973707948,0.7892376681614349,0.1210762331838565,0.03139013452914798,0.017937219730941704,0.04035874439461883,0.5219730941704036,0.005318017443097213,0.992922432590675,74,0.09876543209876543,0.8699551569506727
,"Bar or Pub,Italian Food,Late Night,Pizza",Boston,True,False,42.344849,Picco Pizza & Ice Cream,-71.070469,104.0,722511,0.005214325266,0.000362962174,2116.0,481.0,888.0,MA,513 Tremont St,Full-Service Restaurants,Restaurants and Other Eating Places,47,493,179,133,33,885.0,18,0.38570618264322176,28.580645161290324,61.0,8.46157993920981,0.5570621468926553,0.05310734463276836,0.03728813559322034,0.20225988700564973,0.15028248587570622,0.3554802259887005,0.020964806542343235,0.9621169471585297,81,0.012345679012345734,0.5924670433145008
,"Salad,Sandwich Shop",Boston,True,False,42.354487,Pennypacker's,-71.055278,43.0,722511,0.007971295738,0.0005445527386,2110.0,678.0,1377.0,MA,100 High St,Full-Service Restaurants,Restaurants and Other Eating Places,79,805,172,259,60,1375.0,14,0.21787322480083132,43.03225806451613,75.0,22.620977804609346,0.5854545454545454,0.05745454545454545,0.04363636363636364,0.12509090909090909,0.18836363636363637,0.3742545454545454,0.03252263111867451,0.8973724691911131,46,0.4444444444444444,0.6237575757575757
Starbucks,"Bakery,Coffee Shop,Counter Service,Dessert,Snacks,Tea House",Boston,False,False,42.360983,Starbucks,-71.06652,8.0,722515,1.806039004e-05,1.199022445e-06,2114.0,2.0,3.0,MA,222 Cambridge St,Snack and Nonalcoholic Beverage Bars,Restaurants and Other Eating Places,0,2,0,0,0,2.0,7,0.3333333333333333,0.0967741935483871,1.0,0.29565004483586066,1.0,0.0,0.0,0.0,0.0,0.6,4.7271266160864116e-05,0.9994560256388167,52,0.37037037037037035,1.0
,Ice Cream Shop,Boston,False,False,42.322202,Ben & Jerry's,-71.062287,33.0,722515,6.004858509e-05,4.244767026e-06,2127.0,9.0,10.0,MA,Massachusetts Ave,Snack and Nonalcoholic Beverage Bars,Restaurants and Other Eating Places,0,7,1,0,0,8.0,15,0.3333333333333333,0.3225806451612903,2.0,0.5320136291119562,0.875,0.0,0.0,0.125,0.0,0.525,0.00021272069772388852,0.9983752426125937,38,0.5432098765432098,0.8750000000000001
,"Dessert,Smoothie & Juice Bar",Boston,False,False,42.353345,C Fruit Life,-71.132988,5.0,722515,0.000510899608,3.49091159e-05,2134.0,70.0,88.0,MA,171 Brighton Ave,Snack and Nonalcoholic Beverage Bars,Restaurants and Other Eating Places,0,88,0,0,0,88.0,14,0.3,2.6451612903225805,6.0,2.430297832495144,1.0,0.0,0.0,0.0,0.0,0.6,0.0020563000779975893,0.9896952534668568,23,0.7283950617283951,1.0
,"American Food,Bar or Pub,Late Night",Boston,True,False,42.348126,Capiz Lounge,-71.039331,219.0,722511,0.006993867507,0.0004821297352,2210.0,723.0,1192.0,MA,606 Congress St,Full-Service Restaurants,Restaurants and Other Eating Places,41,633,151,321,44,1190.0,15,0.29823192927717107,37.935483870967744,86.0,12.00251447814694,0.5319327731092437,0.034453781512605045,0.03697478991596639,0.126890756302521,0.26974789915966385,0.33294117647058824,0.028150038998794584,0.9459258661238977,82,0.0,0.5549019607843138
,"American Food,Bar or Pub,Cocktail Lounge,Late Night,Seafood",Boston,True,False,42.360219,Waterline,-71.050856,134.0,722511,0.00652812579,0.0004527406946,2109.0,779.0,1120.0,MA,296 State St,Full-Service Restaurants,Restaurants and Other Eating Places,66,668,94,255,34,1117.0,20,0.30468033037626185,34.903225806451616,52.0,12.298320994005325,0.5980304386750224,0.05908683974932856,0.03043867502238138,0.08415398388540735,0.22829006266786034,0.38245299910474484,0.026448273417003475,0.9445732776430407,47,0.4320987654320988,0.6374216651745748
,Brunch,Boston,False,False,42.361072,Bella Rosa,-71.070658,3.0,722511,0.05345406955,0.003687055483,2114.0,4829.0,9149.0,MA,Charles St,Full-Service Restaurants,Restaurants and Other Eating Places,271,7640,364,769,102,9146.0,15,0.2762237762237762,289.4516129032258,361.0,49.036417480623804,0.8353378526131642,0.02963043953640936,0.011152416356877323,0.039798819155915155,0.08408047233763394,0.5130548873824623,0.21621877141979248,0.7765866936686538,52,0.37037037037037035,0.8550914789707705
Dunkin',"Coffee Shop,Counter Service,Dessert,Donut Shop,Snacks",Boston,False,False,42.349348,Dunkin',-71.104668,355.0,722515,0.0257962428,0.001795715121,2215.0,1435.0,4397.0,MA,702 Commonwealth Ave,Snack and Nonalcoholic Beverage Bars,Restaurants and Other Eating Places,171,2417,214,1492,100,4394.0,13,0.2982835713255445,138.06451612903226,192.0,40.80633686073372,0.5500682749203459,0.03891670459717797,0.02275830678197542,0.0487027765134274,0.3395539371870733,0.3456076467910787,0.10390224302157933,0.8142191042012115,74,0.09876543209876543,0.5760127446517979
,Mexican Food,Boston,False,False,42.346948,Amelia's Taqueria,-71.087974,48.0,722511,0.001077700077,7.449445425e-05,2215.0,94.0,184.0,MA,1076 Boylston St,Full-Service Restaurants,Restaurants and Other Eating Places,12,106,8,38,17,181.0,16,0.20681818181818182,5.870967741935484,9.0,2.136351056748187,0.585635359116022,0.06629834254143646,0.09392265193370165,0.04419889502762431,0.20994475138121546,0.3779005524861878,0.0043253208537190665,0.9910393382031469,74,0.09876543209876543,0.6298342541436464
,,Boston,False,False,42.359484,Java Centrale,-71.054962,1.0,722511,0.001011050101,7.016650329e-05,2109.0,172.0,172.0,MA,111 State St,Full-Service Restaurants,Restaurants and Other Eating Places,0,172,0,0,0,172.0,2,0.14678899082568808,5.483870967741935,9.0,2.1682603066846533,1.0,0.0,0.0,0.0,0.0,0.6,0.004041693256753882,0.9908934317352938,47,0.4320987654320988,1.0
,Italian Food,Boston,False,False,42.364958,Strega,-71.053075,2.0,722511,0.0003582621505,2.489949954e-05,2113.0,55.0,60.0,MA,379 Hanover St,Full-Service Restaurants,Restaurants and Other Eating Places,5,54,0,0,0,59.0,14,0.28191489361702127,1.903225806451613,5.0,1.8024148444772892,0.9152542372881356,0.0847457627118644,0.0,0.0,0.0,0.5830508474576271,0.0013945023517454914,0.9925662764206772,40,0.5185185185185186,0.9717514124293786
,"BBQ and Southern Food,Catering",Boston,False,False,42.329791,M & M Ribs,-71.075126,18.0,722511,0.0007075769071,4.799724074e-05,2119.0,123.0,123.0,MA,102 Hampden St,Full-Service Restaurants,Restaurants and Other Eating Places,20,102,0,0,0,122.0,14,0.2484472049689441,3.774193548387097,7.0,2.4324377447108203,0.8360655737704918,0.16393442622950818,0.0,0.0,0.0,0.5672131147540983,0.002883547235812711,0.989685468622853,13,0.8518518518518519,0.9453551912568305
,"Healthy Food,Italian Food,Pizza",Boston,False,False,42.353581,Nebo Cucina & Enoteca,-71.052959,1.0,722511,0.02268985411,0.001563555552,2210.0,2615.0,3879.0,MA,520 Atlantic Ave,Full-Service Restaurants,Restaurants and Other Eating Places,111,3230,245,229,62,3877.0,16,0.29423303256178895,121.35483870967742,224.0,49.01648727697636,0.8331183905081249,0.028630384317771474,0.015991746195511993,0.0631931906112974,0.0590662883672943,0.5113231880319835,0.09165898508591552,0.7766778254133229,82,0.0,0.8522053133866392
,"Bakery,Salad,Sandwich Shop",Boston,False,False,42.364124,Sea Biscuit,-71.031615,11.0,722513,0.0006472664673,4.581110408e-05,2128.0,76.0,111.0,MA,256 Marginal St Ste 16,Limited-Service Restaurants,Restaurants and Other Eating Places,27,62,6,0,13,108.0,5,0.19292604501607716,3.5161290322580645,7.0,2.1978136899220417,0.5740740740740741,0.25,0.12037037037037036,0.05555555555555555,0.0,0.4444444444444444,0.0025999196388475265,0.990758297572947,52,0.37037037037037035,0.7407407407407407
Subway,"Breakfast,Counter Service,Dinner,Lunch,Sandwich Shop",Boston,False,False,42.341526,Subway,-71.083623,1.0,722513,0.0006804586921,4.62426978e-05,2115.0,110.0,118.0,MA,393 Massachusetts Ave Spc F-1,Limited-Service Restaurants,Restaurants and Other Eating Places,0,118,0,0,0,118.0,15,0.37823834196891193,3.6129032258064515,6.0,2.3647603623369364,1.0,0.0,0.0,0.0,0.0,0.6,0.002765369070410551,0.9899949264708245,75,0.0864197530864198,1.0
,"Dessert,Ice Cream Shop",Boston,False,False,42.286612,Lazy Bear Creamery,-71.044756,20.0,722515,0.0006579581445,4.468858911e-05,2122.0,80.0,114.0,MA,383 Neponset Ave,Snack and Nonalcoholic Beverage Bars,Restaurants and Other Eating Places,13,80,13,0,6,112.0,12,0.4140127388535032,3.5161290322580645,5.0,1.7937340354139153,0.7142857142857143,0.11607142857142858,0.05357142857142857,0.11607142857142858,0.0,0.475,0.002670826538088823,0.9926059698071111,9,0.9012345679012346,0.7916666666666666
,"American Food,Bar or Pub,Brunch,Late Night,Sports Bar",Boston,False,False,42.355115,Lulu's Allston,-71.134124,31.0,722511,0.0006270383379,4.32764399e-05,2134.0,92.0,107.0,MA,421 Cambridge St,Full-Service Restaurants,Restaurants and Other Eating Places,0,77,7,11,11,106.0,0,0.1958041958041958,3.4193548387096775,5.0,0.7523808896574581,0.7264150943396226,0.0,0.10377358490566038,0.0660377358490566,0.10377358490566038,0.43584905660377354,0.002505377106525798,0.997367603489747,23,0.7283950617283951,0.7264150943396226
,Coffee Shop,Boston,False,False,42.356919,Sip Cafe,-71.055886,1.0,722515,0.001484045662,0.0001005053849,2109.0,185.0,252.0,MA,0 Post Office Sq,Snack and Nonalcoholic Beverage Bars,Restaurants and Other Eating Places,1,241,3,1,3,249.0,7,0.2314540059347181,8.193548387096774,27.0,4.881957267714222,0.9678714859437751,0.004016064257028112,0.012048192771084338,0.012048192771084338,0.004016064257028112,0.5823293172690763,0.005932543903188447,0.9784849314040075,47,0.4320987654320988,0.9705488621151273
,"Gourmet,Seafood",Boston,False,False,42.354962,James Hook & Company,-71.050894,10.0,722511,0.001158968925,8.044376447e-05,2210.0,194.0,198.0,MA,440 Atlantic Ave,Full-Service Restaurants,Restaurants and Other Eating Places,14,164,3,0,14,195.0,12,0.10548523206751055,6.32258064516129,9.0,1.2797957693469273,0.841025641025641,0.07179487179487179,0.07179487179487179,0.015384615384615385,0.0,0.5333333333333333,0.004656219716845116,0.99495597544014,82,0.0,0.888888888888889
,American Food,Boston,True,False,42.351023,Off the Common,-71.069708,112.0,722511,0.01662326886,0.001152906754,2116.0,1813.0,2832.0,MA,50 Park Plz,Full-Service Restaurants,Restaurants and Other Eating Places,138,1653,274,679,86,2830.0,16,0.273081575057116,91.83870967741936,128.0,16.93268794124881,0.5840989399293286,0.04876325088339223,0.0303886925795053,0.09681978798586573,0.23992932862190813,0.36996466431095404,0.06691247725070316,0.9233824281760628,81,0.012345679012345734,0.61660777385159
,"Brunch,Cafe,Coffee Shop",Boston,False,,42.346857,Cocorico Boulangerie,-71.04257,37.0,722513,0.0005158157568,3.581285743e-05,2210.0,60.0,88.0,MA,450 Summer St,Limited-Service Restaurants,Restaurants and Other Eating Places,3,64,7,10,1,85.0,18,0.36538461538461536,2.870967741935484,10.0,2.29644796523325,0.7529411764705882,0.03529411764705882,0.011764705882352941,0.08235294117647059,0.11764705882352941,0.4658823529411764,0.0020563000779975893,0.9903072879519571,82,0.0,0.776470588235294
,"Coffee Shop,Sandwich Shop",Boston,False,False,42.349588,Breadwinners,-71.099778,95.0,722513,0.007973198685,0.0005524350854,2215.0,409.0,1376.0,MA,595 Commonwealth Ave Fl 2,Limited-Service Restaurants,Restaurants and Other Eating Places,48,750,166,345,65,1374.0,11,0.20156939676311916,41.70967741935484,86.0,26.841462327823006,0.5458515283842795,0.034934497816593885,0.04730713245997089,0.12081513828238719,0.25109170305676853,0.34148471615720527,0.03249899548559408,0.8780741155589463,74,0.09876543209876543,0.5691411935953421
Au Bon Pain,"Bakery,Breakfast,Brunch,Catering,Coffee Shop,Counter Service,Dessert,Lunch,Pastries,Salad,Sandwich Shop,Snacks",Boston,False,False,42.355967,Au Bon Pain,-71.052298,5.0,722513,0.01384751825,0.0009537021873,2110.0,1475.0,2383.0,MA,1 International Pl,Limited-Service Restaurants,Restaurants and Other Eating Places,76,1792,183,277,52,2380.0,16,0.2769620253164557,75.25806451612904,159.0,28.545343377019776,0.7529411764705882,0.031932773109243695,0.021848739495798318,0.07689075630252101,0.11638655462184874,0.46453781512605036,0.05630007799758917,0.8702830435022457,46,0.4444444444444444,0.7742296918767506
,Bagel Shop,Boston,False,False,42.335453,Boston Bagel,-71.035241,4.0,722515,0.0001476738728,1.062756035e-05,2127.0,19.0,24.0,MA,753 E Broadway,Snack and Nonalcoholic Beverage Bars,Restaurants and Other Eating Places,0,24,0,0,0,24.0,14,0.21621621621621623,0.8387096774193549,3.0,1.2468482638766252,1.0,0.0,0.0,0.0,0.0,0.6,0.0005436195608499374,0.9951066293777072,38,0.5432098765432098,1.0
,Seafood,Boston,False,,42.349402,Great Eastern Seafood,-71.039788,1.0,722511,0.0005737531834,3.868130777e-05,2210.0,66.0,99.0,MA,6 Fish Pier St W,Full-Service Restaurants,Restaurants and Other Eating Places,1,89,2,4,0,96.0,12,0.3137254901960784,3.064516129032258,8.0,2.0467989779632654,0.9270833333333334,0.010416666666666666,0.0,0.020833333333333332,0.041666666666666664,0.5604166666666667,0.002316292041882342,0.9914488190756348,82,0.0,0.9340277777777778
,"BBQ and Southern Food,Chinese Food",Boston,False,False,42.353035,Friendship BBQ,-71.130356,1.0,722511,0.001379060912,9.607450871e-05,2134.0,182.0,234.0,MA,103 Brighton Ave,Full-Service Restaurants,Restaurants and Other Eating Places,15,194,8,2,13,232.0,14,0.3761755485893417,7.516129032258065,12.0,1.5631021212368665,0.8362068965517241,0.06465517241379311,0.05603448275862069,0.034482758620689655,0.008620689655172414,0.5275862068965517,0.00550710250774067,0.9936605445162877,23,0.7283950617283951,0.8793103448275862
,,Boston,False,False,42.284724,Fry Shake,-71.092044,13.0,722515,0.0004859582847,3.292360641e-05,2126.0,74.0,84.0,MA,686 Morton St,Snack and Nonalcoholic Beverage Bars,Restaurants and Other Eating Places,5,73,0,0,5,83.0,14,0.39416058394160586,2.5806451612903225,5.0,1.4978305504830838,0.8795180722891566,0.060240963855421686,0.060240963855421686,0.0,0.0,0.5518072289156626,0.001961757545675861,0.9939590016833748,2,0.9876543209876543,0.9196787148594376
Dunkin',"Coffee Shop,Counter Service,Dessert,Donut Shop,Snacks",Boston,True,False,42.338389,Dunkin',-71.107145,32.0,722515,0.01076632801,0.0007479816442,2115.0,935.0,1862.0,MA,350 Longwood Ave,Snack and Nonalcoholic Beverage Bars,Restaurants and Other Eating Places,155,1137,140,338,89,1859.0,10,0.2656759695541863,58.483870967741936,105.0,26.028360422929666,0.6116191500806886,0.08337816030123722,0.047875201721355565,0.07530930607853685,0.18181818181818182,0.400322754168908,0.04398591316268406,0.8817920602672643,75,0.0864197530864198,0.6672045902815134
Garbanzo Fresh Mediterranean,"Catering,Counter Service,Dinner,Lunch,Mediterranean Food",Boston,False,False,42.352234,Garbanzo Fresh Mediterranean,-71.066115,1.0,722511,0.0008001386617,5.59536455e-05,2116.0,122.0,136.0,MA,134 Boylston St,Full-Service Restaurants,Restaurants and Other Eating Places,0,136,0,0,0,136.0,14,0.2777777777777778,4.354838709677419,6.0,1.97644821703747,1.0,0.0,0.0,0.0,0.0,0.6,0.003190810465858328,0.9917705010662144,81,0.012345679012345734,1.0
,"Bakery,Brazilian Food,Sandwich Shop",Boston,False,False,42.352302,Padaria Brasil,-71.132123,4.0,722511,0.001378121043,9.537127876e-05,2134.0,172.0,235.0,MA,125 Harvard Ave,Full-Service Restaurants,Restaurants and Other Eating Places,11,206,11,0,5,233.0,14,0.2797427652733119,7.516129032258065,10.0,1.1033955726765852,0.8841201716738197,0.04721030042918455,0.02145922746781116,0.04721030042918455,0.0,0.5493562231759657,0.005530738140821102,0.9957625732033599,23,0.7283950617283951,0.9155937052932761
,,Boston,True,False,42.364515,Bulfinch Roma,-71.061305,6.0,722511,0.005722096648,0.0003977861912,2114.0,753.0,978.0,MA,252 Friend St,Full-Service Restaurants,Restaurants and Other Eating Places,62,720,52,112,30,976.0,17,0.3319103521878335,31.322580645161292,78.0,11.626962815284672,0.7377049180327869,0.06352459016393443,0.030737704918032786,0.05327868852459016,0.11475409836065574,0.4680327868852459,0.023092013519582122,0.9476430928444795,52,0.37037037037037035,0.7800546448087432
,Brunch,Boston,False,False,42.319124,Farmer's Son,-71.077563,6.0,722511,5.44665276e-06,4.140788464e-07,2119.0,1.0,1.0,MA,162 Blue Hill Ave,Full-Service Restaurants,Restaurants and Other Eating Places,0,0,0,0,0,,5,0.0,0.03225806451612903,1.0,0.17668469596940845,,,,,,0.0,0.0,1.0,13,0.8518518518518519,0.0
,"Asian Food,Japanese Food,Sushi",Boston,False,False,42.36371,Crudo,-71.055914,1.0,722511,0.0006229646625,4.321884256e-05,2113.0,102.0,106.0,MA,78 Salem St,Full-Service Restaurants,Restaurants and Other Eating Places,4,101,0,0,0,105.0,12,0.2923076923076923,3.3870967741935485,4.0,0.549335044062142,0.9619047619047619,0.0380952380952381,0.0,0.0,0.0,0.5923809523809525,0.0024817414734453662,0.9982960396705429,40,0.5185185185185186,0.9873015873015875
,,Boston,False,False,42.349342,Chabad House of Greater Boston,-71.094316,1.0,722511,0.001652004516,0.0001150353532,2215.0,224.0,281.0,MA,491 Commonwealth Ave,Full-Service Restaurants,Restaurants and Other Eating Places,5,260,2,2,8,277.0,11,0.3676092544987147,9.193548387096774,12.0,1.6543072780591077,0.9386281588447654,0.018050541516245487,0.02888086642599278,0.007220216606498195,0.007220216606498195,0.5703971119133574,0.006617977262520977,0.9932435048707797,74,0.09876543209876543,0.950661853188929
,Indian Food,Boston,False,False,42.351161,Madras Dosa,-71.045637,6.0,722511,0.004006403899,0.0002774882793,2210.0,449.0,687.0,MA,55 Boston Wharf Rd,Full-Service Restaurants,Restaurants and Other Eating Places,37,497,35,86,29,684.0,12,0.20203488372093023,21.838709677419356,43.0,7.107909153092493,0.7266081871345029,0.054093567251461985,0.04239766081871345,0.05116959064327485,0.12573099415204678,0.4576023391812865,0.016214044293176393,0.9683066671748783,82,0.0,0.7626705653021442
Earl of Sandwich,"Breakfast,Catering,Counter Service,Dinner,Lunch,Sandwich Shop",Boston,False,False,42.354297,Earl of Sandwich,-71.066426,7.0,722513,0.0002146413902,1.394337818e-05,2114.0,35.0,35.0,MA,1B Charles St,Limited-Service Restaurants,Restaurants and Other Eating Places,0,35,0,0,0,35.0,16,0.21428571428571427,1.1290322580645162,18.0,3.9736384195447374,1.0,0.0,0.0,0.0,0.0,0.6,0.00080361152473469,0.9826382598302399,52,0.37037037037037035,1.0
,Deli,Boston,False,False,42.334293,Brown Bag Cafe,-71.035506,503.0,722513,0.0004251258481,2.9231161e-05,2127.0,38.0,72.0,MA,275 Emerson St,Limited-Service Restaurants,Restaurants and Other Eating Places,0,33,4,33,0,70.0,13,0.24170616113744076,2.4193548387096775,4.0,1.6219103341905208,0.4714285714285714,0.0,0.0,0.05714285714285714,0.4714285714285714,0.28285714285714286,0.0016781299487106762,0.993391641340879,38,0.5432098765432098,0.4714285714285715
,"Latin American Food,Mexican Food",Boston,False,False,42.35022,Teresa's Market,-71.164787,7.0,722511,0.0001876161484,1.37878916e-05,2135.0,21.0,31.0,MA,571 Washington St,Full-Service Restaurants,Restaurants and Other Eating Places,0,31,0,0,0,31.0,12,0.2465753424657534,1.096774193548387,4.0,1.5102838594476935,1.0,0.0,0.0,0.0,0.0,0.6,0.0007090689924129618,0.993902058372964,8,0.9135802469135803,1.0
,Caribbean Food,Boston,False,False,42.322883,Jamaica Mi Hungry,-71.099306,7.0,722511,0.0001270238638,8.265184716e-06,2119.0,21.0,21.0,MA,225 Centre St,Full-Service Restaurants,Restaurants and Other Eating Places,0,21,0,0,0,21.0,0,0.5,0.6774193548387096,5.0,1.5530842731884804,1.0,0.0,0.0,0.0,0.0,0.6,0.0004727126616086412,0.993706351573086,13,0.8518518518518519,1.0
,"Bar or Pub,Greek Food,Late Night,Mediterranean Food,Wine Bar",Boston,False,False,42.348682,Krasi,-71.084127,5.0,722511,0.0009458316545,6.696634732e-05,2115.0,147.0,162.0,MA,48 Gloucester St,Full-Service Restaurants,Restaurants and Other Eating Places,30,121,5,0,5,161.0,17,0.26877470355731226,5.161290322580645,7.0,2.315401089667918,0.7515527950310559,0.18633540372670807,0.031055900621118012,0.031055900621118012,0.0,0.5254658385093167,0.0038053369259495617,0.9902206239455467,75,0.0864197530864198,0.8757763975155279
,"Catering,Middle Eastern Food",Boston,False,False,42.353166,The Chicken & Rice Guys Downtown,-71.059774,1.0,722511,0.001769270945,0.0001226806832,2111.0,240.0,301.0,MA,85 Bedford St,Full-Service Restaurants,Restaurants and Other Eating Places,12,258,12,12,5,299.0,16,0.38386308068459657,9.612903225806452,13.0,1.559102706270267,0.862876254180602,0.04013377926421405,0.016722408026755852,0.04013377926421405,0.04013377926421405,0.5337792642140468,0.007090689924129618,0.9936788320195169,66,0.19753086419753085,0.8896321070234113
The Oceanaire Seafood Room,"American Food,Dinner,Fine Dining,Lunch,Seafood",Boston,False,False,42.358968,The Oceanaire Seafood Room,-71.059406,1.0,722511,0.01139568718,0.0007787004934,2108.0,1481.0,1948.0,MA,40 Court St,Full-Service Restaurants,Restaurants and Other Eating Places,75,1611,118,99,42,1945.0,12,0.24249797242497972,61.38709677419355,146.0,26.287096576267025,0.8282776349614396,0.038560411311053984,0.021593830334190232,0.060668380462724936,0.05089974293059126,0.5123907455012854,0.04601857760760122,0.8806089776716364,31,0.6296296296296297,0.8539845758354757
,Chicken Wings,Boston,False,False,42.311349,Wingz and Tingz,-71.080863,83.0,722513,0.000606483349,4.149751584e-05,2121.0,36.0,104.0,MA,388 Blue Hill Ave,Limited-Service Restaurants,Restaurants and Other Eating Places,15,46,26,7,7,101.0,15,0.20396600566572237,3.193548387096774,5.0,1.5537541391990057,0.45544554455445546,0.1485148514851485,0.06930693069306931,0.25742574257425743,0.06930693069306931,0.3326732673267327,0.0024344702072845023,0.9937032885808901,9,0.9012345679012346,0.5544554455445545
,"Bar or Pub,Brunch,French Food,Late Night,Wine Bar",Boston,True,False,42.34968,Bar a vin 1855,-71.083229,14.0,722511,0.001066296421,7.351587445e-05,2116.0,159.0,181.0,MA,259 Newbury St,Full-Service Restaurants,Restaurants and Other Eating Places,21,123,10,7,18,179.0,9,0.2558139534883721,5.774193548387097,12.0,1.9295608295146043,0.6871508379888268,0.11731843575418995,0.1005586592178771,0.055865921787709494,0.03910614525139665,0.4592178770949721,0.0042544139544777706,0.9919848957359089,81,0.012345679012345734,0.7653631284916201
,"American Food,Bar or Pub,Late Night",Boston,True,False,42.355226,Bogie's Place,-71.062363,38.0,722511,0.008905548155,0.000614056531,2111.0,941.0,1513.0,MA,25 Temple Pl,Full-Service Restaurants,Restaurants and Other Eating Places,84,1033,99,240,55,1511.0,18,0.3427087840761575,48.67741935483871,99.0,20.330157317789673,0.6836532097948379,0.05559232296492389,0.036399735274652546,0.06551952349437459,0.15883520847121113,0.43242885506287226,0.035737077217613274,0.9078473479921841,66,0.19753086419753085,0.7207147584381205
,"Pizza,Salad,Sandwich Shop",Boston,False,False,42.283612,Five Star Pizza Grill,-71.050675,1.0,722511,0.0001467284267,9.916656012e-06,2124.0,24.0,24.0,MA,616 Gallivan Blvd,Full-Service Restaurants,Restaurants and Other Eating Places,0,24,0,0,0,24.0,0,0.25,0.7741935483870968,5.0,1.6005982232329392,1.0,0.0,0.0,0.0,0.0,0.6,0.0005436195608499374,0.9934890919183293,7,0.9259259259259259,1.0
,Latin American Food,Boston,False,False,42.374657,El Jardin,-71.038772,6.0,722511,0.003585848398,0.0002495460038,2128.0,423.0,612.0,MA,15 Central Sq,Full-Service Restaurants,Restaurants and Other Eating Places,68,515,4,4,20,611.0,18,0.315527950310559,19.70967741935484,26.0,3.928338304095715,0.8428805237315876,0.11129296235679215,0.03273322422258593,0.006546644844517185,0.006546644844517185,0.5502454991816694,0.014441371812143989,0.9828453966276158,52,0.37037037037037035,0.9170758319694491
,Cafe,Boston,False,False,42.351858,Elenas Cafe,-71.086805,22.0,722513,0.0003325120606,2.305942249e-05,2115.0,48.0,58.0,MA,424 Beacon St,Limited-Service Restaurants,Restaurants and Other Eating Places,9,29,9,0,9,56.0,14,0.19047619047619047,1.6129032258064515,7.0,2.778691028046197,0.5178571428571429,0.16071428571428573,0.16071428571428573,0.16071428571428573,0.0,0.375,0.0013472310855846274,0.9881022100487837,75,0.0864197530864198,0.625
,Ice Cream Shop,Boston,False,False,42.287084,The Ice Cream Shop,-71.127147,14.0,722515,0.0004386100084,3.00071609e-05,2131.0,69.0,77.0,MA,4196 Washington St,Snack and Nonalcoholic Beverage Bars,Restaurants and Other Eating Places,23,46,0,0,7,76.0,15,0.3106796116504854,2.2903225806451615,6.0,2.412247625269667,0.6052631578947368,0.3026315789473684,0.09210526315789473,0.0,0.0,0.4842105263157894,0.0017963081141128365,0.989777788844076,3,0.9753086419753086,0.8070175438596491
Caffè Nero,"Breakfast,Casual Dining,Coffee Shop,Drinks,Healthy Food,Pastries,Snacks",Boston,False,False,42.336976,Caffè Nero,-71.047304,4.0,722515,0.001148859261,7.993193113e-05,2127.0,158.0,196.0,MA,416 W Broadway,Snack and Nonalcoholic Beverage Bars,Restaurants and Other Eating Places,14,166,10,2,2,194.0,8,0.2359249329758713,6.258064516129032,20.0,2.663586497205551,0.8556701030927835,0.07216494845360824,0.010309278350515464,0.05154639175257732,0.010309278350515464,0.5422680412371134,0.004608948450684252,0.9886285306474282,38,0.5432098765432098,0.9037800687285223
,Seafood,Boston,False,False,42.344435,Eventide Fenway,-71.099019,1.0,722511,0.0006226112776,4.32729934e-05,2215.0,88.0,106.0,MA,1321 Boylston St,Full-Service Restaurants,Restaurants and Other Eating Places,0,103,0,0,2,105.0,18,0.41714285714285715,3.3870967741935485,4.0,0.4870860925981129,0.9809523809523809,0.0,0.01904761904761905,0.0,0.0,0.5885714285714285,0.0024817414734453662,0.9985806757761789,74,0.09876543209876543,0.9809523809523809
,"American Food,Bar or Pub,Late Night",Boston,False,False,42.336327,Lincoln Tavern and Restaurant,-71.047675,6.0,722511,0.001516210479,0.0001050312674,2127.0,235.0,258.0,MA,425 W Broadway,Full-Service Restaurants,Restaurants and Other Eating Places,30,169,19,0,38,256.0,13,0.24539877300613497,8.35483870967742,15.0,1.8058754841649558,0.66015625,0.1171875,0.1484375,0.07421875,0.0,0.44296874999999997,0.006074357701671039,0.9925504524914296,38,0.5432098765432098,0.73828125
DelFrisco's Double Eagle Steakhouse,"Dinner,Drinks,Fine Dining,Lunch,Steak House",Boston,True,False,42.347511,DelFrisco's Double Eagle Steakhouse,-71.084187,1.0,722511,0.007129921731,0.0004917500453,2199.0,893.0,1213.0,MA,888 Boylston St Ste 53,Full-Service Restaurants,Restaurants and Other Eating Places,0,1168,16,23,3,1210.0,13,0.22554347826086957,39.54838709677419,62.0,9.533772599511083,0.9652892561983472,0.0,0.0024793388429752068,0.013223140495867768,0.019008264462809916,0.5791735537190082,0.028646387293483656,0.957214298420808,8,0.9135802469135803,0.9652892561983472
,Gelato Shop,Boston,False,False,42.283543,Delini Gelato,-71.156605,1.0,722515,0.0006533780049,4.497705211e-05,2132.0,84.0,114.0,MA,5 Bellevue St,Snack and Nonalcoholic Beverage Bars,Restaurants and Other Eating Places,0,114,0,0,0,114.0,14,0.2550335570469799,3.6774193548387095,8.0,2.8214283362154675,1.0,0.0,0.0,0.0,0.0,0.6,0.002670826538088823,0.9879067918019447,3,0.9753086419753086,1.0
Dunkin',"Coffee Shop,Counter Service,Dessert,Donut Shop,Snacks",Boston,False,False,42.343716,Dunkin',-71.06581,3.0,722515,0.001760851742,0.0001217269485,2118.0,144.0,302.0,MA,1138 Washington St,Snack and Nonalcoholic Beverage Bars,Restaurants and Other Eating Places,6,288,3,2,1,300.0,14,0.13513513513513514,9.548387096774194,12.0,1.719690701324108,0.96,0.02,0.0033333333333333335,0.01,0.006666666666666667,0.584,0.00711432555721005,0.9929445362530986,44,0.4691358024691358,0.9733333333333333
,Noodles,Boston,False,False,42.312894,Noodle Shop,-71.037141,135.0,722511,0.008404626909,0.0005809581496,2125.0,416.0,1450.0,MA,100 William T Morrissey Blvd,Full-Service Restaurants,Restaurants and Other Eating Places,120,344,472,401,110,1447.0,12,0.1456447963800905,45.225806451612904,83.0,20.25914318065184,0.2377332411886662,0.082930200414651,0.07601935038009675,0.3261921216309606,0.27712508638562544,0.1758120248790601,0.034248032333546057,0.9081720633000667,13,0.8518518518518519,0.2930200414651002
,"American Food,Bar or Pub,Cocktail Lounge,Dessert,Fine Dining,Late Night",Boston,False,False,42.34871,Ramsay's Kitchen,-71.081185,1.0,722511,0.001192518831,8.287533464e-05,2199.0,203.0,203.0,MA,774 Boylston St,Full-Service Restaurants,Restaurants and Other Eating Places,0,203,0,0,0,203.0,11,0.18811881188118812,6.516129032258065,10.0,1.8815053640538948,1.0,0.0,0.0,0.0,0.0,0.6,0.004774397882247276,0.9922046314940471,8,0.9135802469135803,1.0
,Cafeteria,Boston,False,False,42.365073,Spangler Food Court at Harvard Business School,-71.122654,326.0,722513,0.002249413441,0.0001553016151,2163.0,111.0,386.0,MA,117 Western Ave,Limited-Service Restaurants,Restaurants and Other Eating Places,26,101,54,177,26,384.0,12,0.09812409812409813,12.32258064516129,21.0,4.051181402952156,0.2630208333333333,0.06770833333333333,0.06770833333333333,0.140625,0.4609375,0.18489583333333331,0.009099718735966343,0.9822836910817327,2,0.9876543209876543,0.3081597222222222
Which Wich,"Breakfast,Catering,Counter Service,Dinner,Lunch,Sandwich Shop",Boston,False,False,42.348421,Which Wich,-71.086002,5.0,722513,0.01758080238,0.001221025156,2115.0,2360.0,2971.0,MA,324A Newbury St,Limited-Service Restaurants,Restaurants and Other Eating Places,226,2373,120,86,163,2968.0,16,0.30187590187590185,98.09677419354838,168.0,36.13090432937832,0.7995283018867925,0.0761455525606469,0.05491913746630728,0.04043126684636118,0.028975741239892182,0.5101752021563342,0.07019783024888322,0.8355977278822503,75,0.0864197530864198,0.8502920035938903
,"Coffee Shop,Music Venue,Non-profit",Boston,False,False,42.374259,The Well Coffee House,-71.03997,59.0,722515,0.001292665902,8.976970724e-05,2128.0,106.0,220.0,MA,173 Border St,Snack and Nonalcoholic Beverage Bars,Restaurants and Other Eating Places,21,112,51,7,26,217.0,19,0.4799054373522459,7.0,13.0,1.3912166872805047,0.5161290322580645,0.0967741935483871,0.11981566820276497,0.2350230414746544,0.03225806451612903,0.3483870967741935,0.005176203644614621,0.9944464983257291,52,0.37037037037037035,0.5806451612903225
,Ice Cream Shop,Boston,True,False,42.350842,MooBella Machine,-71.108969,48.0,722515,0.009860769367,0.0006814073716,2215.0,750.0,1695.0,MA,775 Commonwealth Ave,Snack and Nonalcoholic Beverage Bars,Restaurants and Other Eating Places,114,1031,261,189,98,1693.0,16,0.31518324607329845,51.45161290322581,101.0,30.024547709174215,0.6089781453041937,0.06733608978145304,0.057885410513880686,0.15416420555227406,0.11163614884819846,0.39232132309509743,0.040038762438251906,0.8635193157503399,74,0.09876543209876543,0.6538688718251624
,Mexican Food,Boston,False,False,42.378712,Taqueria Jalisco,-71.028192,39.0,722511,0.0003937954102,2.750777806e-05,2128.0,63.0,67.0,MA,291 Bennington St,Full-Service Restaurants,Restaurants and Other Eating Places,0,48,3,0,14,65.0,18,0.4421052631578947,2.2580645161290325,5.0,1.6454775154653996,0.7384615384615385,0.0,0.2153846153846154,0.046153846153846156,0.0,0.4430769230769231,0.0015599517833085159,0.9932838793538715,52,0.37037037037037035,0.7384615384615385
,,Boston,False,False,42.363637,Commonwealth Fish and Beer,-71.06131,19.0,722511,0.0009681505997,6.705215153e-05,2114.0,152.0,166.0,MA,138 Portland St,Full-Service Restaurants,Restaurants and Other Eating Places,1,137,23,1,1,163.0,13,0.39543726235741444,5.193548387096774,8.0,1.3776875163911368,0.8404907975460123,0.006134969325153374,0.006134969325153374,0.1411042944785276,0.006134969325153374,0.5067484662576687,0.0038998794582712896,0.994508361062753,52,0.37037037037037035,0.8445807770961145
,"American Food,Bar or Pub,Cocktail Lounge,Late Night",Boston,True,False,42.361933,Clink,-71.070589,63.0,722511,0.09902242268,0.006858090513,2114.0,9061.0,17025.0,MA,215 Charles St,Full-Service Restaurants,Restaurants and Other Eating Places,709,11131,1897,2479,806,17022.0,12,0.23370944992947815,536.8709677419355,755.0,142.89421802237055,0.6539184584655152,0.04165197979085889,0.04735048760427682,0.11144401362942075,0.14563506050992833,0.4090118669956527,0.40237301756127536,0.34741771649803954,52,0.37037037037037035,0.6816864449927544
Starbucks,"Bakery,Coffee Shop,Counter Service,Dessert,Snacks,Tea House",Boston,False,False,42.34429,Starbucks,-71.09969,1.0,722515,1.777605158e-05,1.155868492e-06,2215.0,3.0,3.0,MA,1341 Boylston St,Snack and Nonalcoholic Beverage Bars,Restaurants and Other Eating Places,0,2,0,0,0,2.0,12,0.3333333333333333,0.0967741935483871,1.0,0.29565004483586066,1.0,0.0,0.0,0.0,0.0,0.6,4.7271266160864116e-05,0.9994560256388167,74,0.09876543209876543,1.0
,"Chicken Wings,Korean Food",Boston,False,False,42.349665,bb q Chicken Kenmore,-71.095323,1.0,722511,6.160632327e-06,4.072430622e-07,2215.0,1.0,1.0,MA,636 Beacon St,Full-Service Restaurants,Restaurants and Other Eating Places,0,0,0,0,0,,19,1.0,0.03225806451612903,1.0,0.17668469596940847,,,,,,0.0,0.0,1.0,74,0.09876543209876543,0.0
,"Bar or Pub,Brunch",Boston,False,False,42.353658,Frank Anthony's Gourmet Market,-71.045879,3.0,722511,0.001021904256,7.066918028e-05,2210.0,146.0,174.0,MA,9 Fan Pier Blvd,Full-Service Restaurants,Restaurants and Other Eating Places,11,140,11,11,0,173.0,14,0.14864864864864866,5.612903225806452,8.0,1.0977225501402295,0.8092485549132948,0.06358381502890173,0.0,0.06358381502890173,0.06358381502890173,0.5109826589595375,0.004088964522914746,0.9957885133518115,82,0.0,0.8516377649325626
,"Chinese Food,Japanese Food",Boston,False,False,42.362512,Spring Shabu Shabu,-71.136021,71.0,722511,0.001468096041,0.0001025083367,2135.0,231.0,249.0,MA,304 Western Ave,Full-Service Restaurants,Restaurants and Other Eating Places,10,133,87,0,17,247.0,19,0.5343511450381679,8.096774193548388,13.0,2.06904744655801,0.5384615384615384,0.04048582995951417,0.06882591093117409,0.3522267206477733,0.0,0.3392712550607287,0.005861637003947151,0.9913470869611456,8,0.9135802469135803,0.5654520917678811
,Mexican Food,Boston,True,False,42.350925,Caprito Burrito,-71.108948,48.0,722511,0.009860769367,0.0006814073716,2215.0,750.0,1695.0,MA,775 Commonwealth Ave,Full-Service Restaurants,Restaurants and Other Eating Places,114,1031,261,189,98,1693.0,16,0.31518324607329845,51.45161290322581,101.0,30.024547709174215,0.6089781453041937,0.06733608978145304,0.057885410513880686,0.15416420555227406,0.11163614884819846,0.39232132309509743,0.040038762438251906,0.8635193157503399,74,0.09876543209876543,0.6538688718251624
,"Chicken Wings,Sandwich Shop",Boston,False,False,42.320222,Side Chick,-71.062441,1.0,722513,0.0004451252341,3.113566685e-05,2125.0,71.0,78.0,MA,692 Columbia Rd,Limited-Service Restaurants,Restaurants and Other Eating Places,0,78,0,0,0,78.0,16,0.28846153846153844,2.3548387096774195,6.0,2.1783152278882754,1.0,0.0,0.0,0.0,0.0,0.6,0.0018199437471932685,0.9908474551598404,13,0.8518518518518519,1.0
,"Cafe,Smoothie & Juice Bar",Boston,False,False,42.3077,Juicygreens,-71.115762,5.0,722515,0.0002830579791,2.005551349e-05,2130.0,48.0,48.0,MA,61 South St,Snack and Nonalcoholic Beverage Bars,Restaurants and Other Eating Places,8,40,0,0,0,48.0,15,0.0,1.6451612903225807,3.0,1.4491017706591098,0.8333333333333334,0.16666666666666666,0.0,0.0,0.0,0.5666666666666667,0.0011108747547803068,0.9941818162014556,9,0.9012345679012346,0.9444444444444444
Starbucks,"Bakery,Coffee Shop,Counter Service,Dessert,Snacks,Tea House",Boston,False,False,42.352736,Starbucks,-71.123571,25.0,722515,0.0122298569,0.0008501777898,2215.0,929.0,2087.0,MA,1065 Commonwealth Ave,Snack and Nonalcoholic Beverage Bars,Restaurants and Other Eating Places,291,1011,205,372,205,2084.0,13,0.20066975785677485,67.0,101.0,12.32621125370516,0.4851247600767754,0.13963531669865642,0.09836852207293666,0.09836852207293666,0.1785028790786948,0.34692898272552786,0.049303930605781275,0.9444457481872116,74,0.09876543209876543,0.5782149712092132
,"Cuban Food,Sandwich Shop",Boston,False,False,42.347377,El Tiante,-71.096681,1.0,722511,0.0001120785011,7.801850568e-06,2215.0,17.0,19.0,MA,4 Jersey St,Full-Service Restaurants,Restaurants and Other Eating Places,0,17,0,0,0,17.0,20,0.5,0.6451612903225806,2.0,0.7848725845546091,1.0,0.0,0.0,0.0,0.0,0.6,0.00042544139544777704,0.9972190337663456,74,0.09876543209876543,1.0
,,Boston,False,False,42.335012,Sausage Guy,-71.046164,127.0,722511,0.000299426716,1.980944783e-05,2127.0,51.0,51.0,MA,118 Dorchester St,Full-Service Restaurants,Restaurants and Other Eating Places,0,43,7,0,0,50.0,18,0.39705882352941174,1.6451612903225807,5.0,1.9764482170374698,0.86,0.0,0.0,0.14,0.0,0.516,0.001181781654021603,0.9917705010662144,38,0.5432098765432098,0.8600000000000001
,Deli,Boston,False,False,42.355265,Deli One,-71.058471,5.0,722513,0.001250163038,8.636725003e-05,2110.0,142.0,213.0,MA,85 Arch St,Limited-Service Restaurants,Restaurants and Other Eating Places,11,171,12,11,6,211.0,16,0.281437125748503,6.838709677419355,17.0,2.5915093894703136,0.8104265402843602,0.052132701421800945,0.02843601895734597,0.05687203791469194,0.052132701421800945,0.5071090047393365,0.005010754213051596,0.9889581064357548,46,0.4444444444444444,0.8451816745655609
Dunkin',"Coffee Shop,Counter Service,Dessert,Donut Shop,Snacks",Boston,False,False,42.334008,Dunkin',-71.103718,5.0,722515,4.143446544e-05,2.955407929e-06,2120.0,6.0,7.0,MA,1631 Tremont St,Snack and Nonalcoholic Beverage Bars,Restaurants and Other Eating Places,1,5,0,0,0,6.0,7,0.2857142857142857,0.22580645161290322,1.0,0.4181123031230878,0.8333333333333334,0.16666666666666666,0.0,0.0,0.0,0.5666666666666667,0.00014181379848259235,0.9988960615034144,8,0.9135802469135803,0.9444444444444444
,Smoothie & Juice Bar,Boston,True,False,42.349302,Mother Juice,-71.078189,17.0,722515,0.008711572434,0.0006057702866,2116.0,1068.0,1487.0,MA,700 Boylston St,Snack and Nonalcoholic Beverage Bars,Restaurants and Other Eating Places,185,844,203,140,112,1484.0,14,0.13701657458563535,47.54838709677419,76.0,15.5186437503461,0.568733153638814,0.12466307277628032,0.07547169811320754,0.13679245283018868,0.09433962264150944,0.39110512129380054,0.03512255075752204,0.9298482082772472,81,0.012345679012345734,0.6518418688230009
,"Brunch,Italian Food",Boston,False,False,42.366058,Theo's Cozy Corner,-71.055061,1.0,722511,0.0005696504692,3.845911032e-05,2113.0,92.0,99.0,MA,162 Salem St,Full-Service Restaurants,Restaurants and Other Eating Places,0,99,0,0,0,99.0,0,0.2765957446808511,3.032258064516129,7.0,2.3892753789859618,1.0,0.0,0.0,0.0,0.0,0.6,0.002316292041882342,0.9898828304643141,40,0.5185185185185186,1.0
,Seafood,Boston,False,False,42.348816,Byrnes Michael Seafood,-71.031303,1.0,722511,0.001298035557,9.047288613e-05,2210.0,221.0,221.0,MA,8 Fid Kennedy Ave,Full-Service Restaurants,Restaurants and Other Eating Places,0,221,0,0,0,221.0,14,0.2517482517482518,7.064516129032258,11.0,3.0153958053036884,1.0,0.0,0.0,0.0,0.0,0.6,0.005199839277695053,0.9870198669024428,82,0.0,1.0
,"Brunch,Diner",Boston,False,False,42.349852,South Street Diner,-71.057761,8.0,722511,0.0006028144098,4.170833705e-05,2111.0,103.0,103.0,MA,178 Kneeland St,Full-Service Restaurants,Restaurants and Other Eating Places,8,86,2,0,5,101.0,3,0.23972602739726026,3.2903225806451615,5.0,0.681248776836867,0.8514851485148515,0.07920792079207921,0.04950495049504951,0.019801980198019802,0.0,0.5425742574257426,0.00241083457420407,0.9976928582466984,66,0.19753086419753085,0.9042904290429044
,"Bar or Pub,Italian Food,Late Night,Latin American Food",Boston,False,False,42.386563,Luna's Restaurant Italian and Latin Cuisine,-71.009127,14.0,722511,0.0008338902279,5.761355082e-05,2128.0,131.0,142.0,MA,945 Saratoga St,Full-Service Restaurants,Restaurants and Other Eating Places,14,99,10,0,17,140.0,14,0.24701195219123506,4.548387096774194,7.0,0.9784355411679421,0.7071428571428572,0.1,0.12142857142857143,0.07142857142857142,0.0,0.4642857142857143,0.0033326242643409204,0.9963339585181683,52,0.37037037037037035,0.7738095238095238
,Burgers,Boston,True,False,42.347397,Mooby's,-71.095885,122.0,722511,0.001725829364,0.0001195344604,2215.0,226.0,294.0,MA,15 Lansdowne St,Full-Service Restaurants,Restaurants and Other Eating Places,7,222,45,14,5,293.0,13,0.42147117296222664,9.419354838709678,22.0,3.6169332362347815,0.757679180887372,0.023890784982935155,0.017064846416382253,0.15358361774744028,0.04778156996587031,0.46416382252559724,0.0069252404925665935,0.9842693101828901,74,0.09876543209876543,0.7736063708759954
,"Dessert,Italian Food,Salad",Boston,False,False,42.364623,La Summa,-71.052536,355.0,722513,0.0008927010445,6.191825095e-05,2113.0,31.0,151.0,MA,30 Fleet St,Limited-Service Restaurants,Restaurants and Other Eating Places,4,52,16,71,6,149.0,18,0.3097949886104784,4.870967741935484,8.0,1.3852200357150897,0.348993288590604,0.026845637583892617,0.040268456375838924,0.10738255033557047,0.47651006711409394,0.22013422818791945,0.003545344962064809,0.9944739182823435,40,0.5185185185185186,0.3668903803131991
Potbelly Sandwich Works,"Breakfast,Catering,Counter Service,Dinner,Lunch,Sandwich Shop",Boston,False,False,42.355878,Potbelly Sandwich Works,-71.057224,1.0,722513,0.001510476202,0.0001043319221,2110.0,187.0,261.0,MA,1 Federal St,Limited-Service Restaurants,Restaurants and Other Eating Places,8,220,18,6,8,260.0,13,0.1172962226640159,8.161290322580646,15.0,3.7596909120860555,0.8461538461538461,0.03076923076923077,0.03076923076923077,0.06923076923076923,0.023076923076923078,0.52,0.006145264600912336,0.9836165443459036,46,0.4444444444444444,0.8666666666666667
,"Coffee Shop,Deli,Sandwich Shop",Boston,False,False,42.335203,PS Gourmet Coffee,-71.045845,166.0,722515,0.002115192927,0.0001483521511,2127.0,165.0,361.0,MA,106 Dorchester St,Snack and Nonalcoholic Beverage Bars,Restaurants and Other Eating Places,7,210,43,91,7,358.0,17,0.3948155533399801,11.483870967741936,86.0,13.720413253773312,0.5865921787709497,0.019553072625698324,0.019553072625698324,0.12011173184357542,0.2541899441340782,0.3597765363128491,0.008508827908955541,0.9380706973881857,38,0.5432098765432098,0.5996275605214152
,Caribbean Food,Boston,False,False,42.304489,Murl's Kitchen,-71.079688,5.0,722511,0.0005207312892,3.526902876e-05,2121.0,81.0,90.0,MA,143 Washington St,Full-Service Restaurants,Restaurants and Other Eating Places,2,84,0,0,2,88.0,13,0.0,2.774193548387097,5.0,1.5178439169056248,0.9545454545454546,0.022727272727272728,0.022727272727272728,0.0,0.0,0.5818181818181818,0.0021035713441584533,0.9938674896732091,9,0.9012345679012346,0.9696969696969697
Dunkin',"Coffee Shop,Counter Service,Dessert,Donut Shop,Snacks",Boston,False,False,42.332217,Dunkin',-71.073534,78.0,722515,9.339563967e-05,6.405578489e-06,2119.0,7.0,16.0,MA,17 Melnea Cass Blvd,Snack and Nonalcoholic Beverage Bars,Restaurants and Other Eating Places,0,9,3,0,1,13.0,12,0.08695652173913043,0.5161290322580645,2.0,0.560585393451057,0.6923076923076923,0.0,0.07692307692307693,0.23076923076923078,0.0,0.41538461538461535,0.0003545344962064809,0.99824459694642,13,0.8518518518518519,0.6923076923076923
,"Bakery,Coffee Shop,Gourmet",Boston,False,False,42.344256,Flour Bakery Cafe,-71.032134,372.0,722515,0.001468166573,0.0001016705692,2210.0,71.0,251.0,MA,19 Drydock Ave,Snack and Nonalcoholic Beverage Bars,Restaurants and Other Eating Places,19,125,11,88,5,248.0,7,0.014084507042253521,8.129032258064516,12.0,1.8093295048232463,0.5040322580645161,0.07661290322580645,0.020161290322580645,0.04435483870967742,0.3548387096774194,0.33306451612903226,0.005908908270108015,0.9925346588279889,82,0.0,0.5551075268817205
,Cafe,Boston,False,False,42.357065,Francisco's Cafe,-71.05911,10.0,722513,0.009158080317,0.0006309424079,2108.0,961.0,1567.0,MA,323 Washington St,Limited-Service Restaurants,Restaurants and Other Eating Places,120,1087,111,191,55,1564.0,12,0.2556980056980057,49.54838709677419,68.0,10.178531200450445,0.6950127877237852,0.07672634271099744,0.03516624040920716,0.07097186700767263,0.1221227621483376,0.44769820971867,0.037013401403956606,0.9542661109745868,31,0.6296296296296297,0.7461636828644501
,"American Food,Bar or Pub,Late Night",Boston,False,False,42.36738,Cunard Tavern,-71.038788,75.0,722511,1.170192746e-05,8.160070979e-07,2128.0,2.0,2.0,MA,24 Orleans St,Full-Service Restaurants,Restaurants and Other Eating Places,0,1,0,0,0,1.0,13,0.4,0.06451612903225806,1.0,0.24567010018915833,1.0,0.0,0.0,0.0,0.0,0.6,2.3635633080432058e-05,0.9996845611638265,52,0.37037037037037035,1.0
,Chinese Food,Boston,False,False,42.349644,Beijing Cafe,-71.106318,351.0,722511,0.004130617034,0.0002869126026,2215.0,286.0,708.0,MA,728 Commonwealth Ave,Full-Service Restaurants,Restaurants and Other Eating Places,21,328,56,270,30,705.0,16,0.232,22.161290322580644,40.0,7.742204296408466,0.4652482269503546,0.029787234042553193,0.0425531914893617,0.07943262411347518,0.3829787234042553,0.291063829787234,0.016710392587865466,0.9654063243551025,74,0.09876543209876543,0.4851063829787233
,Pizza,Boston,False,False,42.336991,Otto,-71.047308,4.0,722513,0.001148859261,7.993193113e-05,2127.0,158.0,196.0,MA,416 W Broadway,Limited-Service Restaurants,Restaurants and Other Eating Places,14,166,10,2,2,194.0,8,0.2359249329758713,6.258064516129032,20.0,2.663586497205551,0.8556701030927835,0.07216494845360824,0.010309278350515464,0.05154639175257732,0.010309278350515464,0.5422680412371134,0.004608948450684252,0.9886285306474282,38,0.5432098765432098,0.9037800687285223
Pressed Juicery,"Breakfast,Counter Service,Smoothie & Juice Bar,Snacks",Boston,False,False,42.348873,Pressed Juicery,-71.084421,11.0,722515,0.0007819744849,5.433086401e-05,2115.0,133.0,133.0,MA,288 Newbury St,Snack and Nonalcoholic Beverage Bars,Restaurants and Other Eating Places,16,88,5,0,22,131.0,11,0.1686746987951807,4.290322580645161,6.0,0.681248776836867,0.6717557251908397,0.12213740458015267,0.16793893129770993,0.03816793893129771,0.0,0.45190839694656487,0.0031199035666170318,0.9976928582466984,75,0.0864197530864198,0.7531806615776081
,Chinese Food,Boston,False,False,42.333796,Brigham Circle Chinese Food,-71.105156,1.0,722511,0.0006223885122,4.31276068e-05,2115.0,106.0,106.0,MA,728 Huntington Ave,Full-Service Restaurants,Restaurants and Other Eating Places,5,100,0,0,0,105.0,11,0.22758620689655173,3.4193548387096775,5.0,0.5549887269059759,0.9523809523809523,0.047619047619047616,0.0,0.0,0.0,0.5904761904761905,0.0024817414734453662,0.9982701879536975,75,0.0864197530864198,0.9841269841269842
,,Boston,False,False,42.378316,New Ming Liang Restaurant,-71.03898,5.0,722511,0.0007491618099,5.105782255e-05,2128.0,131.0,131.0,MA,339 Meridian St,Full-Service Restaurants,Restaurants and Other Eating Places,0,117,13,0,0,130.0,12,0.38421052631578945,4.0,10.0,3.048003048004572,0.9,0.0,0.0,0.1,0.0,0.54,0.003072632300456168,0.9868707688315577,52,0.37037037037037035,0.9000000000000001
,"American Food,Burgers,Seafood",Boston,False,False,42.360231,MMMac & Cheese,-71.054208,1.0,722511,0.000851128495,5.89127823e-05,2109.0,145.0,145.0,MA,1 Faneuil Hall Market Pl,Full-Service Restaurants,Restaurants and Other Eating Places,5,139,0,0,0,144.0,17,0.4117647058823529,4.645161290322581,6.0,0.6978486339607722,0.9652777777777778,0.034722222222222224,0.0,0.0,0.0,0.5930555555555554,0.0034035311635822164,0.9976169546599755,47,0.4320987654320988,0.9884259259259258
,Chinese Food,Boston,False,False,42.342698,China Cafe,-71.064688,3.0,722511,0.001554929876,0.0001073768682,2118.0,244.0,265.0,MA,450 Harrison Ave,Full-Service Restaurants,Restaurants and Other Eating Places,16,219,12,0,16,263.0,15,0.08132530120481928,8.548387096774194,12.0,1.7750730957674328,0.8326996197718631,0.060836501901140684,0.060836501901140684,0.045627376425855515,0.0,0.5239543726235741,0.0062398071332340635,0.9926912977855519,44,0.4691358024691358,0.8732572877059569
,"Japanese Food,Noodles,Sushi",Boston,True,False,42.34836,Tsurutontan Udon Noodle Brasserie Boston,-71.095825,172.0,722511,0.003198693254,0.0002211860393,2215.0,414.0,548.0,MA,512 Commonwealth Ave,Full-Service Restaurants,Restaurants and Other Eating Places,12,384,34,99,16,545.0,16,0.2676488643339472,17.322580645161292,30.0,5.82202213387817,0.7045871559633028,0.022018348623853212,0.029357798165137616,0.062385321100917435,0.181651376146789,0.4315596330275229,0.012928691294996337,0.9741864428952536,74,0.09876543209876543,0.7192660550458716
,"American Food,Seafood",Boston,False,False,42.354258,Society On High,-71.05483,1.0,722511,0.007832626926,0.0005413958042,2110.0,1072.0,1345.0,MA,99 High St,Full-Service Restaurants,Restaurants and Other Eating Places,13,1183,55,78,13,1342.0,13,0.21173020527859238,42.61290322580645,58.0,9.744071545352966,0.8815201192250373,0.009687034277198211,0.009687034277198211,0.040983606557377046,0.05812220566318927,0.5327868852459016,0.03176629086010069,0.9562526971157904,46,0.4444444444444444,0.8879781420765026
,"Chinese Food,Korean Food",Boston,False,False,42.350773,Lei Jing,-71.060206,4.0,722511,0.00497893036,0.0003424001537,2111.0,703.0,847.0,MA,20 Hudson St,Full-Service Restaurants,Restaurants and Other Eating Places,35,698,49,7,55,844.0,10,0.38859180035650626,28.29032258064516,64.0,16.54162598472479,0.8270142180094787,0.041469194312796206,0.06516587677725119,0.058056872037914695,0.008293838862559242,0.5127962085308057,0.019995745586045523,0.925170576405864,66,0.19753086419753085,0.8546603475513428
Panera Bread,"Breakfast,Catering,Counter Service,Dinner,Lunch,Salad,Sandwich Shop,Soup",Boston,False,False,42.341725,Panera Bread,-71.08662,84.0,722515,0.01072751319,0.0007383673404,2115.0,1015.0,1821.0,MA,289 Huntington Ave,Snack and Nonalcoholic Beverage Bars,Restaurants and Other Eating Places,128,1011,356,245,79,1819.0,19,0.5160532498042286,58.58064516129032,111.0,19.156021867217508,0.5557998900494777,0.07036833424958769,0.0434304562946674,0.19571192963166575,0.13468938977460143,0.3616272677295217,0.04301685220638635,0.913216134683043,75,0.0864197530864198,0.6027121128825362
,"Coffee Shop,Gourmet",Boston,False,False,42.355149,Josie Green's Marketplace,-71.053012,2.0,722515,0.0152946535,0.001041297714,2110.0,1827.0,2629.0,MA,125 High St,Snack and Nonalcoholic Beverage Bars,Restaurants and Other Eating Places,41,2231,135,161,58,2626.0,8,0.2061213434452871,82.96774193548387,141.0,33.65046505067874,0.8495811119573495,0.015613099771515614,0.022086824067022087,0.05140898705255141,0.06130997715156131,0.515993907083016,0.06211444373537545,0.8469396470624235,46,0.4444444444444444,0.85998984513836
,"Bubble Tea Shop,Sandwich Shop,Vietnamese Food",Boston,False,False,42.351204,Banh Mi Huong Que,-71.06268,4.0,722515,0.02890950027,0.002000426898,2111.0,3099.0,4892.0,MA,696 Washington St,Snack and Nonalcoholic Beverage Bars,Restaurants and Other Eating Places,150,3763,337,496,144,4890.0,12,0.30006101281269065,160.5483870967742,237.0,60.0939257891626,0.7695296523517382,0.03067484662576687,0.029447852760736196,0.0689161554192229,0.10143149284253579,0.47398773006134964,0.1156018813963932,0.7260257439826401,66,0.19753086419753085,0.7899795501022494
,Seafood,Boston,False,False,42.346789,Seafood Specialties,-71.032825,2.0,722511,2.257465801e-05,1.3814236e-06,2210.0,4.0,4.0,MA,312 Northern Ave,Full-Service Restaurants,Restaurants and Other Eating Places,0,3,0,0,0,3.0,12,0.25,0.12903225806451613,3.0,0.5531105870800728,1.0,0.0,0.0,0.0,0.0,0.6,7.090689924129617e-05,0.9982787758317793,82,0.0,1.0
,Korean Food,Boston,True,False,42.351962,Min Sok,-71.118903,2.0,722511,0.002785436082,0.0001944203439,2215.0,308.0,472.0,MA,957 Commonwealth Ave,Full-Service Restaurants,Restaurants and Other Eating Places,36,388,14,19,13,470.0,18,0.3953098827470687,15.67741935483871,30.0,6.873920310641137,0.825531914893617,0.07659574468085106,0.027659574468085105,0.029787234042553193,0.04042553191489362,0.5259574468085106,0.0111323831808835,0.9693765915882415,74,0.09876543209876543,0.8765957446808511
,"Bagel Shop,Coffee Shop,Sandwich Shop",Boston,True,False,42.357047,The Bagel Table,-71.144041,20.0,722513,0.004508516922,0.0003058905986,2135.0,498.0,771.0,MA,86 Guest St,Limited-Service Restaurants,Restaurants and Other Eating Places,54,457,165,63,29,768.0,18,0.35331230283911674,24.258064516129032,64.0,14.144342860789951,0.5950520833333334,0.0703125,0.037760416666666664,0.21484375,0.08203125,0.38515625000000003,0.018199437471932686,0.9361322603612627,8,0.9135802469135803,0.6419270833333334
,,Boston,False,False,42.369124,The Charlestown Bells,-71.061419,155.0,722511,0.0008882030208,6.192981424e-05,2129.0,149.0,149.0,MA,44 Charles River Ave,Full-Service Restaurants,Restaurants and Other Eating Places,0,140,8,0,0,148.0,22,0.8424242424242424,4.870967741935484,10.0,3.1081779278570076,0.9459459459459459,0.0,0.0,0.05405405405405406,0.0,0.5675675675675675,0.0034980736959039447,0.986595616510828,8,0.9135802469135803,0.9459459459459459
,"American Food,Bar or Pub,Late Night,Sports Bar",Boston,False,False,42.358172,Warehouse Bar & Grille,-71.053924,28.0,722511,0.001134164466,7.825222124e-05,2109.0,165.0,193.0,MA,40 Broad St,Full-Service Restaurants,Restaurants and Other Eating Places,3,149,18,9,12,191.0,10,0.26666666666666666,6.161290322580645,12.0,1.5677552103513377,0.7801047120418848,0.015706806282722512,0.06282722513089005,0.09424083769633508,0.04712041884816754,0.47434554973821985,0.004538041551442955,0.9936392680588765,47,0.4320987654320988,0.7905759162303665
,"Bar or Pub,Irish Food,Late Night,Music Venue",Boston,True,False,42.361691,Durty Nelly's,-71.056556,5.0,722511,0.003492566309,0.0002316510763,2109.0,515.0,594.0,MA,108 Blackstone St,Full-Service Restaurants,Restaurants and Other Eating Places,39,483,24,9,37,592.0,13,0.2652005174644243,19.322580645161292,124.0,20.36978644443489,0.8158783783783784,0.06587837837837837,0.0625,0.04054054054054054,0.015202702702702704,0.5158783783783784,0.014015930416696212,0.907666142043927,47,0.4320987654320988,0.8597972972972973
,"Chicken Wings,Pizza,Sandwich Shop",Boston,False,False,42.339409,South End Pizza & Grill,-71.079752,6.0,722513,0.0003248313671,2.225331148e-05,2118.0,39.0,55.0,MA,772 Tremont St,Limited-Service Restaurants,Restaurants and Other Eating Places,7,47,0,0,0,54.0,23,0.0,1.7741935483870968,4.0,1.7727266663269787,0.8703703703703703,0.12962962962962962,0.0,0.0,0.0,0.574074074074074,0.0012763241863433313,0.9927020269387725,44,0.4691358024691358,0.9567901234567899
,,Boston,False,False,42.357708,Flavor Boom Milk Street,-71.053846,19.0,722513,0.001518083239,0.0001053718704,2109.0,163.0,259.0,MA,155 Milk St,Limited-Service Restaurants,Restaurants and Other Eating Places,3,198,20,25,11,257.0,9,0.2164705882352941,8.096774193548388,18.0,2.6682704161174473,0.7704280155642024,0.011673151750972763,0.042801556420233464,0.07782101167315175,0.09727626459143969,0.4669260700389105,0.006097993334751472,0.9886071132193938,47,0.4320987654320988,0.7782101167315175
,Mediterranean Food,Boston,True,False,42.361779,Falafel Corner,-71.056848,5.0,722513,0.003492566309,0.0002316510763,2109.0,515.0,594.0,MA,120 Blackstone St,Limited-Service Restaurants,Restaurants and Other Eating Places,39,483,24,9,37,592.0,13,0.2652005174644243,19.322580645161292,124.0,20.36978644443489,0.8158783783783784,0.06587837837837837,0.0625,0.04054054054054054,0.015202702702702704,0.5158783783783784,0.014015930416696212,0.907666142043927,47,0.4320987654320988,0.8597972972972973
,"Bubble Tea Shop,Dessert,Smoothie & Juice Bar",Boston,True,False,42.350868,Tbaar Chinatown,-71.061806,1.0,722515,2.747932181e-05,2.119854001e-06,2111.0,5.0,5.0,MA,32 Kneeland St,Snack and Nonalcoholic Beverage Bars,Restaurants and Other Eating Places,0,5,0,0,0,5.0,11,0.3333333333333333,0.16129032258064516,5.0,0.8834234798470421,1.0,0.0,0.0,0.0,0.0,0.6,9.454253232172823e-05,0.9967684054042086,66,0.19753086419753085,1.0
,"Coffee Shop,Sandwich Shop",Boston,False,False,42.358546,Espresso Love,-71.054532,2.0,722515,0.000860731594,5.979459494e-05,2109.0,101.0,147.0,MA,33 Broad St,Snack and Nonalcoholic Beverage Bars,Restaurants and Other Eating Places,15,100,7,15,7,144.0,6,0.12994350282485875,4.774193548387097,6.0,0.7496096799111128,0.6944444444444444,0.10416666666666667,0.04861111111111111,0.04861111111111111,0.10416666666666667,0.4583333333333333,0.0034508024297430807,0.997380274969853,47,0.4320987654320988,0.7638888888888888
Abe & Louie's,"Dinner,Fine Dining,Lunch,Seafood,Steak House,Wine Bar",Boston,True,False,42.349145,Abe & Louie's,-71.081495,83.0,722511,0.02530274137,0.001755531427,2116.0,1921.0,4313.0,MA,793 Boylston St,Full-Service Restaurants,Restaurants and Other Eating Places,278,2464,568,726,276,4312.0,15,0.2560916179337232,137.83870967741936,161.0,11.714608399258204,0.5714285714285714,0.06447124304267161,0.0640074211502783,0.13172541743970315,0.1683673469387755,0.36864564007421147,0.10191684984282304,0.9472423295045085,81,0.012345679012345734,0.6144094001236858
,"Cafe,Coffee Shop,Sandwich Shop",Boston,False,False,42.333662,Solid Ground Cafe,-71.105438,1.0,722515,0.0005404564942,3.674139816e-05,2115.0,93.0,93.0,MA,742 Huntington Ave,Snack and Nonalcoholic Beverage Bars,Restaurants and Other Eating Places,0,93,0,0,0,93.0,9,0.12389380530973451,2.806451612903226,6.0,2.319890915660026,1.0,0.0,0.0,0.0,0.0,0.6,0.0021744782433997497,0.9902000940160407,75,0.0864197530864198,1.0
Clover Food Lab,"Catering,Counter Service,Dinner,Fast Food,Healthy Food,Kosher Food,Lunch,Sandwich Shop",Boston,True,False,42.353806,Clover Food Lab,-71.056046,1.0,722513,0.001074874878,7.43750645e-05,2110.0,140.0,183.0,MA,160 Federal St,Limited-Service Restaurants,Restaurants and Other Eating Places,0,170,6,0,6,182.0,18,0.46859903381642515,5.838709677419355,7.0,1.393458778480979,0.9340659340659341,0.0,0.03296703296703297,0.03296703296703297,0.0,0.5604395604395604,0.0043016852206386345,0.9944362462637623,46,0.4444444444444444,0.9340659340659341
,Cafeteria,Boston,False,False,42.337539,Dana Farber Cancer Institute Cafeteria,-71.107064,21.0,722513,0.003613286422,0.0002525255661,2115.0,305.0,626.0,MA,44 Binney St,Limited-Service Restaurants,Restaurants and Other Eating Places,28,425,77,59,35,624.0,9,0.19126819126819128,19.451612903225808,38.0,10.238569424004316,0.6810897435897436,0.04487179487179487,0.05608974358974359,0.1233974358974359,0.09455128205128205,0.4266025641025641,0.014772270675270037,0.9539915835208745,75,0.0864197530864198,0.7110042735042735
,"Hawaiian Food,Polynesian Food",Boston,False,False,42.353036,Kokoda,-71.046402,11.0,722513,0.009606236162,0.0006609941246,2210.0,1203.0,1633.0,MA,53 Northern Ave,Limited-Service Restaurants,Restaurants and Other Eating Places,112,1156,178,121,64,1631.0,19,0.39299610894941633,52.45161290322581,105.0,16.540933994141415,0.7087676272225628,0.06866952789699571,0.03923973022685469,0.10913549969343961,0.07418761496014716,0.45272838749233596,0.03857335318726512,0.9251737405636554,82,0.0,0.7545473124872266
,"American Food,Bar or Pub,Late Night,Seafood",Boston,False,False,42.362461,Boston Sail Loft,-71.050532,53.0,722511,0.0009001017659,6.262511346e-05,2110.0,148.0,153.0,MA,80 Atlantic Ave,Full-Service Restaurants,Restaurants and Other Eating Places,10,93,19,1,27,150.0,16,0.5042016806722689,4.870967741935484,10.0,1.809329504823246,0.62,0.06666666666666667,0.18,0.12666666666666668,0.006666666666666667,0.39866666666666667,0.003592616228225673,0.9925346588279889,46,0.4444444444444444,0.6644444444444445
,"Brunch,Creperie,Vietnamese Food",Boston,False,False,42.343023,Phinista,-71.099245,7.0,722511,0.001327433658,9.196380371e-05,2215.0,184.0,226.0,MA,96 Peterborough St,Full-Service Restaurants,Restaurants and Other Eating Places,27,176,4,9,7,223.0,16,0.4517133956386293,7.161290322580645,11.0,1.7245246973707948,0.7892376681614349,0.1210762331838565,0.03139013452914798,0.017937219730941704,0.04035874439461883,0.5219730941704036,0.005318017443097213,0.992922432590675,74,0.09876543209876543,0.8699551569506727
,"BBQ and Southern Food,Bar or Pub,Cocktail Lounge,Late Night",Boston,True,False,42.350499,Savvor Restaurant and Lounge,-71.058449,159.0,722511,0.005127581266,0.0003559952448,2111.0,596.0,874.0,MA,180 Lincoln St,Full-Service Restaurants,Restaurants and Other Eating Places,15,677,29,140,10,871.0,9,0.2664700098328417,27.903225806451612,38.0,3.324928703671,0.7772675086107922,0.01722158438576349,0.011481056257175661,0.03329506314580941,0.16073478760045926,0.4732491389207807,0.02063390767921719,0.9856045139256396,66,0.19753086419753085,0.7887485648679678
,"American Food,Brewery or Brewpub",Boston,True,False,42.368365,Sam Adams Brewhouse,-71.020886,1.0,722511,0.004042868515,0.0002820219187,2128.0,607.0,692.0,MA,18 Airport Rd Departure Level # C,Full-Service Restaurants,Restaurants and Other Eating Places,16,642,15,5,11,689.0,19,0.4145141451414514,21.93548387096774,46.0,8.091953326412394,0.9317851959361393,0.023222060957910014,0.015965166908563134,0.02177068214804064,0.00725689404934688,0.5683599419448476,0.016332222458578554,0.9638070813235504,52,0.37037037037037035,0.9472665699080794
Jimmy John's,"Catering,Counter Service,Deli,Dinner,Lunch,Sandwich Shop",Boston,False,False,42.364953,Jimmy John's,-71.059584,3.0,722513,0.1008112216,0.006992961792,2114.0,9906.0,17185.0,MA,60 Valenti Way,Limited-Service Restaurants,Restaurants and Other Eating Places,383,14159,795,1563,282,17182.0,17,0.32409307198672893,549.9032258064516,667.0,47.46024131547589,0.8240600628564777,0.022290769409847516,0.016412524735187988,0.04626935164707252,0.09096729135141426,0.5033523454778256,0.4061547188541445,0.7837938294499398,52,0.37037037037037035,0.838920575796376
Starbucks,"Bakery,Coffee Shop,Counter Service,Dessert,Snacks,Tea House",Boston,False,False,42.359151,Starbucks,-71.055635,1.0,722515,6.431094359e-05,4.278200761e-06,2109.0,11.0,11.0,MA,84 State St,Snack and Nonalcoholic Beverage Bars,Restaurants and Other Eating Places,0,10,0,0,0,10.0,12,0.18181818181818182,0.3548387096774194,2.0,0.5982979674513357,1.0,0.0,0.0,0.0,0.0,0.6,0.0002363563308043206,0.9980721545205721,47,0.4320987654320988,1.0
,Thai Food,Boston,True,False,42.352442,Brown Sugar Cafe,-71.121829,3.0,722511,0.0006731297794,4.618038835e-05,2215.0,86.0,117.0,MA,1033 Commonwealth Ave,Full-Service Restaurants,Restaurants and Other Eating Places,7,109,0,0,0,116.0,0,0.10144927536231885,3.5483870967741935,10.0,3.434537201085462,0.9396551724137931,0.0603448275862069,0.0,0.0,0.0,0.5879310344827586,0.002741733437330119,0.9851033241848504,74,0.09876543209876543,0.9798850574712644
Dunkin',"Coffee Shop,Counter Service,Dessert,Donut Shop,Snacks",Boston,False,False,42.358848,Dunkin',-71.059466,1.0,722515,0.01139568718,0.0007787004934,2108.0,1481.0,1948.0,MA,16 Tremont St,Snack and Nonalcoholic Beverage Bars,Restaurants and Other Eating Places,75,1611,118,99,42,1945.0,12,0.24249797242497972,61.38709677419355,146.0,26.287096576267025,0.8282776349614396,0.038560411311053984,0.021593830334190232,0.060668380462724936,0.05089974293059126,0.5123907455012854,0.04601857760760122,0.8806089776716364,31,0.6296296296296297,0.8539845758354757
,Italian Food,Boston,False,False,42.362702,Mother Anna's Restaurant,-71.055299,1.0,722511,0.0005862009984,4.062152044e-05,2113.0,100.0,100.0,MA,211 Hanover St,Full-Service Restaurants,Restaurants and Other Eating Places,0,100,0,0,0,100.0,9,0.2766990291262136,3.193548387096774,5.0,1.229197347306945,1.0,0.0,0.0,0.0,0.0,0.6,0.002339927674962774,0.9951873389806024,40,0.5185185185185186,1.0
,"Bar or Pub,Cocktail Lounge,Late Night,Mexican Food,Seafood",Boston,False,False,42.337105,Loco Taqueria & Oyster Bar,-71.047663,5.0,722511,0.0008900247587,6.112204718e-05,2127.0,125.0,152.0,MA,412 W Broadway,Full-Service Restaurants,Restaurants and Other Eating Places,8,128,5,2,8,151.0,21,0.5436893203883495,4.806451612903226,8.0,1.377687516391137,0.847682119205298,0.052980132450331126,0.052980132450331126,0.033112582781456956,0.013245033112582781,0.5298013245033113,0.003568980595145241,0.994508361062753,38,0.5432098765432098,0.8830022075055188
,"American Food,Bar or Pub,Brunch,Late Night",Boston,False,False,42.376955,Monument Restaurant & Tavern,-71.065975,12.0,722511,0.000950898132,6.579300789e-05,2129.0,149.0,162.0,MA,251 Main St,Full-Service Restaurants,Restaurants and Other Eating Places,32,97,12,0,19,160.0,19,0.4065281899109792,5.193548387096774,7.0,0.8951249629362328,0.60625,0.2,0.11875,0.075,0.0,0.44375,0.0038053369259495617,0.9967148998511297,8,0.9135802469135803,0.7395833333333334
Starbucks,"Bakery,Coffee Shop,Counter Service,Dessert,Snacks,Tea House",Boston,False,False,42.349563,Starbucks,-71.09992,1.0,722515,1.094251712e-05,8.380496467e-07,2215.0,2.0,2.0,MA,595 Commonwealth Ave,Snack and Nonalcoholic Beverage Bars,Restaurants and Other Eating Places,0,1,0,0,0,1.0,10,0.0,0.06451612903225806,1.0,0.2456701001891583,1.0,0.0,0.0,0.0,0.0,0.6,2.3635633080432058e-05,0.9996845611638265,74,0.09876543209876543,1.0
,"Asian Food,Sandwich Shop",Boston,True,False,42.353013,Bao CHICKA Wow,-71.045545,9.0,722511,0.004573761728,0.0003166294161,2210.0,495.0,781.0,MA,1 Marina Park Dr,Full-Service Restaurants,Restaurants and Other Eating Places,28,562,78,83,28,779.0,9,0.2447833065810594,24.774193548387096,31.0,3.179670072348802,0.7214377406931964,0.03594351732991014,0.03594351732991014,0.10012836970474968,0.10654685494223363,0.4472400513478819,0.018435793802737008,0.9862687154930099,82,0.0,0.7454000855798032
,American Food,Boston,True,False,42.338321,Longwood Grille & Bar,-71.106778,32.0,722511,0.01076632801,0.0007479816442,2115.0,935.0,1862.0,MA,342 Longwood Ave,Full-Service Restaurants,Restaurants and Other Eating Places,155,1137,140,338,89,1859.0,10,0.2656759695541863,58.483870967741936,105.0,26.028360422929666,0.6116191500806886,0.08337816030123722,0.047875201721355565,0.07530930607853685,0.18181818181818182,0.400322754168908,0.04398591316268406,0.8817920602672643,75,0.0864197530864198,0.6672045902815134
Chick-fil-A,"Breakfast,Burgers,Counter Service,Dinner,Drive Through,Fast Food,Lunch",Boston,False,False,42.350637,Chick-fil-A,-71.076467,5.0,722513,0.003149358341,0.0002172051127,2116.0,369.0,537.0,MA,569 Boylston St,Limited-Service Restaurants,Restaurants and Other Eating Places,38,421,16,24,36,535.0,12,0.41235632183908044,17.225806451612904,37.0,6.057305253186516,0.7869158878504673,0.07102803738317758,0.06728971962616823,0.029906542056074768,0.044859813084112146,0.5005607476635514,0.012668699331111585,0.9731106003432628,81,0.012345679012345734,0.8342679127725857
,American Food,Boston,False,False,42.353164,Artisan Bistro,-71.063459,113.0,722511,0.001288926914,8.98826247e-05,2111.0,102.0,220.0,MA,10 Avery St,Full-Service Restaurants,Restaurants and Other Eating Places,8,108,33,53,15,217.0,18,0.48625792811839325,7.096774193548387,13.0,2.467267506577154,0.4976958525345622,0.03686635944700461,0.06912442396313365,0.15207373271889402,0.24423963133640553,0.3133640552995392,0.005176203644614621,0.9895262079840037,66,0.19753086419753085,0.5222734254992321
,Mexican Food,Boston,False,False,42.298918,Achilito's Taqueria,-71.113973,1.0,722511,0.0009216879843,6.369214566e-05,2130.0,130.0,157.0,MA,38 Hyde Park Ave,Full-Service Restaurants,Restaurants and Other Eating Places,21,129,0,5,0,155.0,17,0.25213675213675213,5.0,7.0,1.1359236684941296,0.832258064516129,0.13548387096774195,0.0,0.0,0.03225806451612903,0.5535483870967741,0.0036871587605474014,0.9956138370351272,9,0.9012345679012346,0.9225806451612902
,"Asian Food,Chinese Food,Japanese Food",Boston,False,False,42.34189,Shun's Kitchen,-71.079775,21.0,722511,0.0004060550822,2.736690669e-05,2118.0,70.0,70.0,MA,520 Columbus Ave,Full-Service Restaurants,Restaurants and Other Eating Places,7,46,0,0,15,68.0,16,0.0,2.129032258064516,4.0,1.736550817250938,0.6764705882352942,0.10294117647058823,0.22058823529411764,0.0,0.0,0.4470588235294118,0.001630858682549812,0.9928674426213969,44,0.4691358024691358,0.7450980392156863
,"Mexican Food,Truck or Cart",Boston,False,False,42.363316,Tenoch Mexican,-71.051849,86.0,722511,0.0005738749737,3.968132873e-05,2109.0,70.0,98.0,MA,3 Lewis St,Full-Service Restaurants,Restaurants and Other Eating Places,14,56,14,14,0,98.0,13,0.26031746031746034,3.129032258064516,5.0,1.2376339415000568,0.5714285714285714,0.14285714285714285,0.0,0.14285714285714285,0.14285714285714285,0.39999999999999997,0.0022926564088019095,0.9951487622775499,47,0.4320987654320988,0.6666666666666666
Luke's Lobster,"Catering,Counter Service,Dinner,Lunch,Seafood",Boston,False,False,42.348751,Luke's Lobster,-71.079518,344.0,722511,0.00217587876,0.0001507104844,2116.0,240.0,370.0,MA,75 Exeter St,Full-Service Restaurants,Restaurants and Other Eating Places,12,230,16,94,16,368.0,14,0.2556390977443609,11.838709677419354,17.0,2.0176123575628244,0.625,0.03260869565217391,0.043478260869565216,0.043478260869565216,0.2554347826086957,0.38804347826086955,0.00872154860667943,0.9915822761985593,81,0.012345679012345734,0.6467391304347826
Clover Food Lab,"Catering,Counter Service,Dinner,Fast Food,Healthy Food,Kosher Food,Lunch,Sandwich Shop",Boston,False,False,42.35246,Clover Food Lab,-71.054839,2.0,722513,0.04485011865,0.003109920832,2210.0,4842.0,7668.0,MA,Summer St @ Atlantic Ave,Limited-Service Restaurants,Restaurants and Other Eating Places,207,6601,272,472,114,7666.0,17,0.25684414744557016,244.67741935483872,296.0,42.91280513964537,0.8610748760761805,0.027002348030263502,0.014870858335507435,0.035481346204017744,0.06157057135403079,0.5274458648578138,0.1812143988276726,0.8045871840892463,82,0.0,0.8790764414296897
,Mexican Food,Boston,True,False,42.367359,Mija Cantina & Tequlia Bar Take Out Only,-71.015585,31.0,722511,0.04779196789,0.003310607175,2128.0,5520.0,8145.0,MA,100 Harborside Dr,Full-Service Restaurants,Restaurants and Other Eating Places,1073,3833,1289,936,1012,8143.0,9,0.23426676492262344,261.258064516129,352.0,32.92706283927621,0.47071104015719023,0.13176961807687584,0.1242785214294486,0.15829546850055262,0.1149453518359327,0.33513447132506446,0.1924885958070387,0.8502474359234303,52,0.37037037037037035,0.5585574522084408
,"Bakery,Dessert,Gelato Shop",Boston,False,False,42.364268,Mike's Pastry,-71.054379,1.0,722515,0.001093796413,7.518133918e-05,2113.0,175.0,187.0,MA,300 Hanover St,Snack and Nonalcoholic Beverage Bars,Restaurants and Other Eating Places,21,157,5,0,1,184.0,14,0.2524271844660194,6.032258064516129,19.0,2.596323342949533,0.8532608695652174,0.11413043478260869,0.005434782608695652,0.02717391304347826,0.0,0.5576086956521739,0.004396227752960363,0.9889360944188643,40,0.5185185185185186,0.9293478260869564
,Italian Food,Boston,False,False,42.350968,Baruffis Italian Eatery,-71.083216,7.0,722511,5.770839946e-06,4.147047675e-07,2115.0,1.0,1.0,MA,Commonwealth Ave Pier,Full-Service Restaurants,Restaurants and Other Eating Places,0,1,0,0,0,1.0,13,0.0,0.03225806451612903,1.0,0.17668469596940847,1.0,0.0,0.0,0.0,0.0,0.6,0.0,1.0,75,0.0864197530864198,1.0
,"Latin American Food,Sandwich Shop",Boston,False,False,42.355112,Chacarero,-71.058636,183.0,722511,0.0003673509912,2.51075898e-05,2110.0,50.0,62.0,MA,101 Arch St,Full-Service Restaurants,Restaurants and Other Eating Places,0,49,12,0,0,61.0,7,0.0,2.0,7.0,2.9402655135757008,0.8032786885245902,0.0,0.0,0.19672131147540983,0.0,0.4819672131147541,0.0014417736179063556,0.9873634035106876,46,0.4444444444444444,0.8032786885245902
,"Bar or Pub,Cocktail Lounge,Late Night,Mexican Food",Boston,True,False,42.345926,Cosmica,-71.071126,1.0,722511,0.003062376643,0.0002109794342,2116.0,378.0,521.0,MA,40 Berkeley St,Full-Service Restaurants,Restaurants and Other Eating Places,35,413,13,44,13,518.0,20,0.38461538461538464,16.548387096774192,41.0,6.3288316695713265,0.7972972972972973,0.06756756756756757,0.025096525096525095,0.025096525096525095,0.08494208494208494,0.5054054054054054,0.012290529201824671,0.9718690336996588,81,0.012345679012345734,0.8423423423423423
Dig Inn,"American Food,Catering,Counter Service,Dinner,Lunch",Boston,False,False,42.351157,Dig Inn,-71.047147,35.0,722513,0.0008215587164,5.785293998e-05,2210.0,133.0,138.0,MA,25 Thomson Pl,Limited-Service Restaurants,Restaurants and Other Eating Places,15,76,35,0,10,136.0,20,0.2987951807228916,4.903225806451613,18.0,3.53192663049574,0.5588235294117647,0.11029411764705882,0.07352941176470588,0.25735294117647056,0.0,0.37941176470588234,0.003238081732019192,0.9846580066772379,82,0.0,0.6323529411764706
Dunkin',"Coffee Shop,Counter Service,Dessert,Donut Shop,Snacks",Boston,False,False,42.336906,Dunkin',-71.077042,17.0,722515,0.002610878746,0.0001802134601,2118.0,280.0,445.0,MA,616 Massachusetts Ave,Snack and Nonalcoholic Beverage Bars,Restaurants and Other Eating Places,20,339,28,39,16,442.0,16,0.25254237288135595,14.419354838709678,26.0,4.353524293869887,0.7669683257918553,0.04524886877828054,0.03619909502262444,0.06334841628959276,0.08823529411764706,0.47828054298642536,0.010494221087711834,0.9809012147345243,44,0.4691358024691358,0.797134238310709
Juice Press,"Breakfast,Counter Service,Healthy Food,Lunch,Salad,Sandwich Shop,Smoothie & Juice Bar,Snacks",Boston,False,False,42.350531,Juice Press,-71.073564,1.0,722515,0.0137666314,0.0009551361265,2116.0,1660.0,2347.0,MA,500 Boylston St,Snack and Nonalcoholic Beverage Bars,Restaurants and Other Eating Places,79,2012,75,131,48,2345.0,12,0.2714236940935473,75.25806451612904,93.0,9.827439340735594,0.857995735607676,0.03368869936034115,0.02046908315565032,0.031982942430703626,0.055863539445628996,0.528272921108742,0.05544919520669361,0.9558714941548557,81,0.012345679012345734,0.8804548685145701
,"Bar or Pub,Brunch,Irish Food,Irish Pub,Late Night",Boston,False,,42.359968,The Dubliner,-71.060246,92.0,722511,0.01602924851,0.001115728829,2108.0,1030.0,2728.0,MA,2 Center Plz,Full-Service Restaurants,Restaurants and Other Eating Places,249,1323,376,603,175,2726.0,14,0.20384169564497434,87.12903225806451,110.0,9.376504388488629,0.48532648569332354,0.09134262655906089,0.06419662509170947,0.13793103448275862,0.22120322817314747,0.32773294203961845,0.06445437141033823,0.9579334143267463,31,0.6296296296296297,0.5462215700660308
Cafe Landwer,,Boston,False,False,42.346732,Cafe Landwer,-71.105683,30.0,722515,0.0001933453037,1.289898375e-05,2215.0,33.0,33.0,MA,900 Beacon St,Snack and Nonalcoholic Beverage Bars,Restaurants and Other Eating Places,0,26,0,0,6,32.0,12,0.15584415584415584,1.064516129032258,5.0,1.7026636413415033,0.8125,0.0,0.1875,0.0,0.0,0.4875,0.0007563402585738259,0.9930223932439377,74,0.09876543209876543,0.8125
Starbucks,"Bakery,Coffee Shop,Counter Service,Dessert,Snacks,Tea House",Boston,False,False,42.351311,Starbucks,-71.045177,13.0,722515,0.002791473912,0.0001937498185,2210.0,375.0,478.0,MA,103 Seaport Blvd,Snack and Nonalcoholic Beverage Bars,Restaurants and Other Eating Places,61,334,30,20,30,475.0,14,0.075,14.870967741935484,23.0,5.540128888007354,0.7031578947368421,0.12842105263157894,0.06315789473684211,0.06315789473684211,0.042105263157894736,0.47326315789473683,0.011274196979366092,0.975475412328837,82,0.0,0.7887719298245615
,Chinese Food,Boston,False,False,42.351469,Five Spices House,-71.060432,1.0,722511,0.0006155901705,4.253203103e-05,2111.0,91.0,105.0,MA,58 Beach St Ste 2017,Full-Service Restaurants,Restaurants and Other Eating Places,3,101,0,0,0,104.0,12,0.38306451612903225,3.3548387096774195,5.0,0.784872584554609,0.9711538461538461,0.028846153846153848,0.0,0.0,0.0,0.5942307692307691,0.0024581058403649342,0.9972190337663456,66,0.19753086419753085,0.9903846153846152
,"American Food,Asian Food",Boston,False,False,42.341722,Moonshine 152,-71.056848,200.0,722511,0.002031384602,0.0001429692684,2127.0,188.0,346.0,MA,152 Dorchester Ave,Full-Service Restaurants,Restaurants and Other Eating Places,12,189,66,69,8,344.0,5,0.05560882070949185,11.193548387096774,71.0,11.142535053072484,0.5494186046511628,0.03488372093023256,0.023255813953488372,0.19186046511627908,0.2005813953488372,0.3436046511627907,0.00815429341274906,0.94985816038305,38,0.5432098765432098,0.5726744186046512
,"American Food,Bar or Pub,Cocktail Lounge,Late Night",Boston,True,False,42.362046,Alibi,-71.070349,63.0,722511,0.09902242268,0.006858090513,2114.0,9061.0,17025.0,MA,215 Charles St,Full-Service Restaurants,Restaurants and Other Eating Places,709,11131,1897,2479,806,17022.0,12,0.23370944992947815,536.8709677419355,755.0,142.89421802237055,0.6539184584655152,0.04165197979085889,0.04735048760427682,0.11144401362942075,0.14563506050992833,0.4090118669956527,0.40237301756127536,0.34741771649803954,52,0.37037037037037035,0.6816864449927544
,"Hawaiian Food,Japanese Food",Boston,False,False,42.357765,Love Art Sushi,-71.057217,1.0,722511,0.0006386518444,4.404555021e-05,2109.0,103.0,109.0,MA,40 Water St,Full-Service Restaurants,Restaurants and Other Eating Places,2,106,0,0,0,108.0,11,0.20105820105820105,3.4838709677419355,6.0,0.9794984806896114,0.9814814814814815,0.018518518518518517,0.0,0.0,0.0,0.5962962962962963,0.0025526483726866626,0.9963290981798195,47,0.4320987654320988,0.9938271604938272
,"Chinese Food,Seafood,Soup",Boston,True,False,42.352314,Victoria Seafood Restaurant,-71.121708,33.0,722511,0.001132876875,7.824003784e-05,2215.0,130.0,193.0,MA,1029 Commonwealth Ave,Full-Service Restaurants,Restaurants and Other Eating Places,9,125,28,4,24,190.0,12,0.3038461538461538,6.161290322580645,10.0,1.4164192516193645,0.6578947368421053,0.04736842105263158,0.12631578947368421,0.14736842105263157,0.021052631578947368,0.4136842105263158,0.004538041551442955,0.994331258476756,74,0.09876543209876543,0.6894736842105263
,"Deli,Donut Shop,Pizza",Boston,False,False,42.34014,Doughboy Donuts & Deli,-71.056774,11.0,722513,0.001341266795,9.313602059e-05,2127.0,116.0,229.0,MA,220 Dorchester Ave,Limited-Service Restaurants,Restaurants and Other Eating Places,11,160,11,36,9,227.0,15,0.3418803418803419,7.32258064516129,11.0,2.190700238238664,0.7048458149779736,0.048458149779735685,0.039647577092511016,0.048458149779735685,0.15859030837004406,0.4422907488986784,0.00538892434233851,0.9907908241478878,38,0.5432098765432098,0.7371512481644641
,Greek Food,Boston,False,False,42.364649,Greco,-71.062453,14.0,722511,0.001647872245,0.0001144361274,2114.0,255.0,282.0,MA,80 Causeway St,Full-Service Restaurants,Restaurants and Other Eating Places,6,222,25,4,22,279.0,17,0.34793187347931875,9.0,17.0,2.3000701251581788,0.7956989247311828,0.021505376344086023,0.07885304659498207,0.08960573476702509,0.014336917562724014,0.48602150537634403,0.006641612895601409,0.9902907254642239,52,0.37037037037037035,0.8100358422939068
,Asian Food,Boston,False,False,42.336219,Mei Mei Dumplings,-71.055663,4.0,722511,0.00174511578,0.0001210838527,2127.0,228.0,299.0,MA,58 Old Colony Ave,Full-Service Restaurants,Restaurants and Other Eating Places,21,266,8,0,2,297.0,9,0.17061611374407584,9.451612903225806,17.0,2.6131023420746624,0.8956228956228957,0.0707070707070707,0.006734006734006734,0.026936026936026935,0.0,0.5656565656565656,0.007043418657968753,0.9888593716973546,38,0.5432098765432098,0.9427609427609428
honeygrow,"Catering,Counter Service,Dinner,Fusion Food,Lunch,Salad,Vegetarian Food",Boston,False,False,42.352172,honeygrow,-71.0436,1.0,722513,0.001090724256,7.58475658e-05,2210.0,170.0,186.0,MA,100 Northern Ave,Limited-Service Restaurants,Restaurants and Other Eating Places,0,180,0,0,5,185.0,19,0.5596590909090909,5.935483870967742,8.0,0.7155184842844786,0.972972972972973,0.0,0.02702702702702703,0.0,0.0,0.5837837837837838,0.004372592119879931,0.997536158481646,82,0.0,0.972972972972973
,Smoothie & Juice Bar,Boston,False,False,42.363295,The Juicery,-71.056184,1.0,722515,0.002489783421,0.0001727099031,2113.0,367.0,425.0,MA,58 Salem St,Snack and Nonalcoholic Beverage Bars,Restaurants and Other Eating Places,15,384,10,6,6,421.0,13,0.31688804554079697,13.548387096774194,17.0,1.4332167671950362,0.9121140142517815,0.035629453681710214,0.014251781472684086,0.023752969121140142,0.014251781472684086,0.561520190023753,0.010021508426103193,0.9942544510879506,40,0.5185185185185186,0.9358669833729216
Dunkin',"Coffee Shop,Counter Service,Dessert,Donut Shop,Snacks",Boston,False,False,42.365948,Dunkin',-71.061614,8.0,722515,0.01257808429,0.0008700099354,2114.0,1638.0,2151.0,MA,1 Legends Way,Snack and Nonalcoholic Beverage Bars,Restaurants and Other Eating Places,122,1575,246,143,63,2149.0,18,0.46042471042471045,69.90322580645162,108.0,19.108104746769826,0.7328990228013029,0.05677059097254537,0.029315960912052116,0.11447184737087017,0.0665425779432294,0.4624476500697999,0.05081661112292893,0.9134352378524417,52,0.37037037037037035,0.7707460834496664
,Chinese Food,Boston,False,False,42.379363,Chinese Dragon,-71.028098,62.0,722511,0.0005005007226,3.477271995e-05,2128.0,30.0,85.0,MA,380 Chelsea St,Full-Service Restaurants,Restaurants and Other Eating Places,11,40,20,7,5,83.0,12,0.17532467532467533,2.7419354838709675,4.0,0.6704712803492427,0.4819277108433735,0.13253012048192772,0.060240963855421686,0.24096385542168675,0.08433734939759036,0.3421686746987952,0.001985393178756293,0.9977421388298503,52,0.37037037037037035,0.5702811244979921
,"American Food,Bar or Pub,Late Night",Boston,False,False,42.350145,The Avenue,-71.132333,1.0,722511,0.00109077423,7.511157906e-05,2134.0,183.0,183.0,MA,1249 Commonwealth Ave,Full-Service Restaurants,Restaurants and Other Eating Places,0,160,0,0,22,182.0,10,0.228643216080402,6.129032258064516,11.0,3.7566451701542545,0.8791208791208791,0.0,0.12087912087912088,0.0,0.0,0.5274725274725275,0.0043016852206386345,0.9836304711366664,23,0.7283950617283951,0.8791208791208792
,"Italian Food,Pizza",Boston,False,False,42.333682,IL Mondo Pizzeria,-71.105399,5.0,722511,0.000494425475,3.417939486e-05,2115.0,69.0,84.0,MA,738 Huntington Ave,Full-Service Restaurants,Restaurants and Other Eating Places,7,76,0,0,0,83.0,9,0.4098360655737705,2.6774193548387095,5.0,1.4001635105942392,0.9156626506024096,0.08433734939759036,0.0,0.0,0.0,0.5831325301204819,0.001961757545675861,0.9944055885772765,75,0.0864197530864198,0.9718875502008033
,,Boston,True,False,42.363277,M Cooke,-71.050125,770.0,722511,0.001622328642,0.000113224267,2110.0,86.0,275.0,MA,224 Lewis Wharf,Full-Service Restaurants,Restaurants and Other Eating Places,1,91,12,170,0,274.0,0,0.2988089073019161,8.96774193548387,15.0,1.635964172013673,0.33211678832116787,0.0036496350364963502,0.0,0.043795620437956206,0.6204379562043796,0.20072992700729925,0.006476163464038384,0.9933273795409107,46,0.4444444444444444,0.33454987834549876
,"Gourmet,Italian Food,Pizza",Boston,False,False,42.365112,Monica's Mercato,-71.055585,13.0,722511,0.003426516268,0.0002353517685,2113.0,355.0,582.0,MA,130 Salem St,Full-Service Restaurants,Restaurants and Other Eating Places,19,423,26,101,11,580.0,14,0.2984375,19.06451612903226,42.0,7.259856409630257,0.7293103448275862,0.032758620689655175,0.01896551724137931,0.04482758620689655,0.17413793103448275,0.4506896551724138,0.013732302819731026,0.9676118815705301,40,0.5185185185185186,0.7511494252873563
,"Burgers,Pizza,Sandwich Shop",Boston,False,False,42.342561,College Pizza,-71.097262,2.0,722511,0.0004338211701,3.042303842e-05,2215.0,56.0,74.0,MA,50 Queensberry St,Full-Service Restaurants,Restaurants and Other Eating Places,5,68,0,0,0,73.0,20,0.296875,2.3548387096774195,4.0,1.3087395338774703,0.9315068493150684,0.0684931506849315,0.0,0.0,0.0,0.5863013698630136,0.0017254012148715404,0.9948236287865072,74,0.09876543209876543,0.9771689497716894
,Chinese Food,Boston,False,False,42.351132,Bo Shek Coffee House,-71.060188,4.0,722511,0.00497893036,0.0003424001537,2111.0,703.0,847.0,MA,63 Beach St,Full-Service Restaurants,Restaurants and Other Eating Places,35,698,49,7,55,844.0,10,0.38859180035650626,28.29032258064516,64.0,16.54162598472479,0.8270142180094787,0.041469194312796206,0.06516587677725119,0.058056872037914695,0.008293838862559242,0.5127962085308057,0.019995745586045523,0.925170576405864,66,0.19753086419753085,0.8546603475513428
,"Asian Food,Japanese Food,Sushi",Boston,True,False,42.349611,Typhoon Asian Bistro,-71.080147,83.0,722511,0.02530274137,0.001755531427,2116.0,1921.0,4313.0,MA,725 Boylston St,Full-Service Restaurants,Restaurants and Other Eating Places,278,2464,568,726,276,4312.0,15,0.2560916179337232,137.83870967741936,161.0,11.714608399258204,0.5714285714285714,0.06447124304267161,0.0640074211502783,0.13172541743970315,0.1683673469387755,0.36864564007421147,0.10191684984282304,0.9472423295045085,81,0.012345679012345734,0.6144094001236858
,,Boston,True,False,42.351168,99 Cafe,-71.061778,1.0,722511,0.02183838623,0.001515138167,2111.0,2548.0,3721.0,MA,7 Knapp St,Full-Service Restaurants,Restaurants and Other Eating Places,93,3110,146,288,81,3718.0,10,0.24433626661673843,120.06451612903226,204.0,19.896401820706934,0.8364712210866057,0.025013448090371166,0.021785906401291015,0.0392684238838085,0.07746100053792361,0.5118881118881118,0.08792455505920727,0.9098307143394738,66,0.19753086419753085,0.853146853146853
,Truck or Cart,Boston,False,,42.338288,Fruit Vegetable Cart Stand,-71.035446,1.0,722511,0.001086215154,7.623200861e-05,2111.0,108.0,185.0,MA,Summer St @ Federal St,Full-Service Restaurants,Restaurants and Other Eating Places,7,163,7,5,2,184.0,16,0.25120772946859904,5.967741935483871,32.0,4.954527880035379,0.8858695652173914,0.03804347826086957,0.010869565217391304,0.03804347826086957,0.02717391304347826,0.5467391304347826,0.004348956486799499,0.9781530990439612,66,0.19753086419753085,0.9112318840579711
,,Boston,True,False,42.360278,Scullers Jazz Club,-71.118119,37.0,722511,0.008127721065,0.0005606754176,2134.0,928.0,1383.0,MA,400 Soldiers Field Rd,Full-Service Restaurants,Restaurants and Other Eating Places,30,1200,35,92,23,1380.0,17,0.272108843537415,44.483870967741936,75.0,11.074151734038683,0.8695652173913043,0.021739130434782608,0.016666666666666666,0.025362318840579712,0.06666666666666667,0.5304347826086956,0.03266444491715711,0.9501708461578697,23,0.7283950617283951,0.8840579710144927
,"Bar or Pub,Dessert,Italian Food,Late Night,Wine Bar",Boston,False,False,42.366516,Massimino's,-71.057904,41.0,722513,0.0004163480628,2.914377142e-05,2113.0,66.0,71.0,MA,207 Endicott St,Limited-Service Restaurants,Restaurants and Other Eating Places,0,38,10,0,21,69.0,17,0.3485714285714286,2.2580645161290325,4.0,1.6057907696327278,0.5507246376811594,0.0,0.30434782608695654,0.14492753623188406,0.0,0.33043478260869563,0.0016544943156302442,0.9934653487684318,40,0.5185185185185186,0.5507246376811594
,Bubble Tea Shop,Boston,False,False,42.350811,A Cha,-71.131041,9.0,722515,0.0006927991732,4.823114315e-05,2134.0,82.0,118.0,MA,194 Harvard Ave,Snack and Nonalcoholic Beverage Bars,Restaurants and Other Eating Places,9,99,4,0,4,116.0,11,0.2680115273775216,3.7419354838709675,6.0,1.3190353742103789,0.853448275862069,0.07758620689655173,0.034482758620689655,0.034482758620689655,0.0,0.543103448275862,0.002765369070410551,0.994776550597595,23,0.7283950617283951,0.9051724137931033
,"American Food,Brunch,Mediterranean Food",Boston,True,False,42.355046,Cafe de Boston,-71.057275,162.0,722511,0.005673117721,0.0003958392702,2110.0,470.0,964.0,MA,75 Federal St,Full-Service Restaurants,Restaurants and Other Eating Places,14,588,75,280,4,961.0,16,0.1845286059629331,30.580645161290324,59.0,13.341118088145064,0.6118626430801248,0.014568158168574402,0.004162330905306972,0.07804370447450572,0.29136316337148804,0.3729448491155047,0.022761114656456072,0.9398050414420508,46,0.4444444444444444,0.6215747485258412
,,Boston,True,False,42.354674,Courthouse Deli,-71.061851,38.0,722511,0.008905548155,0.000614056531,2111.0,941.0,1513.0,MA,499B Washington St,Full-Service Restaurants,Restaurants and Other Eating Places,84,1033,99,240,55,1511.0,18,0.3427087840761575,48.67741935483871,99.0,20.330157317789673,0.6836532097948379,0.05559232296492389,0.036399735274652546,0.06551952349437459,0.15883520847121113,0.43242885506287226,0.035737077217613274,0.9078473479921841,66,0.19753086419753085,0.7207147584381205
sweetgreen,"Counter Service,Dinner,Healthy Food,Lunch,Salad,Vegetarian Food",Boston,True,False,42.346762,sweetgreen,-71.083287,2.0,722513,1.218243434e-05,8.983873862e-07,2199.0,1.0,2.0,MA,800 Boylston St,Limited-Service Restaurants,Restaurants and Other Eating Places,0,1,0,0,0,1.0,17,1.0,0.0967741935483871,1.0,0.29565004483586066,1.0,0.0,0.0,0.0,0.0,0.6,2.3635633080432058e-05,0.9994560256388167,8,0.9135802469135803,1.0
,Korean Food,Boston,False,False,42.351576,Seoul Topokki,-71.131423,1.0,722511,0.0002794905058,2.013923041e-05,2134.0,47.0,47.0,MA,166 Harvard Ave,Full-Service Restaurants,Restaurants and Other Eating Places,7,39,0,0,0,46.0,16,0.23469387755102042,1.4838709677419355,4.0,1.5631021212368668,0.8478260869565217,0.15217391304347827,0.0,0.0,0.0,0.5695652173913043,0.0010872391216998748,0.9936605445162877,23,0.7283950617283951,0.9492753623188405
,Pizza,Boston,False,False,42.341232,Pizza Rail,-71.146552,15.0,722511,0.0004665737952,3.169968621e-05,2135.0,68.0,81.0,MA,1696 Commonwealth Ave,Full-Service Restaurants,Restaurants and Other Eating Places,13,67,0,0,0,80.0,15,0.3386454183266932,2.4838709677419355,5.0,1.7937340354139153,0.8375,0.1625,0.0,0.0,0.0,0.5674999999999999,0.0018908506464345649,0.9926059698071111,8,0.9135802469135803,0.9458333333333332
,"American Food,Bar or Pub,Bowling,Late Night,Sports Bar",Boston,False,False,42.35305,Kings Dining & Entertainment,-71.047057,7.0,722511,0.0005990116069,4.137574957e-05,2210.0,80.0,102.0,MA,60 Seaport Blvd,Full-Service Restaurants,Restaurants and Other Eating Places,5,87,5,0,3,100.0,19,0.5307262569832403,3.2580645161290325,5.0,0.7606339433904256,0.87,0.05,0.03,0.05,0.0,0.542,0.002387198941123638,0.9973298660336307,82,0.0,0.9033333333333334
,"American Food,Bar or Pub,Late Night,Seafood",Boston,False,False,42.358746,Central Wharf Co,-71.052743,2.0,722511,0.0008105782396,5.569676034e-05,2109.0,116.0,138.0,MA,160 Milk St,Full-Service Restaurants,Restaurants and Other Eating Places,3,119,10,3,0,135.0,15,0.1787709497206704,4.419354838709677,9.0,1.2895158768584958,0.8814814814814815,0.022222222222222223,0.0,0.07407407407407407,0.022222222222222223,0.5377777777777777,0.003238081732019192,0.9949115298152197,47,0.4320987654320988,0.8962962962962961
,Seafood,Boston,False,False,42.349954,Golden Banks Seafood,-71.038518,87.0,722511,0.002004854524,0.0001397531846,2210.0,150.0,341.0,MA,1 Fish Pier Rd,Full-Service Restaurants,Restaurants and Other Eating Places,2,139,141,27,30,339.0,18,0.3573717948717949,11.096774193548388,16.0,2.4803074563536884,0.41002949852507375,0.0058997050147492625,0.08849557522123894,0.415929203539823,0.07964601769911504,0.24837758112094394,0.0080361152473469,0.9894665822323278,82,0.0,0.4139626352015732
,,Boston,False,False,42.351697,Philadelphia Steak & Hoagie,-71.055652,13.0,722511,0.0387317759,0.002684964792,2110.0,3470.0,6617.0,MA,2 South Sta,Full-Service Restaurants,Restaurants and Other Eating Places,693,4205,382,930,405,6615.0,16,0.24534490055014813,211.09677419354838,251.0,25.570086907026386,0.63567649281935,0.10476190476190476,0.061224489795918366,0.05774754346182918,0.14058956916099774,0.4233106575963719,0.1563733484601385,0.8838875363486275,46,0.4444444444444444,0.7055177626606198
,"Brunch,Coffee Shop,Middle Eastern Food",Boston,False,False,42.335946,All Spice,-71.074294,7.0,722513,8.945121212e-05,5.819974454e-06,2118.0,16.0,16.0,MA,805 Harrison Ave,Limited-Service Restaurants,Restaurants and Other Eating Places,0,16,0,0,0,16.0,0,0.25,0.5161290322580645,9.0,1.9817061359235701,1.0,0.0,0.0,0.0,0.0,0.6,0.0003545344962064809,0.991746458997709,44,0.4691358024691358,1.0
,Cafe,Boston,False,False,42.324315,Madhouse Cafe,-71.07545,21.0,722513,0.001004909863,6.949271308e-05,2119.0,125.0,171.0,MA,24 Blue Hill Ave,Limited-Service Restaurants,Restaurants and Other Eating Places,16,116,8,10,19,169.0,14,0.21224489795918366,5.32258064516129,7.0,1.9738140052617232,0.6863905325443787,0.09467455621301775,0.11242603550295859,0.047337278106508875,0.05917159763313609,0.4497041420118343,0.00401805762367345,0.9917825461169926,13,0.8518518518518519,0.7495069033530571
,Cafe,Boston,True,False,42.362273,The Cafe,-71.061828,9.0,722513,0.001652645081,0.0001138725048,2114.0,154.0,286.0,MA,25 New Chardon St,Limited-Service Restaurants,Restaurants and Other Eating Places,16,215,28,10,14,283.0,15,0.08060453400503778,8.903225806451612,14.0,3.61319123276022,0.7597173144876325,0.05653710247349823,0.04946996466431095,0.0989399293286219,0.0353356890459364,0.4784452296819788,0.006736155427923137,0.9842864206605966,52,0.37037037037037035,0.7974087161366313
,"Halal Food,Mediterranean Food,Middle Eastern Food",Boston,False,False,42.357765,Falafel King,-71.057607,1.0,722513,0.0009983252546,6.955297098e-05,2108.0,165.0,170.0,MA,260 Washington St,Limited-Service Restaurants,Restaurants and Other Eating Places,5,153,5,0,5,168.0,13,0.21982758620689655,5.419354838709677,7.0,0.8715649087810513,0.9107142857142857,0.02976190476190476,0.02976190476190476,0.02976190476190476,0.0,0.5583333333333332,0.003994421990593018,0.9968226292490646,31,0.6296296296296297,0.9305555555555555
,Pizza,Boston,False,False,42.334712,Wood Fired Love,-71.102072,1.0,722511,0.0003557622282,2.431064156e-05,2120.0,62.0,62.0,MA,134 Smith St,Full-Service Restaurants,Restaurants and Other Eating Places,0,54,0,7,0,61.0,12,0.22525597269624573,1.8709677419354838,5.0,1.755028452740057,0.8852459016393442,0.0,0.0,0.0,0.11475409836065574,0.5311475409836065,0.0014417736179063556,0.9927829528093874,8,0.9135802469135803,0.8852459016393442
,Chinese Food,Boston,False,False,42.350992,Winsor Dim Sum Cafe,-71.060486,9.0,722511,0.0005995929992,4.150705124e-05,2111.0,95.0,102.0,MA,10 Tyler St,Full-Service Restaurants,Restaurants and Other Eating Places,7,77,3,0,14,101.0,10,0.29901960784313725,3.2580645161290325,5.0,0.7606339433904256,0.7623762376237624,0.06930693069306931,0.13861386138613863,0.0297029702970297,0.0,0.48514851485148514,0.002387198941123638,0.9973298660336307,66,0.19753086419753085,0.8085808580858086
,Seafood,Boston,True,False,42.344392,Yankee Lobster,-71.030162,66.0,722511,0.004564402762,0.0003195547684,2210.0,314.0,778.0,MA,23 Drydock Ave,Full-Service Restaurants,Restaurants and Other Eating Places,51,332,123,155,116,777.0,8,0.12127107652399481,25.032258064516128,47.0,9.299614528840193,0.4272844272844273,0.06563706563706563,0.1492921492921493,0.1583011583011583,0.1994851994851995,0.2826254826254826,0.01836488690349571,0.9582849966377491,82,0.0,0.471042471042471
,Italian Food,Boston,False,False,42.364064,Isabella's,-71.05361,1.0,722511,0.01212778981,0.0008365541822,2113.0,1651.0,2049.0,MA,2 Prince St,Full-Service Restaurants,Restaurants and Other Eating Places,86,1779,82,43,56,2046.0,16,0.32592592592592595,67.29032258064517,149.0,27.230430734023614,0.8695014662756598,0.042033235581622676,0.02737047898338221,0.04007820136852395,0.021016617790811338,0.538514173998045,0.048405776548724855,0.8762955401813297,40,0.5185185185185186,0.8975236233300751
,"Mexican Food,Truck or Cart",Boston,False,False,42.328838,Oasis Food Truck,-71.066899,2.0,722513,0.0006411161197,4.352635294e-05,2118.0,47.0,111.0,MA,Newmarket Sq,Limited-Service Restaurants,Restaurants and Other Eating Places,0,111,0,0,0,111.0,7,0.20454545454545456,3.4193548387096775,6.0,1.8452064059451734,1.0,0.0,0.0,0.0,0.0,0.6,0.0025999196388475265,0.9923706100982117,44,0.4691358024691358,1.0
,Coffee Shop,Boston,False,False,42.345435,La Colombe Coffee Bar,-71.062779,22.0,722515,0.005703082802,0.0003961903503,2118.0,558.0,973.0,MA,348 Harrison Ave,Snack and Nonalcoholic Beverage Bars,Restaurants and Other Eating Places,123,567,54,155,72,971.0,13,0.27087952697708795,30.903225806451612,40.0,5.555321997634209,0.583934088568486,0.1266735324407827,0.07415036045314109,0.055612770339855816,0.1596292481977343,0.40102986611740465,0.02297383535417996,0.9754059411577574,44,0.4691358024691358,0.6683831101956744
,Seafood,Boston,False,False,42.286484,Cajun Window,-71.043836,10.0,722511,0.0005225189671,3.660052123e-05,2122.0,88.0,89.0,MA,400 Neponset Ave,Full-Service Restaurants,Restaurants and Other Eating Places,3,83,0,0,2,88.0,10,0.22344322344322345,2.870967741935484,5.0,0.7509965630208268,0.9431818181818182,0.03409090909090909,0.022727272727272728,0.0,0.0,0.5795454545454546,0.0020799357110780213,0.9973739333850065,9,0.9012345679012346,0.965909090909091
,"Brunch,Deli,Sandwich Shop",Boston,False,False,42.35514,Archie's New York Deli,-71.059388,4.0,722513,0.0174012115,0.001197582824,2110.0,1755.0,2978.0,MA,101 Arch St,Limited-Service Restaurants,Restaurants and Other Eating Places,172,2392,99,248,65,2976.0,17,0.28838556755333156,94.41935483870968,171.0,32.80516697456253,0.803763440860215,0.05779569892473118,0.021841397849462367,0.03326612903225806,0.08333333333333333,0.5053763440860214,0.07036327968044624,0.8508048101989678,46,0.4444444444444444,0.8422939068100357
,"Catering,Italian Food,Sandwich Shop",Boston,False,False,42.354736,Viga,-71.053841,2.0,722513,0.0152946535,0.001041297714,2110.0,1827.0,2629.0,MA,133 Pearl St,Limited-Service Restaurants,Restaurants and Other Eating Places,41,2231,135,161,58,2626.0,8,0.2061213434452871,82.96774193548387,141.0,33.65046505067874,0.8495811119573495,0.015613099771515614,0.022086824067022087,0.05140898705255141,0.06130997715156131,0.515993907083016,0.06211444373537545,0.8469396470624235,46,0.4444444444444444,0.85998984513836
McDonald's,"Breakfast,Burgers,Counter Service,Dinner,Fast Food,Lunch",Boston,False,False,42.352077,McDonald's,-71.055227,13.0,722513,0.0387317759,0.002684964792,2110.0,3470.0,6617.0,MA,700 Atlantic Ave,Limited-Service Restaurants,Restaurants and Other Eating Places,693,4205,382,930,405,6615.0,16,0.24534490055014813,211.09677419354838,251.0,25.570086907026386,0.63567649281935,0.10476190476190476,0.061224489795918366,0.05774754346182918,0.14058956916099774,0.4233106575963719,0.1563733484601385,0.8838875363486275,46,0.4444444444444444,0.7055177626606198
,"Bar or Pub,Italian Food,Late Night,Wine Bar",Boston,False,False,42.365596,Lucia Ristorante,-71.052716,58.0,722511,0.0004347315578,2.9867745e-05,2113.0,73.0,73.0,MA,415 Hanover St,Full-Service Restaurants,Restaurants and Other Eating Places,0,45,9,0,18,72.0,19,0.39444444444444443,2.4516129032258065,5.0,1.7931538206048125,0.625,0.0,0.25,0.125,0.0,0.375,0.0017017655817911082,0.9926086228651918,40,0.5185185185185186,0.625
,"American Food,Brunch,Sandwich Shop",Boston,False,False,42.363343,Modern Underground Bar and Grill,-71.054735,12.0,722511,0.0007802834484,5.410156182e-05,2113.0,127.0,133.0,MA,263 Hanover St,Full-Service Restaurants,Restaurants and Other Eating Places,13,101,7,1,7,129.0,13,0.3004115226337449,4.290322580645161,7.0,0.8869501345075819,0.7829457364341085,0.10077519379844961,0.05426356589147287,0.05426356589147287,0.007751937984496124,0.5100775193798449,0.0031199035666170318,0.9967522796185546,40,0.5185185185185186,0.8501291989664083
,American Food,Boston,False,False,42.342337,Lenox Sophia,-71.054583,433.0,722511,0.002276247759,0.0001581694167,2127.0,165.0,388.0,MA,87 A St,Full-Service Restaurants,Restaurants and Other Eating Places,12,207,10,146,12,387.0,9,0.19165247018739354,12.516129032258064,29.0,3.900959085891864,0.5348837209302325,0.031007751937984496,0.031007751937984496,0.025839793281653745,0.3772609819121447,0.3333333333333333,0.009146990002127207,0.9829705893234222,38,0.5432098765432098,0.5555555555555556
,"Asian Food,Chinese Food",Boston,False,False,42.352712,Happy Lamb Hot Pot,-71.131723,20.0,722511,0.001095720783,7.501402314e-05,2134.0,169.0,187.0,MA,130 Brighton Ave,Full-Service Restaurants,Restaurants and Other Eating Places,4,146,30,1,3,184.0,18,0.567398119122257,6.0,15.0,2.884888324556306,0.7934782608695652,0.021739130434782608,0.016304347826086956,0.16304347826086957,0.005434782608695652,0.48478260869565215,0.004396227752960363,0.9876166181762014,23,0.7283950617283951,0.8079710144927537
,"American Food,Bar or Pub,Cocktail Lounge,Late Night,Wine Bar",Boston,True,False,42.366675,Alcove,-71.059836,5.0,722511,0.004460834573,0.0003077114876,2114.0,539.0,762.0,MA,50 Lovejoy Wharf,Full-Service Restaurants,Restaurants and Other Eating Places,13,617,20,106,4,760.0,17,0.3170840787119857,24.419354838709676,39.0,6.941107997209682,0.8118421052631579,0.017105263157894738,0.005263157894736842,0.02631578947368421,0.1394736842105263,0.4939473684210526,0.017986716774208798,0.9690693728961707,52,0.37037037037037035,0.8232456140350877
,American Food,Boston,True,False,42.387267,Brinkleys Restaurant & Pub,-71.01654,188.0,722511,0.003119042819,0.0002173925805,2128.0,348.0,530.0,MA,225 William F McClellan Hwy,Full-Service Restaurants,Restaurants and Other Eating Places,32,270,70,135,21,528.0,8,0.2827669902912621,17.193548387096776,30.0,6.765278311699783,0.5113636363636364,0.06060606060606061,0.03977272727272727,0.13257575757575757,0.2556818181818182,0.33106060606060606,0.01250324989954856,0.969873361971676,52,0.37037037037037035,0.5517676767676768
,Cafeteria,Boston,True,False,42.350893,BU GSU Back Court,-71.108945,48.0,722513,0.009860769367,0.0006814073716,2215.0,750.0,1695.0,MA,775 Commonwealth Ave,Limited-Service Restaurants,Restaurants and Other Eating Places,114,1031,261,189,98,1693.0,16,0.31518324607329845,51.45161290322581,101.0,30.024547709174215,0.6089781453041937,0.06733608978145304,0.057885410513880686,0.15416420555227406,0.11163614884819846,0.39232132309509743,0.040038762438251906,0.8635193157503399,74,0.09876543209876543,0.6538688718251624
Bluestone Lane,"Brunch,Coffee Shop,Counter Service,Drinks,Smoothie & Juice Bar,Snacks",Boston,False,False,42.355792,Bluestone Lane,-71.052983,5.0,722513,0.01384751825,0.0009537021873,2110.0,1475.0,2383.0,MA,125 High St,Limited-Service Restaurants,Restaurants and Other Eating Places,76,1792,183,277,52,2380.0,16,0.2769620253164557,75.25806451612904,159.0,28.545343377019776,0.7529411764705882,0.031932773109243695,0.021848739495798318,0.07689075630252101,0.11638655462184874,0.46453781512605036,0.05630007799758917,0.8702830435022457,46,0.4444444444444444,0.7742296918767506
Dunkin',"Coffee Shop,Counter Service,Dessert,Donut Shop,Snacks",Boston,False,False,42.359498,Dunkin',-71.058993,1.0,722515,0.0008025703269,5.479705502e-05,2108.0,139.0,139.0,MA,100 City Hall Plz,Snack and Nonalcoholic Beverage Bars,Restaurants and Other Eating Places,0,139,0,0,0,139.0,10,0.20304568527918782,4.225806451612903,8.0,3.4050216940179054,1.0,0.0,0.0,0.0,0.0,0.6,0.003261717365099624,0.9852382851567221,31,0.6296296296296297,1.0
,Italian Food,Boston,False,False,42.357491,Toscano Restaurant,-71.069846,7.0,722511,0.000334567246,2.197498526e-05,2114.0,56.0,56.0,MA,47 Charles St,Full-Service Restaurants,Restaurants and Other Eating Places,0,56,0,0,0,56.0,19,0.3028169014084507,1.8064516129032258,9.0,2.988357568520894,1.0,0.0,0.0,0.0,0.0,0.6,0.0012999598194237633,0.9871435004455004,52,0.37037037037037035,1.0
,Vietnamese Food,Boston,False,False,42.287529,Banh Mi Oi,-71.150558,6.0,722511,0.0008605363534,5.98541629e-05,2132.0,133.0,146.0,MA,1759 Centre St,Full-Service Restaurants,Restaurants and Other Eating Places,13,112,13,6,0,144.0,10,0.19339622641509435,4.709677419354839,9.0,2.1581585398293845,0.7777777777777778,0.09027777777777778,0.0,0.09027777777777778,0.041666666666666664,0.5027777777777778,0.0034271667966626488,0.9909396225145776,3,0.9753086419753086,0.837962962962963
,"Chicken,Italian Food,Salad",Boston,False,False,42.359497,Al's State Street Cafe,-71.054971,1.0,722511,0.001011050101,7.016650329e-05,2109.0,172.0,172.0,MA,112 State St,Full-Service Restaurants,Restaurants and Other Eating Places,0,172,0,0,0,172.0,2,0.14678899082568808,5.483870967741935,9.0,2.1682603066846533,1.0,0.0,0.0,0.0,0.0,0.6,0.004041693256753882,0.9908934317352938,47,0.4320987654320988,1.0
,"Asian Food,Bar or Pub,Cocktail Lounge,Japanese Food,Late Night,Tapas",Boston,True,False,42.351126,Shojo,-71.060848,12.0,722511,0.001305386458,9.101902966e-05,2111.0,173.0,222.0,MA,9A Tyler St,Full-Service Restaurants,Restaurants and Other Eating Places,9,172,17,5,16,219.0,11,0.3620178041543027,7.354838709677419,13.0,2.609515924665379,0.7853881278538812,0.0410958904109589,0.0730593607305936,0.0776255707762557,0.0228310502283105,0.48767123287671227,0.005223474910775485,0.9888757707508415,66,0.19753086419753085,0.8127853881278538
,"American Food,Bar or Pub,Late Night,Seafood",Boston,False,False,42.349601,Row 34,-71.047637,7.0,722511,0.001366731898,9.434881116e-05,2210.0,221.0,233.0,MA,383 Congress St,Full-Service Restaurants,Restaurants and Other Eating Places,10,194,15,0,13,232.0,18,0.4,7.483870967741935,11.0,1.9653608015132664,0.8362068965517241,0.04310344827586207,0.05603448275862069,0.06465517241379311,0.0,0.5189655172413793,0.005483466874660238,0.9918211987679774,82,0.0,0.8649425287356322
,"Coffee Shop,Ice Cream Shop",Boston,False,False,42.342997,Longfellow Cafe,-71.105155,365.0,722515,0.001060328138,7.319049406e-05,2215.0,91.0,180.0,MA,150 Riverway,Snack and Nonalcoholic Beverage Bars,Restaurants and Other Eating Places,7,86,7,69,9,178.0,21,0.2982646420824295,5.838709677419355,8.0,1.29756034587863,0.48314606741573035,0.03932584269662921,0.05056179775280899,0.03932584269662921,0.38764044943820225,0.3056179775280899,0.004230778321397339,0.9948747461220016,74,0.09876543209876543,0.5093632958801498
,Thai Food,Boston,False,False,42.352897,Laughing Monk Cafe,-71.132954,11.0,722511,0.0008946138269,6.21652679e-05,2134.0,122.0,152.0,MA,168A Brighton Ave,Full-Service Restaurants,Restaurants and Other Eating Places,23,110,3,0,14,150.0,12,0.4068627450980392,4.774193548387097,9.0,1.600598223232939,0.7333333333333333,0.15333333333333332,0.09333333333333334,0.02,0.0,0.5013333333333333,0.003568980595145241,0.9934890919183293,23,0.7283950617283951,0.8355555555555555
,"Bar or Pub,Late Night,Sandwich Shop",Boston,False,False,42.346132,Fenway Johnnie's,-71.099295,1.0,722511,0.001240058548,8.584981559e-05,2215.0,172.0,211.0,MA,96 Brookline Ave,Full-Service Restaurants,Restaurants and Other Eating Places,7,195,7,0,0,209.0,17,0.2953216374269006,6.806451612903226,11.0,1.2551662231189495,0.9330143540669856,0.03349282296650718,0.0,0.03349282296650718,0.0,0.5732057416267942,0.0049634829468907325,0.995068595138256,74,0.09876543209876543,0.9553429027113236
,"American Food,Bar or Pub,Burgers,Cocktail Lounge,Late Night",Boston,False,False,42.350613,Joes on Newbury,-71.079716,46.0,722511,0.002093211451,0.0001449525001,2116.0,325.0,359.0,MA,181 Newbury St,Full-Service Restaurants,Restaurants and Other Eating Places,45,188,56,11,56,356.0,13,0.2549019607843137,11.483870967741936,22.0,6.955485037895123,0.5280898876404494,0.12640449438202248,0.15730337078651685,0.15730337078651685,0.03089887640449438,0.36741573033707864,0.008461556642794677,0.969003633236706,81,0.012345679012345734,0.6123595505617978
,Dessert,Boston,False,False,42.342663,Bittersweet Violet,-71.065739,11.0,722515,0.0006334519298,4.433132452e-05,2118.0,65.0,108.0,MA,433 Harrison Ave,Snack and Nonalcoholic Beverage Bars,Restaurants and Other Eating Places,6,83,0,16,1,106.0,15,0.2556818181818182,3.4193548387096775,4.0,0.49345350131543086,0.7830188679245284,0.05660377358490566,0.009433962264150943,0.0,0.1509433962264151,0.49245283018867925,0.00252901273960623,0.9985515605159591,44,0.4691358024691358,0.8207547169811321
Ben & Jerry's,"Catering,Counter Service,Dessert,Ice Cream Shop,Snacks",Boston,False,False,42.360571,Ben & Jerry's,-71.054091,1.0,722515,0.00461422428,0.0003150796317,2109.0,655.0,786.0,MA,8 N Market St,Snack and Nonalcoholic Beverage Bars,Restaurants and Other Eating Places,18,729,0,0,37,784.0,18,0.38221153846153844,24.93548387096774,52.0,19.295554366595844,0.9298469387755102,0.02295918367346939,0.047193877551020405,0.0,0.0,0.5670918367346939,0.018553971968139165,0.9125781161092578,47,0.4320987654320988,0.9451530612244898
Dunkin',"Coffee Shop,Counter Service,Dessert,Donut Shop,Snacks",Boston,False,False,42.375732,Dunkin',-71.053637,1.0,722515,0.001394032089,9.645934526e-05,2129.0,197.0,242.0,MA,100 1st Ave Bldg 39,Snack and Nonalcoholic Beverage Bars,Restaurants and Other Eating Places,15,226,0,0,0,241.0,13,0.13454545454545455,7.387096774193548,13.0,4.962292780136623,0.9377593360995851,0.06224066390041494,0.0,0.0,0.0,0.587551867219917,0.005696187572384126,0.978117593692088,8,0.9135802469135803,0.9792531120331951
,"Japanese Food,Sushi",Boston,True,False,42.355821,Avana Sushi 2,-71.058463,3.0,722513,0.009942934632,0.0006881646525,2110.0,1176.0,1702.0,MA,58 Franklin St,Limited-Service Restaurants,Restaurants and Other Eating Places,24,1467,75,113,21,1700.0,12,0.21677773422187377,54.70967741935484,92.0,17.05625142870401,0.8629411764705882,0.01411764705882353,0.012352941176470587,0.04411764705882353,0.06647058823529411,0.5234117647058824,0.04020421186981493,0.9228174286211969,46,0.4444444444444444,0.8723529411764707
,"BBQ and Southern Food,Bar or Pub,Cocktail Lounge,Late Night,Wine Bar",Boston,False,False,42.35349,Sip Wine Bar And Kitchen,-71.062644,1.0,722511,0.0007079167755,4.864773812e-05,2111.0,114.0,120.0,MA,581 Washington St,Full-Service Restaurants,Restaurants and Other Eating Places,3,113,0,0,3,119.0,18,0.2909090909090909,3.838709677419355,7.0,1.7431298175621028,0.9495798319327731,0.025210084033613446,0.025210084033613446,0.0,0.0,0.5798319327731092,0.002812640336571415,0.9928373598491814,66,0.19753086419753085,0.9663865546218486
,"Brunch,Salad,Sandwich Shop",Boston,False,False,42.337732,Shy Bird,-71.056485,78.0,722511,0.002507551284,0.0001734601204,2127.0,260.0,426.0,MA,12 Old Colony Ave,Full-Service Restaurants,Restaurants and Other Eating Places,24,247,76,47,28,422.0,16,0.2555066079295154,13.774193548387096,25.0,5.097182507123531,0.5853080568720379,0.05687203791469194,0.06635071090047394,0.18009478672985782,0.11137440758293839,0.3739336492890995,0.010045144059183626,0.977500804402038,38,0.5432098765432098,0.6232227488151658
,Cafe,Boston,False,False,42.359861,Faneuil Hall Heritage Shop,-71.054021,1.0,722511,0.001851925977,0.0001264072692,2109.0,298.0,314.0,MA,4 Faneuil Hall Market Pl,Full-Service Restaurants,Restaurants and Other Eating Places,31,265,8,0,8,312.0,16,0.25245098039215685,10.03225806451613,36.0,6.7751151446839115,0.8493589743589743,0.09935897435897435,0.02564102564102564,0.02564102564102564,0.0,0.5493589743589743,0.007397953154175235,0.9698283826143287,47,0.4320987654320988,0.9155982905982906
,"Asian Food,Bar or Pub,Cocktail Lounge,Late Night,Sushi",Boston,False,False,42.342432,Purple Shell,-71.056916,1.0,722511,0.003499101097,0.0002462412722,2127.0,466.0,596.0,MA,11 W Broadway,Full-Service Restaurants,Restaurants and Other Eating Places,21,553,2,18,0,594.0,15,0.18333333333333332,19.451612903225808,36.0,7.786832184082261,0.930976430976431,0.03535353535353535,0.0,0.003367003367003367,0.030303030303030304,0.5727272727272728,0.014063201682857076,0.9652022613491968,38,0.5432098765432098,0.9545454545454546
,"Brunch,Coffee Shop",Boston,True,False,42.348604,Table 88,-71.079181,7.0,722511,0.01920362839,0.001324533776,2116.0,2373.0,3268.0,MA,88 Exeter St,Full-Service Restaurants,Restaurants and Other Eating Places,240,2388,211,282,145,3266.0,12,0.2599727573457871,105.58064516129032,158.0,25.235374804413958,0.7311696264543784,0.07348438456827924,0.044396815676668706,0.0646050214329455,0.0863441518677281,0.46809552969993873,0.07721761327377154,0.8854180223593338,81,0.012345679012345734,0.7801592161665646
,"Bakery,Coffee Shop,Sandwich Shop",Boston,False,False,42.337911,Jaho,-71.075427,61.0,722513,0.0005690727196,3.957012552e-05,2118.0,87.0,97.0,MA,1651 Washington St,Limited-Service Restaurants,Restaurants and Other Eating Places,3,66,23,0,3,95.0,9,0.032,3.096774193548387,4.0,1.1174521339154049,0.6947368421052632,0.031578947368421054,0.031578947368421054,0.24210526315789474,0.0,0.42947368421052634,0.0022690207757214776,0.9956982989504519,44,0.4691358024691358,0.7157894736842106
,"Coffee Shop,Deli,Vietnamese Food",Boston,True,False,42.351151,163 Vietnamese Sandwiches & Bubble Tea,-71.06092,12.0,722515,0.001305386458,9.101902966e-05,2111.0,173.0,222.0,MA,66 Harrison Ave,Snack and Nonalcoholic Beverage Bars,Restaurants and Other Eating Places,9,172,17,5,16,219.0,11,0.3620178041543027,7.354838709677419,13.0,2.609515924665379,0.7853881278538812,0.0410958904109589,0.0730593607305936,0.0776255707762557,0.0228310502283105,0.48767123287671227,0.005223474910775485,0.9888757707508415,66,0.19753086419753085,0.8127853881278538
,"American Food,Italian Food,Pizza",Boston,False,False,42.346932,The Salty Pig,-71.076111,98.0,722511,0.000707699818,4.875236038e-05,2116.0,26.0,120.0,MA,130 Dartmouth St,Full-Service Restaurants,Restaurants and Other Eating Places,10,49,35,15,9,118.0,8,0.13740458015267176,3.935483870967742,6.0,1.1340900536288352,0.4152542372881356,0.0847457627118644,0.07627118644067797,0.2966101694915254,0.1271186440677966,0.2830508474576271,0.002812640336571415,0.9956222213208415,81,0.012345679012345734,0.4717514124293785
,"BBQ and Southern Food,Fine Dining,Korean Food",Boston,False,False,42.348509,Naksan BBQ,-71.139138,60.0,722511,0.001371782669,9.490048118e-05,2135.0,131.0,234.0,MA,1414 Commonwealth Ave,Full-Service Restaurants,Restaurants and Other Eating Places,6,137,34,15,39,231.0,16,0.3060200668896321,7.548387096774194,16.0,2.3805489970961404,0.5930735930735931,0.025974025974025976,0.16883116883116883,0.1471861471861472,0.06493506493506493,0.36623376623376624,0.00550710250774067,0.9899227322345285,8,0.9135802469135803,0.6103896103896105
,"Chicken,Mexican Food,Steak House",Boston,False,False,42.349676,La Neta,-71.083062,20.0,722511,0.001024575523,7.021359368e-05,2116.0,165.0,174.0,MA,255 Newbury St,Full-Service Restaurants,Restaurants and Other Eating Places,17,113,26,0,17,173.0,16,0.14682539682539683,5.741935483870968,9.0,2.10939131926088,0.653179190751445,0.09826589595375723,0.09826589595375723,0.15028901734104047,0.0,0.4312138728323699,0.004088964522914746,0.9911626128046763,81,0.012345679012345734,0.7186897880539499
,,Boston,False,False,42.341315,Big H Deli Soup Line,-71.087138,6.0,722511,0.002476218702,0.0001707783652,2115.0,232.0,422.0,MA,301 Huntington Ave,Full-Service Restaurants,Restaurants and Other Eating Places,33,347,11,12,18,421.0,18,0.45321100917431195,13.32258064516129,47.0,7.415707378323104,0.8242280285035629,0.07838479809976247,0.04275534441805225,0.026128266033254157,0.028503562945368172,0.5258907363420426,0.009950601526861898,0.9668992460683248,75,0.0864197530864198,0.8764845605700711
,American Food,Boston,True,False,42.358004,Parker's Restaurant,-71.060007,1.0,722511,0.002004652263,0.0001374603222,2108.0,276.0,341.0,MA,60 School St,Full-Service Restaurants,Restaurants and Other Eating Places,13,302,13,7,3,338.0,17,0.27816091954022987,10.67741935483871,30.0,5.7214204009831935,0.893491124260355,0.038461538461538464,0.008875739644970414,0.038461538461538464,0.020710059171597635,0.5514792899408283,0.0080361152473469,0.9746464488037547,31,0.6296296296296297,0.9191321499013805
,"Brunch,Burgers,Coffee Shop",Boston,False,False,42.342115,South End Buttery,-71.070304,103.0,722513,0.0007792018511,5.418566123e-05,2118.0,97.0,133.0,MA,314 Shawmut Ave,Limited-Service Restaurants,Restaurants and Other Eating Places,12,64,12,32,9,129.0,12,0.1111111111111111,4.225806451612903,7.0,1.3609692328857412,0.49612403100775193,0.09302325581395349,0.06976744186046512,0.09302325581395349,0.24806201550387597,0.33488372093023255,0.0031199035666170318,0.9945848061593848,44,0.4691358024691358,0.5581395348837209
,"Cafe,Cafeteria",Boston,True,False,42.349251,Fresh Life Cafe,-71.063546,260.0,722513,0.007866926673,0.0005465831512,2111.0,588.0,1351.0,MA,795 Washington St,Limited-Service Restaurants,Restaurants and Other Eating Places,32,669,128,459,61,1349.0,12,0.2462362478286045,43.16129032258065,66.0,11.957172969888902,0.49592290585618976,0.023721275018532245,0.0452186805040771,0.09488510007412898,0.3402520385470719,0.30704225352112674,0.03190810465858328,0.9461331921917382,66,0.19753086419753085,0.5117370892018779
,Cafeteria,Boston,False,False,42.352576,88 Food Connection,-71.125267,25.0,722513,0.0122298569,0.0008501777898,2215.0,929.0,2087.0,MA,1095 Commonwealth Ave Ste 204,Limited-Service Restaurants,Restaurants and Other Eating Places,291,1011,205,372,205,2084.0,13,0.20066975785677485,67.0,101.0,12.32621125370516,0.4851247600767754,0.13963531669865642,0.09836852207293666,0.09836852207293666,0.1785028790786948,0.34692898272552786,0.049303930605781275,0.9444457481872116,74,0.09876543209876543,0.5782149712092132
,,Boston,True,False,42.351265,Mlw Financial Consulting,-71.057711,2.0,722511,0.004227426909,0.0002910085654,2111.0,519.0,726.0,MA,127 South St,Full-Service Restaurants,Restaurants and Other Eating Places,16,619,29,42,16,722.0,12,0.15669205658324264,23.258064516129032,41.0,8.500351954517905,0.8573407202216067,0.0221606648199446,0.0221606648199446,0.04016620498614958,0.05817174515235457,0.5232686980609418,0.017135833983313243,0.9619396603900717,66,0.19753086419753085,0.8721144967682364
Subway,"Breakfast,Counter Service,Dinner,Lunch,Sandwich Shop",Boston,True,False,42.338469,Subway,-71.106894,109.0,722513,1.117071845e-05,8.140441294e-07,2115.0,2.0,2.0,MA,350 Longwood Ave,Limited-Service Restaurants,Restaurants and Other Eating Places,0,1,0,0,0,1.0,15,0.5,0.06451612903225806,1.0,0.24567010018915833,1.0,0.0,0.0,0.0,0.0,0.6,2.3635633080432058e-05,0.9996845611638265,75,0.0864197530864198,1.0
,Japanese Food,Boston,False,False,42.350807,Tora Ramen,-71.06161,7.0,722511,0.0002750021989,1.850050042e-05,2111.0,47.0,47.0,MA,99 Harrison Ave,Full-Service Restaurants,Restaurants and Other Eating Places,0,47,0,0,0,47.0,15,0.0,1.5161290322580645,5.0,1.8293479843558484,1.0,0.0,0.0,0.0,0.0,0.6,0.0010872391216998748,0.9924431234378994,66,0.19753086419753085,1.0
,"Sandwich Shop,Seafood,Soup",Boston,True,False,42.360069,Boston Chowda,-71.056207,2.0,722511,0.003885656907,0.0002659996365,2109.0,617.0,658.0,MA,1 Faneuil Hall Market Pl,Full-Service Restaurants,Restaurants and Other Eating Places,64,531,35,2,23,655.0,11,0.19869281045751633,22.29032258064516,66.0,15.37948685831143,0.8106870229007633,0.09770992366412214,0.035114503816793895,0.05343511450381679,0.0030534351145038168,0.5254961832061068,0.015528610933843863,0.9304845093697088,47,0.4320987654320988,0.875826972010178
,"Bar or Pub,Italian Food,Late Night,Wine Bar",Boston,False,False,42.363103,Lucca Restaurant & Bar,-71.055312,1.0,722511,0.0004662522053,3.264602426e-05,2113.0,79.0,79.0,MA,226 Hanover St,Full-Service Restaurants,Restaurants and Other Eating Places,0,79,0,0,0,79.0,17,0.4625,2.5161290322580645,5.0,1.5631021212368668,1.0,0.0,0.0,0.0,0.0,0.6,0.0018435793802737007,0.9936605445162877,40,0.5185185185185186,1.0
,Mexican Food,Boston,True,False,42.362974,Viva Burrito,-71.064113,9.0,722511,0.0009816569647,6.823212837e-05,2114.0,153.0,167.0,MA,66 Staniford St,Full-Service Restaurants,Restaurants and Other Eating Places,13,139,6,0,6,164.0,14,0.15163934426229508,5.32258064516129,8.0,1.0891576139441375,0.8475609756097561,0.07926829268292683,0.036585365853658534,0.036585365853658534,0.0,0.5402439024390244,0.003923515091351722,0.9958276769043941,52,0.37037037037037035,0.9004065040650407
,Thai Food,Boston,False,False,42.349546,Nud Pob Thai Cuisine,-71.107403,17.0,722511,0.001586677544,0.0001098294826,2215.0,250.0,270.0,MA,738 Commonwealth Ave,Full-Service Restaurants,Restaurants and Other Eating Places,12,237,4,8,8,269.0,10,0.2604166666666667,8.612903225806452,17.0,1.8781840810335015,0.8810408921933085,0.04460966542750929,0.02973977695167286,0.01486988847583643,0.02973977695167286,0.5464684014869888,0.006357985298636224,0.9922198182087211,74,0.09876543209876543,0.9107806691449815
,"Sandwich Shop,Truck or Cart,Vietnamese Food",Boston,False,False,42.351137,Bon Me,-71.062893,4.0,722511,0.02890950027,0.002000426898,2116.0,3099.0,4892.0,MA,1 Citywide St,Full-Service Restaurants,Restaurants and Other Eating Places,150,3763,337,496,144,4890.0,12,0.30006101281269065,160.5483870967742,237.0,60.0939257891626,0.7695296523517382,0.03067484662576687,0.029447852760736196,0.0689161554192229,0.10143149284253579,0.47398773006134964,0.1156018813963932,0.7260257439826401,81,0.012345679012345734,0.7899795501022494
,Chinese Food,Boston,False,False,42.350521,Clay Pot Cafe,-71.060476,1.0,722511,0.0003623628751,2.601650157e-05,2111.0,62.0,62.0,MA,74 Kneeland St,Full-Service Restaurants,Restaurants and Other Eating Places,0,62,0,0,0,62.0,10,0.1875,1.967741935483871,4.0,1.6161258128871419,1.0,0.0,0.0,0.0,0.0,0.6,0.0014417736179063556,0.9934180913224134,66,0.19753086419753085,1.0
,"Bar or Pub,Italian Food,Late Night,Seafood,Wine Bar",Boston,False,False,42.364623,Giacomo's Ristorante Boston,-71.053375,1.0,722511,0.0005292723121,3.672105039e-05,2113.0,90.0,90.0,MA,355 Hanover St,Full-Service Restaurants,Restaurants and Other Eating Places,0,85,0,0,5,90.0,16,0.2578268876611418,2.967741935483871,5.0,1.3315978993903415,0.9444444444444444,0.0,0.05555555555555555,0.0,0.0,0.5666666666666667,0.0021035713441584533,0.9947191078911706,40,0.5185185185185186,0.9444444444444444
,,Boston,False,False,42.377017,Angelo's Seafood Restaurant,-71.030254,4.0,722511,0.0008038731254,5.568483021e-05,2128.0,106.0,137.0,MA,297 Chelsea St,Full-Service Restaurants,Restaurants and Other Eating Places,19,105,0,0,12,136.0,15,0.18867924528301888,4.354838709677419,7.0,1.0640272582239123,0.7720588235294118,0.13970588235294118,0.08823529411764706,0.0,0.0,0.5191176470588236,0.00321444609893876,0.9959425865762395,52,0.37037037037037035,0.8651960784313727
,"American Food,Bar or Pub,Late Night,Sports Bar",Boston,False,False,42.364613,The Harp,-71.062389,10.0,722511,0.0009199132269,6.396045958e-05,2114.0,142.0,157.0,MA,85 Causeway St,Full-Service Restaurants,Restaurants and Other Eating Places,7,121,11,3,13,155.0,9,0.3442028985507246,4.967741935483871,10.0,1.4252078731854532,0.7806451612903226,0.04516129032258064,0.08387096774193549,0.07096774193548387,0.01935483870967742,0.4864516129032258,0.0036871587605474014,0.9942910721128471,52,0.37037037037037035,0.810752688172043
,"American Food,Bar or Pub,Brunch,Late Night",Boston,False,False,42.350165,City Tap House,-71.047225,35.0,722511,0.001194988128,8.297878918e-05,2210.0,203.0,203.0,MA,10 Boston Wharf Rd,Full-Service Restaurants,Restaurants and Other Eating Places,7,143,39,3,7,199.0,9,0.3023255813953488,6.580645161290323,10.0,1.4761369275674259,0.7185929648241206,0.035175879396984924,0.035175879396984924,0.19597989949748743,0.01507537688442211,0.4452261306532663,0.004774397882247276,0.9940581967412614,82,0.0,0.7420435510887773
,"Cafe,Coffee Shop",Boston,False,,42.344865,Render Coffee,-71.037616,13.0,722515,7.559760077e-05,5.085237553e-06,2210.0,11.0,13.0,MA,2 Drydock Ave,Snack and Nonalcoholic Beverage Bars,Restaurants and Other Eating Places,0,10,0,0,0,10.0,15,0.42105263157894735,0.41935483870967744,2.0,0.6103512234975645,1.0,0.0,0.0,0.0,0.0,0.6,0.0002836275969651847,0.9980170404699649,82,0.0,1.0
,"Coffee Shop,Donut Shop,Ice Cream Shop",Boston,False,False,42.344393,Blackbird Doughnuts Fenway,-71.099926,5.0,722515,0.003257285113,0.0002219268249,2215.0,349.0,554.0,MA,20 Kilmarnock St,Snack and Nonalcoholic Beverage Bars,Restaurants and Other Eating Places,110,369,20,9,44,552.0,17,0.40772532188841204,18.193548387096776,59.0,10.57208544397724,0.6684782608695652,0.19927536231884058,0.07971014492753623,0.036231884057971016,0.016304347826086956,0.48079710144927534,0.013070505093478929,0.952466566651359,74,0.09876543209876543,0.8013285024154589
,"Bar or Pub,Italian Food,Late Night,Wine Bar",Boston,False,False,42.340995,SRV Boston,-71.081659,108.0,722511,0.0005576632801,3.777995405e-05,2118.0,75.0,96.0,MA,569 Columbus Ave,Full-Service Restaurants,Restaurants and Other Eating Places,10,46,17,21,0,94.0,9,0.1736842105263158,2.935483870967742,5.0,1.6836114000903084,0.48936170212765956,0.10638297872340426,0.0,0.18085106382978725,0.22340425531914893,0.33617021276595743,0.0022453851426410456,0.9931095104664104,44,0.4691358024691358,0.5602836879432624
,"Italian Food,Pizza",Boston,False,False,42.36375,Galleria Umberto,-71.05419,1.0,722511,0.001034000079,7.14462388e-05,2113.0,176.0,176.0,MA,289 Hanover St,Full-Service Restaurants,Restaurants and Other Eating Places,20,148,0,0,6,174.0,13,0.16532258064516128,5.645161290322581,8.0,1.123025495840594,0.8505747126436781,0.11494252873563218,0.034482758620689655,0.0,0.0,0.5563218390804596,0.004136235789075611,0.9956728145045878,40,0.5185185185185186,0.9272030651340994
,"Diner,Soup",Boston,False,False,42.364529,Boston Soup Company,-71.062304,14.0,722511,0.001647872245,0.0001144361274,2114.0,255.0,282.0,MA,80 Causeway St,Full-Service Restaurants,Restaurants and Other Eating Places,6,222,25,4,22,279.0,17,0.34793187347931875,9.0,17.0,2.3000701251581788,0.7956989247311828,0.021505376344086023,0.07885304659498207,0.08960573476702509,0.014336917562724014,0.48602150537634403,0.006641612895601409,0.9902907254642239,52,0.37037037037037035,0.8100358422939068
,Pizza,Boston,False,False,42.34532,Otto,-71.064932,1.0,722511,0.01212548587,0.0008401212568,2118.0,1331.0,2073.0,MA,345 Harrison Ave,Full-Service Restaurants,Restaurants and Other Eating Places,79,1775,63,110,44,2071.0,7,0.23705263157894738,66.06451612903226,94.0,13.995242241956023,0.8570738773539353,0.038145823273780785,0.021245774987928536,0.03042008691453404,0.05311443746982134,0.5295026557218735,0.04897303174265523,0.9368140295878067,44,0.4691358024691358,0.8825044262031225
,Cafe,Boston,False,False,42.368189,Cafe Iterum,-71.040682,85.0,722513,0.0002109674086,1.455268012e-05,2128.0,14.0,36.0,MA,11 Msgr Albert a Jacobbe Rd,Limited-Service Restaurants,Restaurants and Other Eating Places,1,22,2,8,0,33.0,8,0.27692307692307694,1.1612903225806452,3.0,0.7660865862605107,0.6666666666666666,0.030303030303030304,0.0,0.06060606060606061,0.24242424242424243,0.4121212121212121,0.0008272471578151221,0.9973049335810277,52,0.37037037037037035,0.6868686868686869
,"American Food,Burgers,Sandwich Shop",Boston,False,False,42.354021,LoLa Burger,-71.045718,16.0,722511,0.01372027402,0.000944978776,2210.0,1442.0,2351.0,MA,11 Fan Pier Blvd,Full-Service Restaurants,Restaurants and Other Eating Places,140,1569,165,401,74,2349.0,11,0.18117427772600186,74.19354838709677,129.0,19.547162742452333,0.6679438058748404,0.05959982971477224,0.031502767134951044,0.070242656449553,0.17071094082588337,0.4246062154108131,0.05554373773901534,0.9114276255939184,82,0.0,0.7076770256846886
,,Boston,True,,42.365606,Gladco Enterprises,-71.009564,1.0,722511,1.154006292e-05,7.293506011e-07,2128.0,2.0,2.0,MA,500 Logan Airport,Full-Service Restaurants,Restaurants and Other Eating Places,0,2,0,0,0,2.0,12,0.5,0.06451612903225806,1.0,0.24567010018915833,1.0,0.0,0.0,0.0,0.0,0.6,2.3635633080432058e-05,0.9996845611638265,52,0.37037037037037035,1.0
,"Mexican Food,Truck or Cart",Boston,False,,42.359782,Tacos Calleteco,-71.060191,95.0,722511,0.0004814584595,3.23216491e-05,2108.0,56.0,83.0,MA,2 Tremont St,Full-Service Restaurants,Restaurants and Other Eating Places,3,59,3,14,1,80.0,14,0.046218487394957986,2.5806451612903225,11.0,2.0910592091150773,0.7375,0.0375,0.0125,0.0375,0.175,0.4575,0.0019381219125954288,0.991246437195566,31,0.6296296296296297,0.7625000000000001
,"Bar or Pub,Late Night,Seafood",Boston,True,False,42.359711,Walrus and Carpenter Oyster Bar,-71.055894,1.0,722511,0.001876276994,0.0001301716209,2109.0,314.0,318.0,MA,4 S Market St,Full-Service Restaurants,Restaurants and Other Eating Places,17,287,4,0,8,316.0,15,0.2632850241545894,10.451612903225806,20.0,4.249012862038546,0.9082278481012658,0.05379746835443038,0.02531645569620253,0.012658227848101266,0.0,0.5664556962025316,0.007492495686496963,0.9813790979157069,47,0.4320987654320988,0.9440928270042193
,"American Food,Bar or Pub,Cocktail Lounge,Late Night",Boston,True,False,42.351355,Rock&Rye,-71.064263,7.0,722511,0.04969002211,0.00341347461,2116.0,5192.0,8441.0,MA,57 Stuart St,Full-Service Restaurants,Restaurants and Other Eating Places,340,6137,465,1235,262,8439.0,17,0.32118383742911155,271.61290322580646,569.0,107.43750694251467,0.7272188647944069,0.04028913378362365,0.03104633250385117,0.055101315321720586,0.14634435359639766,0.45244697239009357,0.19948474319884657,0.5095451085756691,81,0.012345679012345734,0.7540782873168227
,"Bar or Pub,Cocktail Lounge,Japanese Food,Late Night,Seafood,Sushi",Boston,True,False,42.354485,Fuji at HSP,-71.055319,43.0,722511,0.007971295738,0.0005445527386,2110.0,678.0,1377.0,MA,100 High St,Full-Service Restaurants,Restaurants and Other Eating Places,79,805,172,259,60,1375.0,14,0.21787322480083132,43.03225806451613,75.0,22.620977804609346,0.5854545454545454,0.05745454545454545,0.04363636363636364,0.12509090909090909,0.18836363636363637,0.3742545454545454,0.03252263111867451,0.8973724691911131,46,0.4444444444444444,0.6237575757575757
,"Coffee Shop,Gourmet",Boston,False,False,42.363853,Polcari's Coffee,-71.055388,13.0,722515,0.01098930595,0.0007517098568,2113.0,1308.0,1871.0,MA,105 Salem St,Snack and Nonalcoholic Beverage Bars,Restaurants and Other Eating Places,98,1337,226,131,76,1868.0,17,0.38341105929380415,60.25806451612903,150.0,25.512764347302685,0.7157387580299786,0.05246252676659529,0.04068522483940043,0.12098501070663811,0.07012847965738758,0.4504282655246252,0.044198633860407954,0.8841496463084116,40,0.5185185185185186,0.7507137758743754
,"Halal Food,Middle Eastern Food",Boston,False,False,42.357122,Shawarma Falafel,-71.059672,124.0,722511,0.0005377836691,3.741690561e-05,2108.0,65.0,91.0,MA,26 Province St,Full-Service Restaurants,Restaurants and Other Eating Places,0,60,13,13,4,90.0,14,0.2079207920792079,2.935483870967742,5.0,1.2426684054360144,0.6666666666666666,0.0,0.044444444444444446,0.14444444444444443,0.14444444444444443,0.39999999999999997,0.0021272069772388853,0.9951257419667656,31,0.6296296296296297,0.6666666666666666
,"American Food,Bar or Pub,Late Night",Boston,True,False,42.364564,Game On,-71.021048,15.0,722511,0.09477238089,0.006579296576,2128.0,9389.0,16163.0,MA,Terminal a Ste,Full-Service Restaurants,Restaurants and Other Eating Places,3417,7832,1536,1596,1780,16161.0,16,0.23177848432406326,516.5806451612904,596.0,47.97833798406109,0.48462347627003277,0.21143493595693336,0.11014169915228018,0.0950436235381474,0.09875626508260628,0.375348060144793,0.38199910184594293,0.7814248093360142,52,0.37037037037037035,0.6255801002413217
,Coffee Shop,Boston,False,False,42.363289,Cuppacoffee,-71.0599,1.0,722515,0.0007857568032,5.430394262e-05,2114.0,130.0,134.0,MA,1 Merrimac St,Snack and Nonalcoholic Beverage Bars,Restaurants and Other Eating Places,1,132,0,0,0,133.0,17,0.24285714285714285,4.258064516129032,6.0,1.1350072313393023,0.9924812030075187,0.007518796992481203,0.0,0.0,0.0,0.5984962406015036,0.0031435391996974637,0.9956180274848726,52,0.37037037037037035,0.9974937343358394
,"Cafe,Coffee Shop",Boston,False,False,42.341132,Render Coffee,-71.081451,1.0,722515,0.0006539607069,4.507997304e-05,2118.0,103.0,110.0,MA,563 Columbus Ave,Snack and Nonalcoholic Beverage Bars,Restaurants and Other Eating Places,7,102,0,0,0,109.0,18,0.32247557003257327,3.7096774193548385,6.0,2.2460509916811886,0.9357798165137615,0.06422018348623854,0.0,0.0,0.0,0.5871559633027523,0.0025762840057670946,0.9905377303602277,44,0.4691358024691358,0.9785932721712539
Dunkin',"Coffee Shop,Counter Service,Dessert,Donut Shop,Snacks",Boston,True,False,42.355281,Dunkin',-71.062962,38.0,722515,0.008905548155,0.000614056531,2111.0,941.0,1513.0,MA,147 Tremont St,Snack and Nonalcoholic Beverage Bars,Restaurants and Other Eating Places,84,1033,99,240,55,1511.0,18,0.3427087840761575,48.67741935483871,99.0,20.330157317789673,0.6836532097948379,0.05559232296492389,0.036399735274652546,0.06551952349437459,0.15883520847121113,0.43242885506287226,0.035737077217613274,0.9078473479921841,66,0.19753086419753085,0.7207147584381205
,Seafood,Boston,False,False,42.349954,Sunny's Seafood,-71.038559,1.0,722511,0.0006697825351,4.653100772e-05,2210.0,92.0,113.0,MA,1 Fish Pier St W,Full-Service Restaurants,Restaurants and Other Eating Places,0,113,0,0,0,113.0,7,0.0446927374301676,3.6129032258064515,7.0,1.75384222181525,1.0,0.0,0.0,0.0,0.0,0.6,0.0026471909050083905,0.9927883769031735,82,0.0,1.0
,Thai Food,Boston,False,False,42.354593,Siam Bistro,-71.053684,1.0,722511,0.0007828380721,5.350410575e-05,2110.0,114.0,134.0,MA,151 Pearl St,Full-Service Restaurants,Restaurants and Other Eating Places,0,114,9,0,9,132.0,0,0.13973799126637554,4.161290322580645,8.0,1.7797566740817707,0.8636363636363636,0.0,0.06818181818181818,0.06818181818181818,0.0,0.5181818181818182,0.0031435391996974637,0.992669881914915,46,0.4444444444444444,0.8636363636363636
,"Bar or Pub,Irish Food,Late Night",Boston,False,False,42.35726,Broadside Tavern,-71.052673,43.0,722511,0.001022787655,7.083830422e-05,2110.0,161.0,174.0,MA,99 Broad St,Full-Service Restaurants,Restaurants and Other Eating Places,10,110,20,6,26,172.0,15,0.43873517786561267,5.612903225806452,9.0,1.5999479700177088,0.6395348837209303,0.05813953488372093,0.1511627906976744,0.11627906976744186,0.03488372093023256,0.4069767441860465,0.004088964522914746,0.9934920652301443,46,0.4444444444444444,0.6782945736434108
Potbelly Sandwich Works,"Breakfast,Catering,Counter Service,Dinner,Lunch,Sandwich Shop",Boston,False,False,42.300972,Potbelly Sandwich Works,-71.076706,26.0,722513,1.202109472e-05,8.417908262e-07,2108.0,1.0,2.0,MA,263 Washington St,Limited-Service Restaurants,Restaurants and Other Eating Places,0,1,0,0,0,1.0,9,0.0,0.06451612903225806,1.0,0.2456701001891583,1.0,0.0,0.0,0.0,0.0,0.6,2.3635633080432058e-05,0.9996845611638265,31,0.6296296296296297,1.0
,"American Food,BBQ and Southern Food,Catering",Boston,False,False,42.348334,Larry J's BBQ Cafe,-71.03992,1.0,722511,0.000613289145,4.241670684e-05,2210.0,101.0,104.0,MA,600 D St,Full-Service Restaurants,Restaurants and Other Eating Places,0,104,0,0,0,104.0,9,0.23076923076923078,3.4838709677419355,5.0,1.54232685004928,1.0,0.0,0.0,0.0,0.0,0.6,0.0024344702072845023,0.9937555403699574,82,0.0,1.0
,Seafood,Boston,True,False,42.361296,Union Oyster House,-71.056902,5.0,722511,0.003492566309,0.0002316510763,2108.0,515.0,594.0,MA,41 Union St,Full-Service Restaurants,Restaurants and Other Eating Places,39,483,24,9,37,592.0,13,0.2652005174644243,19.322580645161292,124.0,20.36978644443489,0.8158783783783784,0.06587837837837837,0.0625,0.04054054054054054,0.015202702702702704,0.5158783783783784,0.014015930416696212,0.907666142043927,31,0.6296296296296297,0.8597972972972973
CAVA,"Counter Service,Dinner,Greek Food,Healthy Food,Lunch,Mediterranean Food",Boston,False,False,42.353067,CAVA,-71.057844,1.0,722513,0.001495629588,0.0001037103204,2110.0,176.0,256.0,MA,125 Summer St,Limited-Service Restaurants,Restaurants and Other Eating Places,1,240,5,7,1,254.0,8,0.18591549295774648,7.903225806451613,14.0,3.334616471729181,0.9448818897637795,0.003937007874015748,0.003937007874015748,0.01968503937007874,0.027559055118110236,0.568503937007874,0.006027086435510175,0.9855602161743116,46,0.4444444444444444,0.9475065616797901
Starbucks,"Bakery,Coffee Shop,Counter Service,Dessert,Snacks,Tea House",Boston,True,False,42.366658,Starbucks,-71.016511,4.0,722515,0.0004022079361,2.858454892e-05,2128.0,64.0,67.0,MA,1 Harborside Dr,Snack and Nonalcoholic Beverage Bars,Restaurants and Other Eating Places,5,59,0,0,1,65.0,8,0.17647058823529413,2.4516129032258065,9.0,2.167780337601476,0.9076923076923077,0.07692307692307693,0.015384615384615385,0.0,0.0,0.5753846153846154,0.0015599517833085159,0.9908956264153236,52,0.37037037037037035,0.958974358974359
,"Coffee Shop,Ice Cream Shop",Boston,False,False,42.298537,Chill On Park,-71.060242,763.0,722515,0.0007920064256,5.495308471e-05,2122.0,37.0,135.0,MA,142 Park St,Snack and Nonalcoholic Beverage Bars,Restaurants and Other Eating Places,1,46,8,72,5,132.0,3,0.25,4.32258064516129,5.0,0.4674637660061109,0.3484848484848485,0.007575757575757576,0.03787878787878788,0.06060606060606061,0.5454545454545454,0.21212121212121213,0.003167174832777896,0.9986703997392868,9,0.9012345679012346,0.35353535353535354
,,Boston,True,False,42.351011,The Arlington St Grill,-71.069828,112.0,722511,0.01662326886,0.001152906754,2116.0,1813.0,2832.0,MA,64 Arlington St,Full-Service Restaurants,Restaurants and Other Eating Places,138,1653,274,679,86,2830.0,16,0.273081575057116,91.83870967741936,128.0,16.93268794124881,0.5840989399293286,0.04876325088339223,0.0303886925795053,0.09681978798586573,0.23992932862190813,0.36996466431095404,0.06691247725070316,0.9233824281760628,81,0.012345679012345734,0.61660777385159
Wendy's,"Breakfast,Burgers,Counter Service,Dinner,Drive Through,Fast Food,Late Night,Lunch",Boston,False,False,42.346398,Wendy's,-71.087523,14.0,722513,0.0001177322456,8.332528522e-06,2115.0,10.0,20.0,MA,157A Massachusetts Ave,Limited-Service Restaurants,Restaurants and Other Eating Places,2,12,0,0,3,17.0,7,0.2727272727272727,0.6451612903225806,4.0,0.8631669780812679,0.7058823529411765,0.11764705882352941,0.17647058823529413,0.0,0.0,0.47058823529411764,0.00044907702852820913,0.9968610291615703,75,0.0864197530864198,0.7843137254901961
,Bubble Tea Shop,Boston,False,False,42.333491,TBaar,-71.105725,414.0,722515,0.0007846092958,5.421345807e-05,2115.0,97.0,134.0,MA,754 Huntington Ave,Snack and Nonalcoholic Beverage Bars,Restaurants and Other Eating Places,0,119,0,14,0,133.0,17,0.26014760147601473,4.32258064516129,6.0,1.174654287486008,0.8947368421052632,0.0,0.0,0.0,0.10526315789473684,0.5368421052631579,0.0031435391996974637,0.9954367395531706,75,0.0864197530864198,0.8947368421052632
,"Italian Food,Pizza",Boston,False,False,42.335713,Cafe Quattro,-71.074402,7.0,722511,0.0001318667,8.947890425e-06,2118.0,23.0,23.0,MA,817 Harrison Ave,Full-Service Restaurants,Restaurants and Other Eating Places,0,23,0,0,0,23.0,14,0.24489795918367346,0.7419354838709677,4.0,1.4134775677552673,1.0,0.0,0.0,0.0,0.0,0.6,0.0005199839277695053,0.9943447094573652,44,0.4691358024691358,1.0
,"Bar or Pub,Burgers,Cocktail Lounge,Late Night,Pizza",Boston,False,False,42.335755,The Broadway,-71.036251,292.0,722511,0.00122510481,8.535224338e-05,2127.0,94.0,209.0,MA,726 E Broadway,Full-Service Restaurants,Restaurants and Other Eating Places,13,64,26,96,7,206.0,12,0.08229813664596274,6.774193548387097,31.0,4.756724797720454,0.3106796116504854,0.06310679611650485,0.03398058252427184,0.1262135922330097,0.46601941747572817,0.2116504854368932,0.0049162116807298685,0.9790575624559344,38,0.5432098765432098,0.35275080906148865
,American Food,Boston,False,False,42.365067,Spangler Food Court,-71.122658,326.0,722511,0.002249413441,0.0001553016151,2163.0,111.0,386.0,MA,Hbs Mail Ctr,Full-Service Restaurants,Restaurants and Other Eating Places,26,101,54,177,26,384.0,12,0.09812409812409813,12.32258064516129,21.0,4.051181402952156,0.2630208333333333,0.06770833333333333,0.06770833333333333,0.140625,0.4609375,0.18489583333333331,0.009099718735966343,0.9822836910817327,2,0.9876543209876543,0.3081597222222222
,"Sandwich Shop,Vietnamese Food",Boston,False,False,42.314782,Banh Mi Ba Le,-71.056602,3.0,722511,0.0005926112172,4.099403418e-05,2125.0,87.0,101.0,MA,1052 Dorchester Ave,Full-Service Restaurants,Restaurants and Other Eating Places,2,98,0,0,0,100.0,12,0.05063291139240506,3.225806451612903,5.0,0.7496096799111128,0.98,0.02,0.0,0.0,0.0,0.596,0.002363563308043206,0.997380274969853,13,0.8518518518518519,0.9933333333333333
,"Japanese Food,Sushi",Boston,False,False,42.346862,Douzo,-71.075565,1.0,722511,0.0009833483297,6.836502177e-05,2116.0,135.0,167.0,MA,131 Dartmouth St,Full-Service Restaurants,Restaurants and Other Eating Places,0,159,0,7,0,166.0,14,0.15319148936170213,5.32258064516129,9.0,2.4807269586748877,0.9578313253012049,0.0,0.0,0.0,0.04216867469879518,0.5746987951807229,0.003923515091351722,0.9894646640392627,81,0.012345679012345734,0.9578313253012049
,"Gourmet,Italian Food,Sandwich Shop",Boston,False,False,42.363161,Bricco Salumeria and Pasta Shoppe,-71.054879,44.0,722513,3.630487103e-05,2.522069436e-06,2113.0,4.0,6.0,MA,11 Board Aly,Limited-Service Restaurants,Restaurants and Other Eating Places,0,4,0,0,0,4.0,10,0.2857142857142857,0.1935483870967742,2.0,0.5339659792660274,1.0,0.0,0.0,0.0,0.0,0.6,0.0001181781654021603,0.9983663154044782,40,0.5185185185185186,1.0
,"Japanese Food,Seafood,Sushi",Boston,False,False,42.350849,Oppa Sushi,-71.131486,7.0,722511,0.0005299246991,3.699439084e-05,2134.0,86.0,91.0,MA,185 Harvard Ave,Full-Service Restaurants,Restaurants and Other Eating Places,5,80,2,0,2,89.0,18,0.45161290322580644,2.903225806451613,5.0,1.058143191410111,0.898876404494382,0.056179775280898875,0.02247191011235955,0.02247191011235955,0.0,0.5617977528089888,0.0021272069772388853,0.9959694917340581,23,0.7283950617283951,0.9363295880149813
,"Caribbean Food,Imported Food",Boston,False,False,42.305212,El Taino Kitchen,-71.080044,1.0,722511,0.0006485222946,4.491505311e-05,2121.0,109.0,109.0,MA,116 Washington St,Full-Service Restaurants,Restaurants and Other Eating Places,0,109,0,0,0,109.0,13,0.040268456375838924,3.6774193548387095,10.0,4.176640854100519,1.0,0.0,0.0,0.0,0.0,0.6,0.0025526483726866626,0.9817100221483575,9,0.9012345679012346,1.0
California Pizza Kitchen,"Casual Dining,Catering,Dinner,Lunch,Pizza",Boston,False,False,42.34733,California Pizza Kitchen,-71.080151,1.0,722511,0.001046192515,7.260757685e-05,2199.0,173.0,178.0,MA,800 Boylston St Spc 155,Full-Service Restaurants,Restaurants and Other Eating Places,4,168,0,4,0,176.0,10,0.2578125,5.741935483870968,8.0,0.9146739921779242,0.9545454545454546,0.022727272727272728,0.0,0.0,0.022727272727272728,0.5818181818181818,0.004183507055236475,0.9966255110434237,8,0.9135802469135803,0.9696969696969697
,"Asian Food,BBQ and Southern Food,Sushi",Boston,False,False,42.368917,Mexicali Sushi Bar,-71.040219,1.0,722511,0.001114361555,7.840600201e-05,2128.0,179.0,189.0,MA,199 Sumner St,Full-Service Restaurants,Restaurants and Other Eating Places,10,168,0,10,0,188.0,17,0.2739273927392739,6.354838709677419,11.0,3.570022021227593,0.8936170212765957,0.05319148936170213,0.0,0.0,0.05319148936170213,0.5574468085106383,0.004443499019121227,0.9844838138048188,52,0.37037037037037035,0.9290780141843973
,"Fine Dining,Pizza,Salad,Sandwich Shop",Boston,False,False,42.346874,Game On,-71.098576,3.0,722511,0.002065676974,0.0001436127314,2215.0,299.0,352.0,MA,82 Lansdowne St,Full-Service Restaurants,Restaurants and Other Eating Places,7,296,33,7,7,350.0,14,0.17685589519650655,11.419354838709678,18.0,2.574993812061304,0.8457142857142858,0.02,0.02,0.09428571428571429,0.02,0.5154285714285715,0.008296107211231652,0.9890336246497241,74,0.09876543209876543,0.8590476190476192
,,Boston,False,False,42.3603,City Hall Luncheonette,-71.057778,12.0,722511,0.004438758271,0.0003069156198,2201.0,574.0,761.0,MA,Boston City Hall,Full-Service Restaurants,Restaurants and Other Eating Places,38,546,43,102,30,759.0,13,0.19187358916478556,23.903225806451612,40.0,8.10159219201915,0.7193675889328063,0.05006587615283267,0.039525691699604744,0.05665349143610013,0.13438735177865613,0.4516469038208168,0.017963081141128365,0.9637630071808616,2,0.9876543209876543,0.7527448397013613
McDonald's,"Breakfast,Burgers,Counter Service,Dinner,Fast Food,Lunch",Boston,True,False,42.35534,McDonald's,-71.062896,38.0,722513,0.008905548155,0.000614056531,2111.0,941.0,1513.0,MA,146 Tremont St,Limited-Service Restaurants,Restaurants and Other Eating Places,84,1033,99,240,55,1511.0,18,0.3427087840761575,48.67741935483871,99.0,20.330157317789673,0.6836532097948379,0.05559232296492389,0.036399735274652546,0.06551952349437459,0.15883520847121113,0.43242885506287226,0.035737077217613274,0.9078473479921841,66,0.19753086419753085,0.7207147584381205
,"Chinese Food,Soup",Boston,False,False,42.379493,Great Chef Chinese Food Day Square,-71.027915,64.0,722511,0.0005101947994,3.542879804e-05,2128.0,32.0,87.0,MA,390 Chelsea St,Full-Service Restaurants,Restaurants and Other Eating Places,13,34,14,14,9,84.0,18,0.2861356932153392,2.774193548387097,5.0,0.7914738158958258,0.40476190476190477,0.15476190476190477,0.10714285714285714,0.16666666666666666,0.16666666666666666,0.3047619047619048,0.002032664444917157,0.9971888493417541,52,0.37037037037037035,0.507936507936508
Ocean Prime,"Cocktail Lounge,Dinner,Fine Dining,Lunch,Seafood,Steak House",Boston,False,False,42.351295,Ocean Prime,-71.043213,69.0,722511,0.002424306342,0.0001659516119,2210.0,209.0,415.0,MA,140 Seaport Blvd,Full-Service Restaurants,Restaurants and Other Eating Places,18,270,46,68,11,413.0,18,0.3440721649484536,12.935483870967742,21.0,4.188582667904369,0.6537530266343826,0.043583535108958835,0.026634382566585957,0.11138014527845036,0.16464891041162227,0.4096852300242131,0.009785152095298873,0.9816554176723717,82,0.0,0.6828087167070218
,Coffee Shop,Boston,True,,42.365637,Hudsons Coffee,-71.00954,1.0,722515,1.154006292e-05,7.293506011e-07,2128.0,2.0,2.0,MA,Boston Logan Airport,Snack and Nonalcoholic Beverage Bars,Restaurants and Other Eating Places,0,2,0,0,0,2.0,12,0.5,0.06451612903225806,1.0,0.24567010018915833,1.0,0.0,0.0,0.0,0.0,0.6,2.3635633080432058e-05,0.9996845611638265,52,0.37037037037037035,1.0
,American Food,Boston,False,False,42.337655,DCS Associates,-71.079176,7.0,722511,0.0002793527437,1.942767669e-05,2118.0,49.0,49.0,MA,563 Massachusetts Ave,Full-Service Restaurants,Restaurants and Other Eating Places,0,49,0,0,0,49.0,11,0.26785714285714285,1.3870967741935485,9.0,2.497449271076892,1.0,0.0,0.0,0.0,0.0,0.6,0.0011345103878607388,0.9893882005203215,44,0.4691358024691358,1.0
,"Brunch,Mexican Food",Boston,False,False,42.378518,Angela's Cafe Eagle Hill,-71.034992,42.0,722511,0.0006000825347,4.168364468e-05,2128.0,59.0,102.0,MA,131 Lexington St,Full-Service Restaurants,Restaurants and Other Eating Places,7,56,11,4,21,99.0,13,0.22929936305732485,3.3225806451612905,5.0,0.6419273787784645,0.5656565656565656,0.0707070707070707,0.21212121212121213,0.1111111111111111,0.04040404040404041,0.36767676767676766,0.002387198941123638,0.9978726570922737,52,0.37037037037037035,0.6127946127946128
,"American Food,Bar or Pub,Brunch,Late Night",Boston,False,False,42.333153,Local 149,-71.027365,14.0,722511,0.0004775373421,3.448499184e-05,2127.0,72.0,81.0,MA,149 P St,Full-Service Restaurants,Restaurants and Other Eating Places,9,63,9,0,0,81.0,12,0.08928571428571429,2.5483870967741935,6.0,2.380548997096141,0.7777777777777778,0.1111111111111111,0.0,0.1111111111111111,0.0,0.5111111111111111,0.0018908506464345649,0.9899227322345285,38,0.5432098765432098,0.8518518518518519
Blue Bottle Coffee,"Breakfast,Coffee Shop,Counter Service,Dessert,Lunch,Sandwich Shop,Snacks,Tea House",Boston,False,False,42.350914,Blue Bottle Coffee,-71.045595,6.0,722513,0.004006403899,0.0002774882793,2210.0,449.0,687.0,MA,113 Autumn Ln,Limited-Service Restaurants,Restaurants and Other Eating Places,37,497,35,86,29,684.0,12,0.20203488372093023,21.838709677419356,43.0,7.107909153092493,0.7266081871345029,0.054093567251461985,0.04239766081871345,0.05116959064327485,0.12573099415204678,0.4576023391812865,0.016214044293176393,0.9683066671748783,82,0.0,0.7626705653021442
,"Coffee Shop,Salad,Smoothie & Juice Bar",Boston,False,False,42.364437,Pink Carrot,-71.055376,4.0,722515,0.0014686372,0.0001001058272,2113.0,186.0,250.0,MA,115 Salem St,Snack and Nonalcoholic Beverage Bars,Restaurants and Other Eating Places,18,182,24,11,13,248.0,17,0.38268156424581007,8.0,17.0,3.005371535187643,0.7338709677419355,0.07258064516129033,0.05241935483870968,0.0967741935483871,0.04435483870967742,0.4693548387096774,0.005885272637027583,0.9870657033244317,40,0.5185185185185186,0.7822580645161291
,"Gourmet,Italian Food,Sandwich Shop",Boston,False,False,42.364643,Monica's Mercato,-71.062456,14.0,722511,0.001647872245,0.0001144361274,2114.0,255.0,282.0,MA,80 Causeway St,Full-Service Restaurants,Restaurants and Other Eating Places,6,222,25,4,22,279.0,17,0.34793187347931875,9.0,17.0,2.3000701251581788,0.7956989247311828,0.021505376344086023,0.07885304659498207,0.08960573476702509,0.014336917562724014,0.48602150537634403,0.006641612895601409,0.9902907254642239,52,0.37037037037037035,0.8100358422939068
,Japanese Food,Boston,False,False,42.325046,Totto Ramen,-71.062561,10.0,722511,0.001400390376,9.713680253e-05,2125.0,148.0,238.0,MA,20A District Ave,Full-Service Restaurants,Restaurants and Other Eating Places,15,170,30,19,2,236.0,12,0.2483221476510067,7.645161290322581,11.0,1.6174130498995707,0.7203389830508474,0.0635593220338983,0.00847457627118644,0.1271186440677966,0.08050847457627118,0.45762711864406774,0.005601645040062398,0.9934122053737889,13,0.8518518518518519,0.7627118644067796
,"American Food,Bar or Pub,Burgers,Late Night,Sports Bar",Boston,False,False,42.346098,The Bullpen,-71.098707,3.0,722511,0.001365628984,9.405619373e-05,2215.0,229.0,233.0,MA,19 Jersey St # 21,Full-Service Restaurants,Restaurants and Other Eating Places,10,200,7,3,10,230.0,14,0.19881305637982197,7.419354838709677,18.0,2.6123057859390775,0.8695652173913043,0.043478260869565216,0.043478260869565216,0.030434782608695653,0.013043478260869565,0.5391304347826087,0.005483466874660238,0.9888630139857951,74,0.09876543209876543,0.8985507246376812
,"Bar or Pub,Italian Food,Late Night,Seafood",Boston,False,False,42.363452,Rabias Dolce Fumo,-71.055788,7.0,722511,0.0002846728941,2.011338036e-05,2113.0,48.0,48.0,MA,73 Salem St,Full-Service Restaurants,Restaurants and Other Eating Places,0,48,0,0,0,48.0,19,0.2602739726027397,1.6451612903225807,5.0,1.8586916504371527,1.0,0.0,0.0,0.0,0.0,0.6,0.0011108747547803068,0.9923089482165981,40,0.5185185185185186,1.0
,Thai Food,Boston,False,False,42.343037,Rod Thai Family Taste,-71.099234,7.0,722511,0.001327433658,9.196380371e-05,2215.0,184.0,226.0,MA,94 Peterborough St,Full-Service Restaurants,Restaurants and Other Eating Places,27,176,4,9,7,223.0,16,0.4517133956386293,7.161290322580645,11.0,1.7245246973707948,0.7892376681614349,0.1210762331838565,0.03139013452914798,0.017937219730941704,0.04035874439461883,0.5219730941704036,0.005318017443097213,0.992922432590675,74,0.09876543209876543,0.8699551569506727
,"Noodles,Seafood,Soup",Boston,False,False,42.352599,Kantin,-71.125258,25.0,722511,0.0122298569,0.0008501777898,2215.0,929.0,2087.0,MA,1095 Commonwealth Ave Ste 203,Full-Service Restaurants,Restaurants and Other Eating Places,291,1011,205,372,205,2084.0,13,0.20066975785677485,67.0,101.0,12.32621125370516,0.4851247600767754,0.13963531669865642,0.09836852207293666,0.09836852207293666,0.1785028790786948,0.34692898272552786,0.049303930605781275,0.9444457481872116,74,0.09876543209876543,0.5782149712092132
,"Brunch,Coffee Shop,Sandwich Shop",Boston,False,False,42.351906,Thinking Cup,-71.07495,6.0,722513,0.0007306665551,5.036409426e-05,2116.0,58.0,125.0,MA,85 Newbury St,Limited-Service Restaurants,Restaurants and Other Eating Places,12,103,4,0,3,122.0,6,0.1643192488262911,4.0,7.0,1.6263951827039393,0.8442622950819673,0.09836065573770492,0.02459016393442623,0.03278688524590164,0.0,0.5459016393442623,0.0029308185019735755,0.9933711341711162,81,0.012345679012345734,0.9098360655737705
,"Gourmet,Italian Food,Pizza",Boston,False,False,42.364582,La Famiglia Giorgio's,-71.055723,6.0,722513,0.0008909396484,6.19499143e-05,2113.0,130.0,152.0,MA,112 Salem St,Limited-Service Restaurants,Restaurants and Other Eating Places,15,111,6,12,6,150.0,12,0.40540540540540543,4.838709677419355,8.0,1.7057166537293271,0.74,0.1,0.04,0.04,0.08,0.484,0.003568980595145241,0.9930084332086907,40,0.5185185185185186,0.8066666666666666
,"Bubble Tea Shop,Dessert",Boston,False,False,42.349373,Ten One Tea House,-71.084042,25.0,722515,0.0006070364463,4.22102591e-05,2116.0,102.0,102.0,MA,279 Newbury St,Snack and Nonalcoholic Beverage Bars,Restaurants and Other Eating Places,0,72,0,0,29,101.0,14,0.15625,3.4516129032258065,6.0,2.447364740437504,0.7128712871287128,0.0,0.2871287128712871,0.0,0.0,0.4277227722772277,0.002387198941123638,0.9896172142694453,81,0.012345679012345734,0.7128712871287128
,Chinese Food,Boston,False,False,42.351583,Xiang's Hunan Kitchen,-71.122212,7.0,722511,8.084139194e-05,5.48436541e-06,2215.0,14.0,14.0,MA,1032 Commonwealth Ave,Full-Service Restaurants,Restaurants and Other Eating Places,0,14,0,0,0,14.0,0,0.0,0.45161290322580644,4.0,1.2138637240146306,1.0,0.0,0.0,0.0,0.0,0.6,0.0003072632300456168,0.9952574526566815,74,0.09876543209876543,1.0
,"BBQ and Southern Food,Bar or Pub,Late Night",Boston,False,False,42.350735,The Smoke Shop BBQ Seaport,-71.049599,69.0,722511,0.001174839831,8.10593434e-05,2210.0,127.0,199.0,MA,343 Congress St,Full-Service Restaurants,Restaurants and Other Eating Places,10,119,29,21,17,196.0,12,0.22258064516129034,6.419354838709677,13.0,2.075575218341344,0.6071428571428571,0.05102040816326531,0.08673469387755102,0.14795918367346939,0.10714285714285714,0.3846938775510204,0.004679855349925548,0.9913172384336573,82,0.0,0.641156462585034
,Mexican Food,Boston,False,False,42.331904,Chilacates Mexican Street Food,-71.098801,4.0,722511,0.001008195725,6.799113514e-05,2120.0,168.0,174.0,MA,1482A Tremont St,Full-Service Restaurants,Restaurants and Other Eating Places,19,141,6,0,6,172.0,9,0.24034334763948498,5.32258064516129,11.0,4.003120530964792,0.8197674418604651,0.11046511627906977,0.03488372093023256,0.03488372093023256,0.0,0.536046511627907,0.004088964522914746,0.9825034515614551,8,0.9135802469135803,0.8934108527131783
,"Italian Food,Pizza",Boston,False,False,42.357221,Figs by Todd English,-71.07021,21.0,722511,0.001531060696,0.000105872011,2114.0,189.0,261.0,MA,42 Charles St,Full-Service Restaurants,Restaurants and Other Eating Places,11,189,13,23,23,259.0,11,0.07072691552062868,8.32258064516129,13.0,1.6536781442550061,0.7297297297297297,0.04247104247104247,0.0888030888030888,0.05019305019305019,0.0888030888030888,0.45482625482625477,0.006145264600912336,0.9932463816131458,52,0.37037037037037035,0.758043758043758
,"Mediterranean Food,Middle Eastern Food",Boston,False,False,42.354403,Falafel King,-71.058508,7.0,722513,0.000269552672,1.868406243e-05,2110.0,38.0,47.0,MA,62 Summer St,Limited-Service Restaurants,Restaurants and Other Eating Places,0,47,0,0,0,47.0,18,0.392,1.3225806451612903,6.0,2.2914581464745862,1.0,0.0,0.0,0.0,0.0,0.6,0.0010872391216998748,0.9903301041206778,46,0.4444444444444444,1.0
,Mexican Food,Boston,False,False,42.376118,Los Pinos Mexican Restaurant & Grill,-71.036014,2.0,722511,0.0005528985186,3.835112229e-05,2128.0,68.0,94.0,MA,82 Bennington St,Full-Service Restaurants,Restaurants and Other Eating Places,5,85,0,0,0,90.0,12,0.15566037735849056,3.032258064516129,5.0,0.7398287058825623,0.9444444444444444,0.05555555555555555,0.0,0.0,0.0,0.5888888888888889,0.0021981138764801816,0.9974249989096358,52,0.37037037037037035,0.9814814814814815
,"Brunch,Cafe,Sandwich Shop",Boston,False,False,42.356803,Cobblestones,-71.070097,2.0,722511,0.001427010529,9.893564264e-05,2114.0,174.0,243.0,MA,30 Charles St,Full-Service Restaurants,Restaurants and Other Eating Places,15,201,17,0,7,240.0,13,0.15609756097560976,7.870967741935484,11.0,1.288708668092786,0.8375,0.0625,0.029166666666666667,0.07083333333333333,0.0,0.5275,0.005719823205464558,0.9949152208132863,52,0.37037037037037035,0.8791666666666667
Shake Shack,"Burgers,Counter Service,Dinner,Lunch,Truck or Cart",Boston,False,False,42.352029,Shake Shack,-71.046619,2.0,722513,0.003017569925,0.0002095793234,2210.0,457.0,512.0,MA,77 Seaport Blvd,Limited-Service Restaurants,Restaurants and Other Eating Places,20,419,8,5,57,509.0,17,0.40809443507588533,16.548387096774192,28.0,5.272195537500479,0.8231827111984283,0.03929273084479371,0.11198428290766209,0.015717092337917484,0.009823182711198428,0.5096267190569744,0.012077808504100783,0.9767005495185348,82,0.0,0.8493778650949574
Tatte Bakery,,Boston,False,False,42.357906,Tatte Bakery,-71.070677,1.0,722515,0.0007030214048,4.850414347e-05,2114.0,80.0,120.0,MA,70 Charles St,Snack and Nonalcoholic Beverage Bars,Restaurants and Other Eating Places,0,120,0,0,0,120.0,12,0.16770186335403728,3.806451612903226,6.0,2.0386484270096727,1.0,0.0,0.0,0.0,0.0,0.6,0.002812640336571415,0.9914860878332228,52,0.37037037037037035,1.0
,Chinese Food,Boston,False,False,42.36023,Megumi,-71.054021,2.0,722511,0.008946584978,0.0006132659531,2139.0,1406.0,1521.0,MA,36 N Market St,Full-Service Restaurants,Restaurants and Other Eating Places,126,1186,93,13,101,1519.0,14,0.1837160751565762,49.645161290322584,123.0,24.445526521420422,0.7807768268597761,0.08294930875576037,0.06649111257406189,0.061224489795918366,0.008558262014483212,0.5016458196181698,0.03592616228225673,0.8890296388448653,1,1.0,0.836076366030283
,Cafe,Boston,False,False,42.334933,Cannonball Cafe,-71.057676,8.0,722513,0.002376737128,0.0001650024349,2127.0,319.0,405.0,MA,383 Dorchester Ave,Limited-Service Restaurants,Restaurants and Other Eating Places,46,316,30,3,9,404.0,9,0.14686468646864687,12.903225806451612,16.0,1.2789824259096139,0.7821782178217822,0.11386138613861387,0.022277227722772276,0.07425742574257425,0.007425742574257425,0.5148514851485149,0.009548795764494552,0.9949596944892661,38,0.5432098765432098,0.8580858085808581
Starbucks,"Bakery,Coffee Shop,Counter Service,Dessert,Snacks,Tea House",Boston,True,False,42.347036,Starbucks,-71.079158,8.0,722515,0.0002356121729,1.659102186e-05,2116.0,28.0,40.0,MA,110 Huntington Ave,Snack and Nonalcoholic Beverage Bars,Restaurants and Other Eating Places,2,29,1,4,1,37.0,8,0.34,1.2903225806451613,6.0,1.5901622637246755,0.7837837837837838,0.05405405405405406,0.02702702702702703,0.02702702702702703,0.10810810810810811,0.49189189189189186,0.0009217896901368503,0.9935368108084174,81,0.012345679012345734,0.8198198198198198
,"Brunch,Cafe",Boston,False,False,42.355165,Boston News Cafe,-71.0581,1.0,722511,0.0004309332353,3.032077466e-05,2110.0,74.0,74.0,MA,80 Arch St,Full-Service Restaurants,Restaurants and Other Eating Places,0,63,0,0,10,73.0,20,0.3081081081081081,2.5806451612903225,9.0,3.1497485158023593,0.863013698630137,0.0,0.136986301369863,0.0,0.0,0.5178082191780822,0.0017254012148715404,0.9864055331442255,46,0.4444444444444444,0.863013698630137
,"Asian Food,Fine Dining,Sushi,Tapas",Boston,False,False,42.354548,LoLa 42,-71.045287,20.0,722511,0.003445617271,0.000239005164,2210.0,453.0,586.0,MA,22 Liberty Dr,Full-Service Restaurants,Restaurants and Other Eating Places,44,355,133,17,35,584.0,19,0.47729789590254706,18.70967741935484,24.0,4.081378233273473,0.6078767123287672,0.07534246575342465,0.059931506849315065,0.22773972602739725,0.02910958904109589,0.39486301369863014,0.013826845352052754,0.9821456147289097,82,0.0,0.6581050228310502
,,Boston,False,False,42.337551,Cafe at Dana Farber,-71.10708,21.0,722511,0.003613286422,0.0002525255661,2115.0,305.0,626.0,MA,44 Binney St,Full-Service Restaurants,Restaurants and Other Eating Places,28,425,77,59,35,624.0,9,0.19126819126819128,19.451612903225808,38.0,10.238569424004316,0.6810897435897436,0.04487179487179487,0.05608974358974359,0.1233974358974359,0.09455128205128205,0.4266025641025641,0.014772270675270037,0.9539915835208745,75,0.0864197530864198,0.7110042735042735
,"Bar or Pub,Cocktail Lounge,Italian Food,Late Night,Pizza",Boston,False,False,42.34407,Tenderoni's,-71.100329,1.0,722511,0.01020790493,0.0007061888961,2215.0,1247.0,1742.0,MA,1363 Boylston St,Full-Service Restaurants,Restaurants and Other Eating Places,49,1539,84,29,39,1740.0,17,0.42043721403152007,55.38709677419355,67.0,8.675800304647325,0.8844827586206897,0.028160919540229885,0.022413793103448276,0.04827586206896552,0.016666666666666666,0.5419540229885058,0.04114963719303222,0.9611374149875938,74,0.09876543209876543,0.9032567049808431
Starbucks,"Bakery,Coffee Shop,Counter Service,Dessert,Snacks,Tea House",Boston,False,False,42.356671,Starbucks,-71.050477,2.0,722515,0.003245866177,0.0002244208028,2110.0,281.0,553.0,MA,30 Rowes Wharf,Snack and Nonalcoholic Beverage Bars,Restaurants and Other Eating Places,54,459,13,20,4,550.0,12,0.21571648690292758,17.64516129032258,32.0,4.468877228528756,0.8345454545454546,0.09818181818181818,0.007272727272727273,0.023636363636363636,0.03636363636363636,0.5399999999999999,0.013046869460398496,0.9803737582983472,46,0.4444444444444444,0.8999999999999999
,Vietnamese Food,Boston,False,False,42.308778,King Do Restaurant,-71.058711,5.0,722511,0.0001718900887,1.1538433e-05,2125.0,30.0,30.0,MA,1229 Dorchester Ave,Full-Service Restaurants,Restaurants and Other Eating Places,0,30,0,0,0,30.0,0,0.25,0.967741935483871,5.0,1.6749361271931829,1.0,0.0,0.0,0.0,0.0,0.6,0.0006854333593325297,0.9931491785384773,13,0.8518518518518519,1.0
,Mexican Food,Boston,False,False,42.378872,Pueblo Viejo 2,-71.027863,31.0,722511,0.0006271202033,4.324686127e-05,2128.0,104.0,107.0,MA,309 Bennington St,Full-Service Restaurants,Restaurants and Other Eating Places,3,78,9,0,15,105.0,15,0.3284823284823285,3.4193548387096775,5.0,0.8337321279561346,0.7428571428571429,0.02857142857142857,0.14285714285714285,0.08571428571428572,0.0,0.4571428571428572,0.002505377106525798,0.9969956213259771,52,0.37037037037037035,0.761904761904762
,"Caribbean Food,Dessert,Latin American Food",Boston,False,False,42.302891,La Esquina Restaurant,-71.085041,7.0,722511,0.0008887767252,6.280431202e-05,2121.0,151.0,151.0,MA,624 Blue Hill Ave,Full-Service Restaurants,Restaurants and Other Eating Places,0,151,0,0,0,151.0,15,0.24644549763033174,4.806451612903226,11.0,4.169159850684777,1.0,0.0,0.0,0.0,0.0,0.6,0.003545344962064809,0.9817442293699801,9,0.9012345679012346,1.0
Dunkin',"Coffee Shop,Counter Service,Dessert,Donut Shop,Snacks",Boston,True,False,42.337727,Dunkin',-71.108945,50.0,722515,0.002905010756,0.0002008550211,2215.0,259.0,498.0,MA,457 Brookline Ave,Snack and Nonalcoholic Beverage Bars,Restaurants and Other Eating Places,34,268,58,104,31,495.0,11,0.25209003215434084,15.806451612903226,31.0,4.503900494794876,0.5414141414141415,0.06868686868686869,0.06262626262626263,0.11717171717171718,0.2101010101010101,0.35232323232323237,0.011746909640974733,0.9802136128520034,74,0.09876543209876543,0.5872053872053873
,Chinese Food,Boston,False,False,42.351378,Spicy World,-71.062369,1.0,722511,0.0006153172613,4.25422247e-05,2111.0,85.0,105.0,MA,7 Beach St,Full-Service Restaurants,Restaurants and Other Eating Places,0,91,3,9,0,103.0,13,0.11805555555555555,3.3548387096774195,5.0,0.6978486339607721,0.883495145631068,0.0,0.0,0.02912621359223301,0.08737864077669903,0.5300970873786408,0.0024581058403649342,0.9976169546599755,66,0.19753086419753085,0.883495145631068
,"Chicken Wings,Korean Food",Boston,False,False,42.351474,Fiya Chicken,-71.121842,1.0,722511,0.001608678162,0.0001114295069,2215.0,216.0,274.0,MA,1024 Commonwealth Ave,Full-Service Restaurants,Restaurants and Other Eating Places,20,236,6,0,10,272.0,18,0.3041575492341357,8.870967741935484,14.0,1.6605855066108066,0.8676470588235294,0.07352941176470588,0.03676470588235294,0.022058823529411766,0.0,0.55,0.006452527830957952,0.9932147973908428,74,0.09876543209876543,0.9166666666666667
Maggiano's Little Italy,"Catering,Dinner,Drinks,Fine Dining,Italian Food,Lunch",Boston,False,False,42.351122,Maggiano's Little Italy,-71.068439,67.0,722511,0.001899006338,0.0001320434567,2116.0,303.0,322.0,MA,4 Columbus Ave,Full-Service Restaurants,Restaurants and Other Eating Places,8,221,70,2,19,320.0,20,0.4417293233082707,10.419354838709678,19.0,3.949472758184044,0.690625,0.025,0.059375,0.21875,0.00625,0.424375,0.007587038218818691,0.9827487583941201,81,0.012345679012345734,0.7072916666666667
,"Asian Food,Bubble Tea Shop,Vietnamese Food",Boston,False,False,42.345155,Saigon Fusion,-71.08701,9.0,722511,0.005124875749,0.0003553645251,2115.0,339.0,874.0,MA,201 Massachusetts Ave,Full-Service Restaurants,Restaurants and Other Eating Places,34,571,59,173,34,871.0,18,0.3952542372881356,27.516129032258064,38.0,5.173574092112385,0.6555683122847302,0.03903559127439724,0.03903559127439724,0.0677382319173364,0.19862227324913892,0.408955223880597,0.02063390767921719,0.9771515004741292,75,0.0864197530864198,0.681592039800995
,"American Food,Seafood",Boston,True,False,42.353108,Blu Restaurant & Bar,-71.062973,3.0,722511,0.06856046585,0.00473646243,2111.0,7039.0,11691.0,MA,4 Avery St # 4,Full-Service Restaurants,Restaurants and Other Eating Places,445,8415,952,1530,346,11688.0,17,0.3513373419033796,371.61290322580646,495.0,67.51280758749019,0.7199691991786448,0.038073237508555784,0.029603011635865845,0.08145106091718002,0.1309034907597536,0.4472108145106091,0.2763005507102508,0.6921025762250306,66,0.19753086419753085,0.7453513575176819
,Pizza,Boston,False,False,42.334857,Papa's Pizza Company,-71.102399,1.0,722511,0.0006332155447,4.386345939e-05,2115.0,86.0,108.0,MA,682 Huntington Ave,Full-Service Restaurants,Restaurants and Other Eating Places,0,108,0,0,0,108.0,15,0.044444444444444446,3.4516129032258065,5.0,0.5587260669577024,1.0,0.0,0.0,0.0,0.0,0.6,0.00252901273960623,0.9982530987996999,75,0.0864197530864198,1.0
,"American Food,European Food,Steak House",Boston,True,False,42.361111,North 26 Restaurant and Bar,-71.056104,7.0,722511,0.002702940329,0.0001856425448,2109.0,374.0,458.0,MA,26 North St,Full-Service Restaurants,Restaurants and Other Eating Places,20,357,11,54,14,456.0,14,0.2953249714937286,14.774193548387096,33.0,5.751351467653016,0.7828947368421053,0.043859649122807015,0.03070175438596491,0.02412280701754386,0.11842105263157894,0.487280701754386,0.01080148431775745,0.974509587667076,47,0.4320987654320988,0.8121345029239767
CAVA,"Counter Service,Dinner,Greek Food,Healthy Food,Lunch,Mediterranean Food",Boston,False,False,42.343948,CAVA,-71.09919,7.0,722513,0.001215001587,8.453021292e-05,2215.0,155.0,207.0,MA,1346 Boylston St,Limited-Service Restaurants,Restaurants and Other Eating Places,12,172,4,4,12,204.0,12,0.2062937062937063,6.709677419354839,8.0,0.7701507346008596,0.8431372549019608,0.058823529411764705,0.058823529411764705,0.0196078431372549,0.0196078431372549,0.5294117647058824,0.0048689404145690045,0.9972863500815612,74,0.09876543209876543,0.8823529411764707
,"Mexican Food,Truck or Cart",Boston,False,False,42.343037,Chilacates Mexican Street Food,-71.069399,8.0,722513,0.0007662776011,5.357685038e-05,2118.0,53.0,130.0,MA,275 Shawmut Ave,Limited-Service Restaurants,Restaurants and Other Eating Places,7,89,4,24,4,128.0,10,0.3452914798206278,4.161290322580645,6.0,1.3934587784809793,0.6953125,0.0546875,0.03125,0.03125,0.1875,0.43906249999999997,0.003048996667375736,0.9944362462637623,44,0.4691358024691358,0.7317708333333333
,,Boston,False,False,42.351667,Hood Milk Bottle,-71.050189,1.0,722513,0.0007815363357,5.440016061e-05,2210.0,130.0,133.0,MA,308 Congress St,Limited-Service Restaurants,Restaurants and Other Eating Places,0,130,2,0,0,132.0,15,0.24257425742574257,4.354838709677419,8.0,1.5564307202341703,0.9848484848484849,0.0,0.0,0.015151515151515152,0.0,0.5909090909090909,0.0031199035666170318,0.9936910497947845,82,0.0,0.984848484848485
Dunkin',"Coffee Shop,Counter Service,Dessert,Donut Shop,Snacks",Boston,False,False,42.348506,Dunkin',-71.096358,11.0,722515,0.0001001730909,7.015404538e-06,2215.0,15.0,17.0,MA,530 Commonwealth Ave,Snack and Nonalcoholic Beverage Bars,Restaurants and Other Eating Places,0,14,0,0,0,14.0,11,0.2777777777777778,0.5483870967741935,2.0,0.6642342026443228,1.0,0.0,0.0,0.0,0.0,0.6,0.00037817012928691293,0.9977706581457059,74,0.09876543209876543,1.0
,"Salad,Smoothie & Juice Bar,Vegetarian Food",Boston,False,False,42.350705,Life Alive Organic Cafe Brookline,-71.115244,1.0,722515,0.001293625511,8.905679889e-05,2215.0,222.0,222.0,MA,888 Commonwealth Ave,Snack and Nonalcoholic Beverage Bars,Restaurants and Other Eating Places,9,212,0,0,0,221.0,18,0.40445859872611467,7.096774193548387,11.0,2.5571511203363113,0.9592760180995475,0.04072398190045249,0.0,0.0,0.0,0.5918552036199095,0.005223474910775485,0.9891152111530663,74,0.09876543209876543,0.9864253393665159
,"Halal Food,Middle Eastern Food,Moroccan Food",Boston,False,False,42.339768,Pita,-71.065006,607.0,722511,0.0006340950918,4.385488962e-05,2118.0,103.0,108.0,MA,473 Albany St,Full-Service Restaurants,Restaurants and Other Eating Places,0,102,0,5,0,107.0,14,0.10294117647058823,3.4516129032258065,5.0,0.6137515351754984,0.9532710280373832,0.0,0.0,0.0,0.04672897196261682,0.5719626168224299,0.00252901273960623,0.9980014923932312,44,0.4691358024691358,0.9532710280373832
,Chinese Food,Boston,False,False,42.351175,Peach Farm,-71.060441,35.0,722511,0.0005885194481,4.081273042e-05,2111.0,97.0,100.0,MA,4 Tyler St,Full-Service Restaurants,Restaurants and Other Eating Places,10,55,17,0,17,99.0,13,0.39672131147540984,3.2903225806451615,5.0,0.7270598496506223,0.5555555555555556,0.10101010101010101,0.1717171717171717,0.1717171717171717,0.0,0.3737373737373737,0.002339927674962774,0.9974833850739937,66,0.19753086419753085,0.6228956228956228
,"Bar or Pub,Late Night,Mexican Food",Boston,False,False,42.353074,Scorpion Bar Boston,-71.04745,3.0,722511,0.000831310926,5.684598684e-05,2210.0,103.0,141.0,MA,58 Seaport Blvd Ste 200,Full-Service Restaurants,Restaurants and Other Eating Places,4,122,6,1,6,139.0,5,0.25384615384615383,4.516129032258065,11.0,2.2982597587815325,0.8776978417266187,0.02877697841726619,0.04316546762589928,0.04316546762589928,0.007194244604316547,0.5381294964028777,0.0033089886312604884,0.9902990034451875,82,0.0,0.8968824940047961
,Diner,Boston,True,False,42.350888,Rhett's,-71.108965,48.0,722511,0.009860769367,0.0006814073716,2215.0,750.0,1695.0,MA,775 Commonwealth Ave,Full-Service Restaurants,Restaurants and Other Eating Places,114,1031,261,189,98,1693.0,16,0.31518324607329845,51.45161290322581,101.0,30.024547709174215,0.6089781453041937,0.06733608978145304,0.057885410513880686,0.15416420555227406,0.11163614884819846,0.39232132309509743,0.040038762438251906,0.8635193157503399,74,0.09876543209876543,0.6538688718251624
,"Bakery,Brunch,Coffee Shop",Boston,False,False,42.300961,Dot Cafe,-71.060145,1.0,722515,0.0005950160478,4.049498375e-05,2122.0,103.0,103.0,MA,1459 Dorchester Ave,Snack and Nonalcoholic Beverage Bars,Restaurants and Other Eating Places,0,103,0,0,0,103.0,10,0.09285714285714286,3.161290322580645,5.0,1.7615384440614255,1.0,0.0,0.0,0.0,0.0,0.6,0.00241083457420407,0.9927531855838542,9,0.9012345679012346,1.0
,,Boston,True,False,42.362181,Hurley Cafe,-71.063645,1.0,722511,0.00329533521,0.0002256952082,2114.0,461.0,566.0,MA,19 Staniford St,Full-Service Restaurants,Restaurants and Other Eating Places,3,511,19,31,0,564.0,17,0.415929203539823,17.806451612903224,42.0,7.768502802731411,0.9060283687943262,0.005319148936170213,0.0,0.03368794326241135,0.0549645390070922,0.5457446808510638,0.013354132690444113,0.9652860732625499,52,0.37037037037037035,0.9095744680851063
,"Bar or Pub,Italian Food,Late Night,Wine Bar",Boston,True,False,42.342703,Fox And The Knife,-71.056519,40.0,722511,0.007706535989,0.0005325078504,2127.0,797.0,1315.0,MA,28 W Broadway,Full-Service Restaurants,Restaurants and Other Eating Places,62,907,97,221,27,1314.0,19,0.30698865715331136,42.225806451612904,96.0,11.915589348031684,0.6902587519025876,0.0471841704718417,0.02054794520547945,0.07382039573820395,0.16818873668188736,0.43302891933028925,0.031057221867687727,0.9463233351564838,38,0.5432098765432098,0.7217148655504821
,"Bagel Shop,Coffee Shop,Sandwich Shop",Boston,False,False,42.34421,Pavement Coffeehouse,-71.098417,7.0,722515,0.0003416073998,2.317091817e-05,2215.0,45.0,58.0,MA,1334 Boylston St,Snack and Nonalcoholic Beverage Bars,Restaurants and Other Eating Places,0,58,0,0,0,58.0,12,0.189873417721519,1.8709677419354838,6.0,2.1811795489518664,1.0,0.0,0.0,0.0,0.0,0.6,0.0013472310855846274,0.9908343579240854,74,0.09876543209876543,1.0
,"Hawaiian Food,Japanese Food,Sushi",Boston,False,False,42.351184,Yoki Express,-71.045737,23.0,722511,0.0006455114154,4.483353524e-05,2210.0,93.0,110.0,MA,53 Boston Wharf Rd,Full-Service Restaurants,Restaurants and Other Eating Places,1,81,4,12,9,107.0,12,0.23788546255506607,3.5161290322580645,6.0,0.7980204436679343,0.7570093457943925,0.009345794392523364,0.08411214953271028,0.037383177570093455,0.11214953271028037,0.4579439252336448,0.0025762840057670946,0.9971589145944166,82,0.0,0.7632398753894081
,"Asian Food,Bubble Tea Shop,Vietnamese Food",Boston,False,False,42.328138,Bon Me,-71.074933,21.0,722511,0.001468962831,0.0001022888729,2119.0,174.0,250.0,MA,148 Hampden St,Full-Service Restaurants,Restaurants and Other Eating Places,7,227,0,7,7,248.0,21,0.40970350404312667,7.967741935483871,12.0,2.558778324522831,0.9153225806451613,0.028225806451612902,0.028225806451612902,0.0,0.028225806451612902,0.560483870967742,0.005885272637027583,0.9891077706893825,13,0.8518518518518519,0.9341397849462367
Kwench Juice Cafe,"Counter Service,Drinks,Healthy Food,Smoothie & Juice Bar,Snacks,Take Out and Delivery Only",Boston,False,False,42.354613,Kwench Juice Cafe,-71.054386,7.0,722513,8.308471464e-05,5.940657421e-06,2110.0,15.0,15.0,MA,230 Congress St,Limited-Service Restaurants,Restaurants and Other Eating Places,0,15,0,0,0,15.0,17,0.3076923076923077,0.3548387096774194,5.0,1.1230254958405943,1.0,0.0,0.0,0.0,0.0,0.6,0.0003308988631260488,0.9956728145045878,46,0.4444444444444444,1.0
,"Halal Food,Salad,Smoothie & Juice Bar",Boston,False,False,42.360949,B Nutritious,-71.06584,1350.0,722513,0.002809066819,0.0001953603691,2114.0,227.0,479.0,MA,204 Cambridge St,Limited-Service Restaurants,Restaurants and Other Eating Places,18,239,12,206,3,478.0,13,0.2275132275132275,15.32258064516129,20.0,1.9900899116370556,0.5,0.03765690376569038,0.006276150627615063,0.02510460251046025,0.4309623430962343,0.31506276150627616,0.011297832612446525,0.9917081238095092,52,0.37037037037037035,0.5251046025104603
McDonald's,"Breakfast,Burgers,Counter Service,Dinner,Fast Food,Lunch",Boston,False,False,42.35697,McDonald's,-71.059038,10.0,722513,0.009158080317,0.0006309424079,2108.0,961.0,1567.0,MA,329 Washington St,Limited-Service Restaurants,Restaurants and Other Eating Places,120,1087,111,191,55,1564.0,12,0.2556980056980057,49.54838709677419,68.0,10.178531200450445,0.6950127877237852,0.07672634271099744,0.03516624040920716,0.07097186700767263,0.1221227621483376,0.44769820971867,0.037013401403956606,0.9542661109745868,31,0.6296296296296297,0.7461636828644501
Starbucks,"Bakery,Coffee Shop,Counter Service,Dessert,Snacks,Tea House",Boston,False,False,42.356406,Starbucks,-71.069326,1.0,722515,5.325013562e-05,3.750908529e-06,2108.0,9.0,9.0,MA,65 Beacon St # 66,Snack and Nonalcoholic Beverage Bars,Restaurants and Other Eating Places,0,8,0,0,0,8.0,12,0.3,0.2903225806451613,1.0,0.45391120256355777,1.0,0.0,0.0,0.0,0.0,0.6,0.00018908506464345646,0.998732369439803,31,0.6296296296296297,1.0
,Chinese Food,Boston,False,False,42.349283,Su Su Gourmet,-71.061142,20.0,722511,0.000427600003,2.951779701e-05,2111.0,55.0,72.0,MA,70 Tyler St,Full-Service Restaurants,Restaurants and Other Eating Places,5,60,0,0,5,70.0,4,0.24539877300613497,2.4193548387096775,5.0,1.641678793548319,0.8571428571428571,0.07142857142857142,0.07142857142857142,0.0,0.0,0.5428571428571428,0.0016781299487106762,0.9933012491791848,66,0.19753086419753085,0.9047619047619048
,"Chicken Wings,Pizza,Sandwich Shop",Boston,False,False,42.3353,Broadway's Best Pizza,-71.045582,166.0,722511,0.002115192927,0.0001483521511,2127.0,165.0,361.0,MA,483 E Broadway,Full-Service Restaurants,Restaurants and Other Eating Places,7,210,43,91,7,358.0,17,0.3948155533399801,11.483870967741936,86.0,13.720413253773312,0.5865921787709497,0.019553072625698324,0.019553072625698324,0.12011173184357542,0.2541899441340782,0.3597765363128491,0.008508827908955541,0.9380706973881857,38,0.5432098765432098,0.5996275605214152
Dunkin',"Coffee Shop,Counter Service,Dessert,Donut Shop,Snacks",Boston,False,False,42.312857,Dunkin',-71.036986,135.0,722515,0.008404626909,0.0005809581496,2125.0,416.0,1450.0,MA,100 William T Morrissey Blvd,Snack and Nonalcoholic Beverage Bars,Restaurants and Other Eating Places,120,344,472,401,110,1447.0,12,0.1456447963800905,45.225806451612904,83.0,20.25914318065184,0.2377332411886662,0.082930200414651,0.07601935038009675,0.3261921216309606,0.27712508638562544,0.1758120248790601,0.034248032333546057,0.9081720633000667,13,0.8518518518518519,0.2930200414651002
,Vietnamese Food,Boston,False,False,42.349376,Pho Real Boston,-71.083985,1.0,722511,0.0005479229403,3.808301324e-05,2116.0,92.0,92.0,MA,279 Newbury St,Full-Service Restaurants,Restaurants and Other Eating Places,7,63,7,0,14,91.0,12,0.15441176470588236,3.096774193548387,5.0,1.8726355191870956,0.6923076923076923,0.07692307692307693,0.15384615384615385,0.07692307692307693,0.0,0.4461538461538461,0.0021508426103193173,0.9922451892551194,81,0.012345679012345734,0.7435897435897436
,Asian Food,Boston,False,False,42.347713,Sekali Boston,-71.081973,14.0,722511,0.02045897169,0.001413304414,2199.0,2262.0,3489.0,MA,800 Boylston St,Full-Service Restaurants,Restaurants and Other Eating Places,67,2883,135,317,84,3486.0,16,0.295676732565718,111.41935483870968,157.0,17.589905817841696,0.8270223752151463,0.019219736087205966,0.024096385542168676,0.0387263339070568,0.09093516924842227,0.5039013195639702,0.08244108818454703,0.9203772701364797,8,0.9135802469135803,0.839835532606617
Bruegger's,"Bagel Shop,Breakfast,Catering,Counter Service,Lunch",Boston,False,False,42.357645,Bruegger's,-71.058623,1.0,722513,0.0009342227491,6.469723622e-05,2108.0,139.0,159.0,MA,7 School St,Limited-Service Restaurants,Restaurants and Other Eating Places,11,141,0,0,5,157.0,12,0.21076233183856502,5.096774193548387,12.0,1.6916271744679865,0.8980891719745223,0.07006369426751592,0.03184713375796178,0.0,0.0,0.5668789808917197,0.0037344300267082653,0.9930728579807241,31,0.6296296296296297,0.9447983014861996
,"Bar or Pub,French Food,Late Night,Wine Bar",Boston,False,False,42.343643,Frenchie Wine Bistro,-71.071741,1.0,722511,1.102026842e-05,8.399521377e-07,2118.0,2.0,2.0,MA,560 Tremont St,Full-Service Restaurants,Restaurants and Other Eating Places,0,1,0,0,0,1.0,16,0.5,0.06451612903225806,1.0,0.24567010018915833,1.0,0.0,0.0,0.0,0.0,0.6,2.3635633080432058e-05,0.9996845611638265,44,0.4691358024691358,1.0
,"Japanese Food,Noodles,Sushi",Boston,False,False,42.348768,REDWHITE RAMEN Newbury,-71.084783,7.0,722511,0.0001192933975,8.02212407e-06,2115.0,20.0,20.0,MA,294 Newbury St,Full-Service Restaurants,Restaurants and Other Eating Places,0,20,0,0,0,20.0,16,0.32,0.6451612903225806,5.0,1.492959543923372,1.0,0.0,0.0,0.0,0.0,0.6,0.00044907702852820913,0.9939812745780192,75,0.0864197530864198,1.0
,Pizza,Boston,False,False,42.372626,Santarpio's Pizza,-71.035254,13.0,722511,0.0008385787994,5.814335611e-05,2128.0,131.0,143.0,MA,111 Chelsea St,Full-Service Restaurants,Restaurants and Other Eating Places,21,92,21,0,7,141.0,12,0.31640625,4.516129032258065,7.0,0.9459921482977535,0.6524822695035462,0.14893617021276595,0.04964539007092199,0.14893617021276595,0.0,0.451063829787234,0.0033562598974213524,0.996482307378398,52,0.37037037037037035,0.75177304964539
,Italian Food,Boston,False,False,42.362795,Dolce Vita Ristorante,-71.05517,1.0,722511,0.000827884836,5.722949308e-05,2113.0,133.0,141.0,MA,221 Hanover St,Full-Service Restaurants,Restaurants and Other Eating Places,7,129,0,3,0,139.0,16,0.2949640287769784,4.516129032258065,7.0,0.9112546381822926,0.9280575539568345,0.050359712230215826,0.0,0.0,0.02158273381294964,0.576978417266187,0.0033089886312604884,0.996641146192004,40,0.5185185185185186,0.9616306954436451
,,Boston,False,False,42.351138,Korea House,-71.060156,4.0,722511,0.00497893036,0.0003424001537,2111.0,703.0,847.0,MA,63 Beach St,Full-Service Restaurants,Restaurants and Other Eating Places,35,698,49,7,55,844.0,10,0.38859180035650626,28.29032258064516,64.0,16.54162598472479,0.8270142180094787,0.041469194312796206,0.06516587677725119,0.058056872037914695,0.008293838862559242,0.5127962085308057,0.019995745586045523,0.925170576405864,66,0.19753086419753085,0.8546603475513428
,"Ice Cream Shop,Smoothie & Juice Bar",Boston,False,False,42.353214,Broken Coconut,-71.046665,11.0,722515,0.009606236162,0.0006609941246,2210.0,1203.0,1633.0,MA,39 Northern Ave,Snack and Nonalcoholic Beverage Bars,Restaurants and Other Eating Places,112,1156,178,121,64,1631.0,19,0.39299610894941633,52.45161290322581,105.0,16.540933994141415,0.7087676272225628,0.06866952789699571,0.03923973022685469,0.10913549969343961,0.07418761496014716,0.45272838749233596,0.03857335318726512,0.9251737405636554,82,0.0,0.7545473124872266
,,Boston,False,False,42.328296,Host International,-71.055027,7.0,722511,0.0001309551457,9.169300647e-06,2127.0,23.0,23.0,MA,65 Logan Way,Full-Service Restaurants,Restaurants and Other Eating Places,0,23,0,0,0,23.0,15,0.23684210526315788,0.7419354838709677,7.0,1.9669485444420831,1.0,0.0,0.0,0.0,0.0,0.6,0.0005199839277695053,0.9918139387426536,38,0.5432098765432098,1.0
,"Italian Food,Pizza",Boston,False,False,42.334077,Bitcoin Pizza Mission Hill,-71.105473,1.0,722511,0.001098553703,7.604657721e-05,2115.0,175.0,187.0,MA,735 Huntington Ave,Full-Service Restaurants,Restaurants and Other Eating Places,0,181,0,5,0,186.0,19,0.47126436781609193,5.967741935483871,10.0,1.2822327041517283,0.9731182795698925,0.0,0.0,0.0,0.026881720430107527,0.5838709677419355,0.004396227752960363,0.9949448324471062,75,0.0864197530864198,0.9731182795698925
,Cafeteria,Boston,True,False,42.36322,MGH Canteen,-71.068774,47.0,722513,0.01329020281,0.0009206801629,2114.0,737.0,2294.0,MA,55 Fruit St,Limited-Service Restaurants,Restaurants and Other Eating Places,93,1317,251,546,85,2292.0,13,0.18175824175824176,71.38709677419355,118.0,30.185103588824305,0.574607329842932,0.04057591623036649,0.037085514834205933,0.10951134380453752,0.23821989528795812,0.36099476439790573,0.05419650665343071,0.862785166833037,52,0.37037037037037035,0.6016579406631762
Dunkin',"Coffee Shop,Counter Service,Dessert,Donut Shop,Snacks",Boston,True,False,42.364209,Dunkin',-71.06313,1.0,722515,0.0008498086783,5.908579064e-05,2114.0,136.0,145.0,MA,Causeway St,Snack and Nonalcoholic Beverage Bars,Restaurants and Other Eating Places,0,136,0,0,8,144.0,9,0.1484375,4.612903225806452,5.0,0.48708609259811286,0.9444444444444444,0.0,0.05555555555555555,0.0,0.0,0.5666666666666667,0.0034035311635822164,0.9985806757761789,52,0.37037037037037035,0.9444444444444444
,"Asian Food,Korean Food,Mexican Food",Boston,False,False,42.352421,OliToki,-71.128847,7.0,722511,4.608620025e-05,3.169795802e-06,2134.0,8.0,8.0,MA,76 Brighton Ave,Full-Service Restaurants,Restaurants and Other Eating Places,0,8,0,0,0,8.0,18,0.29411764705882354,0.25806451612903225,3.0,0.8019227673971646,1.0,0.0,0.0,0.0,0.0,0.6,0.0001654494315630244,0.9971410710451986,23,0.7283950617283951,1.0
,Italian Food,Boston,False,False,42.36357,D'amore's Italian Restaurant,-71.056022,1.0,722511,0.0006042544081,4.197646e-05,2113.0,89.0,103.0,MA,76 Salem St,Full-Service Restaurants,Restaurants and Other Eating Places,0,96,0,0,6,102.0,20,0.3126491646778043,3.2903225806451615,5.0,1.022127710822894,0.9411764705882353,0.0,0.058823529411764705,0.0,0.0,0.5647058823529412,0.00241083457420407,0.9961341741246181,40,0.5185185185185186,0.9411764705882353
,"Japanese Food,Sushi",Boston,False,False,42.358224,Zen Japanese Grill & Sushi Bar,-71.06236,1.0,722511,0.001335198487,9.200054758e-05,2108.0,190.0,228.0,MA,21A Beacon St,Full-Service Restaurants,Restaurants and Other Eating Places,2,208,11,0,6,227.0,18,0.2708333333333333,7.258064516129032,15.0,2.1246288774290467,0.9162995594713657,0.00881057268722467,0.02643171806167401,0.048458149779735685,0.0,0.5533039647577093,0.005365288709258078,0.99109293839066,31,0.6296296296296297,0.9221732745961821
Wagamama,"Casual Dining,Catering,Dinner,Japanese Food,Lunch",Boston,False,False,42.360166,Wagamama,-71.054168,2.0,722511,0.008946584978,0.0006132659531,2109.0,1406.0,1521.0,MA,1 S Market St,Full-Service Restaurants,Restaurants and Other Eating Places,126,1186,93,13,101,1519.0,14,0.1837160751565762,49.645161290322584,123.0,24.445526521420422,0.7807768268597761,0.08294930875576037,0.06649111257406189,0.061224489795918366,0.008558262014483212,0.5016458196181698,0.03592616228225673,0.8890296388448653,47,0.4320987654320988,0.836076366030283
,"Coffee Shop,Ethiopian Food",Boston,True,False,42.342713,Lucy Ethiopian Cafe,-71.084261,8.0,722515,0.0008732872654,6.118146756e-05,2115.0,94.0,149.0,MA,334 Massachusetts Ave,Snack and Nonalcoholic Beverage Bars,Restaurants and Other Eating Places,19,113,9,3,3,147.0,14,0.2507204610951009,4.741935483870968,6.0,1.2943485579186376,0.7687074829931972,0.1292517006802721,0.02040816326530612,0.061224489795918366,0.02040816326530612,0.5129251700680272,0.0034980736959039447,0.9948894321656306,75,0.0864197530864198,0.854875283446712
,"BBQ and Southern Food,Noodles,Seafood",Boston,False,False,42.350987,Hong Kong Eatery,-71.061579,1.0,722511,0.0004943313388,3.421902119e-05,2111.0,84.0,84.0,MA,79 Harrison Ave,Full-Service Restaurants,Restaurants and Other Eating Places,6,77,0,0,0,83.0,10,0.20930232558139536,2.6774193548387095,5.0,1.3769319980911643,0.927710843373494,0.07228915662650602,0.0,0.0,0.0,0.5855421686746988,0.001961757545675861,0.9945118157038607,66,0.19753086419753085,0.9759036144578314
Dunkin',"Coffee Shop,Counter Service,Dessert,Donut Shop,Snacks",Boston,False,False,42.365185,Dunkin',-71.061141,4.0,722515,0.004376819184,0.0003021925316,2114.0,630.0,749.0,MA,180 Canal St,Snack and Nonalcoholic Beverage Bars,Restaurants and Other Eating Places,46,589,39,34,39,747.0,16,0.3788501026694045,24.0,59.0,10.540245452243909,0.7884872824631861,0.06157965194109773,0.05220883534136546,0.05220883534136546,0.04551539491298527,0.49772423025435075,0.01767945354416318,0.9526121564329908,52,0.37037037037037035,0.8295403837572513
,"Japanese Food,Noodles,Soup",Boston,False,False,42.348463,Santouka Back Bay,-71.085338,46.0,722511,0.0006398552282,4.422328131e-05,2115.0,109.0,109.0,MA,66 Hereford St,Full-Service Restaurants,Restaurants and Other Eating Places,8,92,0,0,8,108.0,13,0.37254901960784315,3.4838709677419355,5.0,0.6154446460754488,0.8518518518518519,0.07407407407407407,0.07407407407407407,0.0,0.0,0.5407407407407407,0.0025526483726866626,0.9979937505681621,75,0.0864197530864198,0.9012345679012346
,"Bagel Shop,Deli",Boston,True,False,42.354502,Mamaleh's Delicatessen,-71.055283,43.0,722513,0.007971295738,0.0005445527386,2110.0,678.0,1377.0,MA,100 High St,Limited-Service Restaurants,Restaurants and Other Eating Places,79,805,172,259,60,1375.0,14,0.21787322480083132,43.03225806451613,75.0,22.620977804609346,0.5854545454545454,0.05745454545454545,0.04363636363636364,0.12509090909090909,0.18836363636363637,0.3742545454545454,0.03252263111867451,0.8973724691911131,46,0.4444444444444444,0.6237575757575757
Dunkin',"Coffee Shop,Counter Service,Dessert,Donut Shop,Snacks",Boston,False,False,42.356606,Dunkin',-71.05652,1.0,722515,0.00198636498,0.0001375098189,2109.0,288.0,338.0,MA,3 Post Office Sq,Snack and Nonalcoholic Beverage Bars,Restaurants and Other Eating Places,6,309,12,3,6,336.0,12,0.24940047961630696,10.806451612903226,15.0,2.277793992762546,0.9196428571428571,0.017857142857142856,0.017857142857142856,0.03571428571428571,0.008928571428571428,0.5589285714285713,0.007965208348105605,0.9903925840726759,47,0.4320987654320988,0.931547619047619
,"Salad,Smoothie & Juice Bar",Boston,False,False,42.343708,Energize,-71.086282,1.0,722515,0.008231804318,0.0005712377297,2115.0,909.0,1404.0,MA,265 Massachusetts Ave,Snack and Nonalcoholic Beverage Bars,Restaurants and Other Eating Places,61,1200,61,33,47,1402.0,10,0.30564784053156147,44.806451612903224,54.0,4.503900494794876,0.8559201141226819,0.043509272467902996,0.033523537803138374,0.043509272467902996,0.023537803138373753,0.5309557774607703,0.03316079321184618,0.9802136128520034,75,0.0864197530864198,0.8849262957679505
,Chinese Food,Boston,False,False,42.368937,Hong Kong Harbor Restaurant,-71.039344,1.0,722511,0.0004971579908,3.459564584e-05,2128.0,72.0,85.0,MA,5 Maverick Sq,Full-Service Restaurants,Restaurants and Other Eating Places,1,81,0,0,1,83.0,8,0.3023255813953488,2.7096774193548385,5.0,1.1693270297027005,0.9759036144578314,0.012048192771084338,0.012048192771084338,0.0,0.0,0.5903614457831325,0.001985393178756293,0.9954610986768747,52,0.37037037037037035,0.9839357429718876
,"African Food,Halal Food",Boston,False,False,42.365703,Tawakal Halal Cafe,-71.029059,109.0,722511,0.0005800817651,4.02847969e-05,2128.0,80.0,99.0,MA,389 Maverick St,Full-Service Restaurants,Restaurants and Other Eating Places,0,94,4,0,0,98.0,17,0.7142857142857143,3.225806451612903,5.0,0.9404761120718226,0.9591836734693877,0.0,0.0,0.04081632653061224,0.0,0.5755102040816326,0.002316292041882342,0.9965075296999468,52,0.37037037037037035,0.9591836734693876
Davio's Northern Italian Steakhouse,"Bar or Pub,Brunch,Dinner,Drinks,Fine Dining,Italian Food,Lunch,Seafood,Steak House",Boston,False,False,42.350226,Davio's Northern Italian Steakhouse,-71.070278,1.0,722511,0.002180532676,0.0001493104986,2116.0,360.0,372.0,MA,75 Arlington St,Full-Service Restaurants,Restaurants and Other Eating Places,5,324,17,11,11,368.0,17,0.49798387096774194,12.0,21.0,4.1348245662359595,0.8804347826086957,0.01358695652173913,0.029891304347826088,0.04619565217391304,0.029891304347826088,0.533695652173913,0.008768819872840294,0.981901228988794,81,0.012345679012345734,0.8894927536231884
,"Brunch,Deli,Sandwich Shop",Boston,False,False,42.354597,Scali Cafe,-71.053689,1.0,722513,0.0008985373661,6.16647451e-05,2110.0,130.0,154.0,MA,147 Pearl St,Limited-Service Restaurants,Restaurants and Other Eating Places,0,130,11,0,11,152.0,0,0.12184873949579832,4.741935483870968,7.0,1.8831638089453449,0.8552631578947368,0.0,0.07236842105263158,0.07236842105263158,0.0,0.513157894736842,0.003616251861306105,0.9921970481808472,46,0.4444444444444444,0.8552631578947367
,Coffee Shop,Boston,True,False,42.362033,Bill's Coffee Shop,-71.063578,1.0,722515,0.00329533521,0.0002256952082,2114.0,461.0,566.0,MA,19 Staniford St,Snack and Nonalcoholic Beverage Bars,Restaurants and Other Eating Places,3,511,19,31,0,564.0,17,0.415929203539823,17.806451612903224,42.0,7.768502802731411,0.9060283687943262,0.005319148936170213,0.0,0.03368794326241135,0.0549645390070922,0.5457446808510638,0.013354132690444113,0.9652860732625499,52,0.37037037037037035,0.9095744680851063
,"American Food,Bar or Pub,Brunch,Late Night",Boston,True,False,42.349056,City Table,-71.079488,4.0,722511,0.0009334980539,6.475401217e-05,2116.0,128.0,159.0,MA,65 Exeter St,Full-Service Restaurants,Restaurants and Other Eating Places,4,132,8,8,4,156.0,0,0.26329113924050634,5.225806451612903,8.0,1.3127090289919874,0.8461538461538461,0.02564102564102564,0.02564102564102564,0.05128205128205128,0.05128205128205128,0.5179487179487179,0.0037344300267082653,0.9948054780931355,81,0.012345679012345734,0.8632478632478632
,"American Food,Bar or Pub,Late Night,Seafood",Boston,False,False,42.360004,Salty Dog Seafood Grille & Bar,-71.055678,1.0,722511,0.001199624294,8.288428833e-05,2109.0,197.0,204.0,MA,206 S Market St,Full-Service Restaurants,Restaurants and Other Eating Places,9,187,2,0,4,202.0,15,0.23333333333333334,6.516129032258065,19.0,2.8609829998247394,0.9257425742574258,0.04455445544554455,0.019801980198019802,0.009900990099009901,0.0,0.5732673267326733,0.004798033515327708,0.9877259263392391,47,0.4320987654320988,0.9554455445544556
,Bagel Shop,Boston,False,False,42.362046,Bagel Guild,-71.05749,8.0,722515,0.01573304295,0.001080360629,2108.0,1848.0,2685.0,MA,100 Hanover St,Snack and Nonalcoholic Beverage Bars,Restaurants and Other Eating Places,244,1985,211,100,143,2683.0,13,0.2194758784991066,85.58064516129032,126.0,29.20867546063005,0.7398434588147595,0.09094297428251957,0.05329854640327991,0.07864330972791651,0.03727171077152441,0.4802832650018636,0.06343803918787964,0.8672499279785035,31,0.6296296296296297,0.8004721083364393
,"Seafood,Thai Food",Boston,False,False,42.341405,House of Siam,-71.080361,1.0,722511,0.0002658286623,1.889408015e-05,2118.0,45.0,45.0,MA,542 Columbus Ave,Full-Service Restaurants,Restaurants and Other Eating Places,0,45,0,0,0,45.0,18,0.25773195876288657,1.5483870967741935,5.0,1.775073095767433,1.0,0.0,0.0,0.0,0.0,0.6,0.0010399678555390107,0.9926912977855519,44,0.4691358024691358,1.0
,,Boston,False,False,42.333239,Fourdee Planning,-71.05346,6.0,722511,0.001395529316,9.615756529e-05,2127.0,88.0,238.0,MA,75 Frederick St,Full-Service Restaurants,Restaurants and Other Eating Places,40,170,6,20,0,236.0,14,0.2743055555555556,7.612903225806452,11.0,1.8781840810335015,0.7203389830508474,0.1694915254237288,0.0,0.025423728813559324,0.0847457627118644,0.49999999999999994,0.005601645040062398,0.9922198182087211,38,0.5432098765432098,0.8333333333333333
Elephant Castle,"American Food,Bar or Pub,Burgers,Casual Dining,Dinner,Drinks,Salad,Sandwich Shop,Snacks",Boston,False,False,42.356219,Elephant Castle,-71.05745,150.0,722511,0.0005308943793,3.577198928e-05,2110.0,93.0,93.0,MA,161 Devonshire St,Full-Service Restaurants,Restaurants and Other Eating Places,13,53,26,0,0,92.0,14,0.032520325203252036,3.0,8.0,3.556003556005334,0.5760869565217391,0.14130434782608695,0.0,0.2826086956521739,0.0,0.40217391304347827,0.0021744782433997497,0.9845479138619927,46,0.4444444444444444,0.6702898550724639
,"Bar or Pub,Burgers,Late Night",Boston,False,False,42.347271,Tasty Burger,-71.075602,11.0,722513,0.0007546632281,5.212400801e-05,2116.0,108.0,129.0,MA,145 Dartmouth St,Limited-Service Restaurants,Restaurants and Other Eating Places,9,105,4,4,4,126.0,10,0.21978021978021978,4.032258064516129,6.0,1.6555648284330757,0.8333333333333334,0.07142857142857142,0.031746031746031744,0.031746031746031744,0.031746031746031744,0.5285714285714286,0.0030253610342953034,0.993237754665633,81,0.012345679012345734,0.880952380952381
,"Bakery,Cafe",Boston,True,False,42.34962,Seaport Bakery,-71.041474,114.0,722513,0.004232794411,0.0002927889908,2210.0,415.0,722.0,MA,1 Seaport Ln,Limited-Service Restaurants,Restaurants and Other Eating Places,24,433,87,144,31,719.0,10,0.18130945719082261,23.93548387096774,38.0,8.987214875448446,0.6022253129346314,0.03337969401947149,0.043115438108484005,0.12100139082058414,0.20027816411682892,0.37468706536856744,0.017041291450991515,0.9597134579797018,82,0.0,0.6244784422809457
,Bubble Tea Shop,Boston,False,False,42.351683,Teazzi Tea Shop Boston,-71.06158,1.0,722515,0.001100471952,7.62301751e-05,2111.0,184.0,188.0,MA,31 Harrison Ave,Snack and Nonalcoholic Beverage Bars,Restaurants and Other Eating Places,8,163,11,0,4,186.0,12,0.29936305732484075,6.0,8.0,1.684847078348464,0.8763440860215054,0.043010752688172046,0.021505376344086023,0.05913978494623656,0.0,0.543010752688172,0.004419863386040795,0.9931038602724882,66,0.19753086419753085,0.9050179211469533
,"American Food,Bar or Pub,Late Night",Boston,False,False,42.343178,The Westland,-71.086539,13.0,722511,0.0005485974494,3.803990297e-05,2115.0,88.0,93.0,MA,10 Westland Ave,Full-Service Restaurants,Restaurants and Other Eating Places,21,54,10,0,5,90.0,15,0.24193548387096775,2.967741935483871,5.0,1.3315978993903415,0.6,0.23333333333333334,0.05555555555555555,0.1111111111111111,0.0,0.4533333333333333,0.0021744782433997497,0.9947191078911706,75,0.0864197530864198,0.7555555555555555
,,Boston,False,False,42.354176,Ristorante Marino At Independece Wharf,-71.051433,119.0,722511,0.001970862737,0.0001370118669,2210.0,199.0,334.0,MA,470 Atlantic Ave,Full-Service Restaurants,Restaurants and Other Eating Places,3,211,22,83,12,331.0,22,0.22551440329218106,10.870967741935484,18.0,3.2896900087695387,0.6374622356495468,0.00906344410876133,0.03625377643504532,0.06646525679758308,0.25075528700906347,0.3861027190332326,0.007870665815783875,0.9857656444290224,82,0.0,0.6435045317220544
,"Brunch,Mexican Food",Boston,True,False,42.351988,El Jefe's Taqueria Boston Univ,-71.119104,1.0,722511,0.001566423178,0.0001086509697,2215.0,250.0,267.0,MA,957 Commonwealth Ave,Full-Service Restaurants,Restaurants and Other Eating Places,8,254,0,4,0,266.0,21,0.345821325648415,8.516129032258064,12.0,2.197813689922042,0.9548872180451128,0.03007518796992481,0.0,0.0,0.015037593984962405,0.5849624060150376,0.0062870783993949275,0.990758297572947,74,0.09876543209876543,0.974937343358396
,American Food,Boston,True,False,42.33971,New American Cafe,-71.093858,139.0,722511,0.006398076951,0.0004399239017,2115.0,764.0,1092.0,MA,465 Huntington Ave,Full-Service Restaurants,Restaurants and Other Eating Places,45,284,426,242,93,1090.0,14,0.18574566756163047,34.935483870967744,68.0,13.492974238400032,0.26055045871559634,0.04128440366972477,0.0853211009174312,0.3908256880733945,0.22201834862385322,0.1728440366972477,0.025786475690751376,0.9391106724252422,75,0.0864197530864198,0.28807339449541286
,Cafe,Boston,True,False,42.338641,Bourbon Street Cafe,-71.107212,32.0,722513,0.01076632801,0.0007479816442,2115.0,935.0,1862.0,MA,350 Longwood Ave,Limited-Service Restaurants,Restaurants and Other Eating Places,155,1137,140,338,89,1859.0,10,0.2656759695541863,58.483870967741936,105.0,26.028360422929666,0.6116191500806886,0.08337816030123722,0.047875201721355565,0.07530930607853685,0.18181818181818182,0.400322754168908,0.04398591316268406,0.8817920602672643,75,0.0864197530864198,0.6672045902815134
,Halal Food,Boston,False,False,42.346767,Shah's Halal Boston,-71.08894,5.0,722511,0.0001970569237,1.332991145e-05,2215.0,34.0,34.0,MA,1124 Boylston St,Full-Service Restaurants,Restaurants and Other Eating Places,6,23,3,0,0,32.0,14,0.13953488372093023,1.096774193548387,4.0,1.5102838594476937,0.71875,0.1875,0.0,0.09375,0.0,0.50625,0.0007799758916542579,0.993902058372964,74,0.09876543209876543,0.84375
,Japanese Food,Boston,False,False,42.374368,Tori Japan,-71.039949,59.0,722511,0.001292665902,8.976970724e-05,2128.0,106.0,220.0,MA,173 Border St,Full-Service Restaurants,Restaurants and Other Eating Places,21,112,51,7,26,217.0,19,0.4799054373522459,7.0,13.0,1.3912166872805047,0.5161290322580645,0.0967741935483871,0.11981566820276497,0.2350230414746544,0.03225806451612903,0.3483870967741935,0.005176203644614621,0.9944464983257291,52,0.37037037037037035,0.5806451612903225
,"Seafood,Spanish Food,Tapas",Boston,False,False,42.340242,Atlantico,-71.068325,76.0,722511,0.001922972203,0.0001340570056,2118.0,201.0,327.0,MA,600 Harrison Ave,Full-Service Restaurants,Restaurants and Other Eating Places,12,211,43,49,9,324.0,12,0.11705202312138728,10.35483870967742,16.0,2.0720628197099,0.6512345679012346,0.037037037037037035,0.027777777777777776,0.13271604938271606,0.15123456790123457,0.40555555555555556,0.007705216384220851,0.9913332990329828,44,0.4691358024691358,0.6759259259259259
,"Bar or Pub,Cocktail Lounge,Late Night,Mediterranean Food",Boston,False,False,42.353525,Trade,-71.053118,1.0,722511,0.02268985411,0.001563555552,2210.0,2615.0,3879.0,MA,540 Atlantic Ave,Full-Service Restaurants,Restaurants and Other Eating Places,111,3230,245,229,62,3877.0,16,0.29423303256178895,121.35483870967742,224.0,49.01648727697636,0.8331183905081249,0.028630384317771474,0.015991746195511993,0.0631931906112974,0.0590662883672943,0.5113231880319835,0.09165898508591552,0.7766778254133229,82,0.0,0.8522053133866392
tavern in the square,"American Food,Brunch,Burgers,Dessert,Salad",Boston,False,False,42.352063,tavern in the square,-71.055073,13.0,722511,0.0387317759,0.002684964792,2210.0,3470.0,6617.0,MA,640 Atlantic Ave,Full-Service Restaurants,Restaurants and Other Eating Places,693,4205,382,930,405,6615.0,16,0.24534490055014813,211.09677419354838,251.0,25.570086907026386,0.63567649281935,0.10476190476190476,0.061224489795918366,0.05774754346182918,0.14058956916099774,0.4233106575963719,0.1563733484601385,0.8838875363486275,82,0.0,0.7055177626606198
,"Latin American Food,Salad,Truck or Cart",Boston,False,False,42.292,Fresh Food Generation,-71.079154,4.0,722513,0.0005746326735,3.902580281e-05,2124.0,62.0,100.0,MA,185 Talbot Ave,Limited-Service Restaurants,Restaurants and Other Eating Places,0,84,0,7,7,98.0,7,0.18834080717488788,3.225806451612903,8.0,3.1796700723488014,0.8571428571428571,0.0,0.07142857142857142,0.0,0.07142857142857142,0.5142857142857142,0.002339927674962774,0.9862687154930099,7,0.9259259259259259,0.8571428571428571
,,Boston,False,False,42.341469,Boston Beer & Bacon Festival at the SoWaPower Station 2010,-71.066717,1.0,722511,0.0009574004845,6.631124345e-05,2118.0,135.0,163.0,MA,540 Harrison Ave,Full-Service Restaurants,Restaurants and Other Eating Places,2,152,5,0,2,161.0,12,0.3958333333333333,5.193548387096774,7.0,0.8951249629362328,0.9440993788819876,0.012422360248447204,0.012422360248447204,0.031055900621118012,0.0,0.5714285714285714,0.0038289725590299937,0.9967148998511297,44,0.4691358024691358,0.9523809523809523
,"Bar or Pub,Late Night,Seafood,Wine Bar",Boston,False,False,42.343904,B&G Oysters,-71.071272,1.0,722511,0.001195458871,8.279642992e-05,2116.0,148.0,204.0,MA,550 Tremont St,Full-Service Restaurants,Restaurants and Other Eating Places,9,176,0,18,0,203.0,12,0.1222707423580786,6.516129032258065,9.0,1.5631021212368668,0.8669950738916257,0.04433497536945813,0.0,0.0,0.08866995073891626,0.5379310344827586,0.004798033515327708,0.9936605445162877,81,0.012345679012345734,0.896551724137931
The Capital Grille,"American Food,Cocktail Lounge,Dinner,Drinks,Fine Dining,Lunch,Seafood,Steak House,Wine Bar",Boston,True,False,42.347583,The Capital Grille,-71.085164,1.0,722511,0.01607785993,0.001110978421,2115.0,1984.0,2743.0,MA,900 Boylston St,Full-Service Restaurants,Restaurants and Other Eating Places,10,2641,36,46,9,2742.0,17,0.28829409867784583,87.7741935483871,124.0,12.808035979023419,0.963165572574763,0.0036469730123997084,0.0032822757111597373,0.01312910284463895,0.016776075857038657,0.5793581327498176,0.0648089059065447,0.9422425831508823,75,0.0864197530864198,0.9655968879163628
,Pizza,Boston,False,False,42.30952,Grove Hall Pizza,-71.082934,77.0,722511,0.00045024294,3.086219698e-05,2121.0,55.0,76.0,MA,661 Warren St,Full-Service Restaurants,Restaurants and Other Eating Places,0,55,13,0,6,74.0,17,0.7872340425531915,2.5483870967741935,5.0,1.6429460100963669,0.7432432432432432,0.0,0.08108108108108109,0.17567567567567569,0.0,0.4459459459459459,0.0017726724810324045,0.9932954547750262,9,0.9012345679012346,0.7432432432432432
La Colombe,"Bakery,Breakfast,Coffee Shop,Counter Service,Dessert,Snacks,Tea House",Boston,False,False,42.353372,La Colombe,-71.047384,170.0,722513,0.00953207228,0.0006537404206,2210.0,937.0,1632.0,MA,29 Northern Ave,Limited-Service Restaurants,Restaurants and Other Eating Places,51,1077,94,382,25,1629.0,14,0.19865571321882,53.41935483870968,84.0,23.8973263365461,0.6611418047882136,0.03130755064456722,0.015346838551258441,0.057704112952731736,0.234499693063229,0.409208103130755,0.03854971755418469,0.8915363086290418,82,0.0,0.682013505217925
B.GOOD,"Breakfast,Catering,Counter Service,Dinner,Lunch,Salad,Sandwich Shop",Boston,False,False,42.340086,B.GOOD,-71.090258,41.0,722513,0.01873780313,0.001299531295,2115.0,1167.0,3190.0,MA,359 Huntington Ave,Limited-Service Restaurants,Restaurants and Other Eating Places,198,1911,667,129,284,3189.0,9,0.30646966644280277,99.09677419354838,167.0,34.099810650036844,0.599247412982126,0.062088428974600186,0.08905613044841643,0.20915647538413296,0.04045155221072436,0.38438381937911564,0.07537403389349784,0.8448849942774709,75,0.0864197530864198,0.6406396989651928
,Pizza,Boston,False,False,42.349461,Union Park Pizza,-71.082245,100.0,722511,0.0006134442249,4.276790673e-05,2116.0,22.0,104.0,MA,244 Newbury St,Full-Service Restaurants,Restaurants and Other Eating Places,2,19,69,0,10,100.0,9,0.06,3.4516129032258065,5.0,1.0422899626711943,0.19,0.02,0.1,0.69,0.0,0.122,0.0024344702072845023,0.9960419813292058,81,0.012345679012345734,0.20333333333333334
,"Bar or Pub,Italian Food,Late Night,Wine Bar",Boston,False,False,42.36566,Nico Ristorante,-71.052689,7.0,722511,0.0001759369752,1.300184642e-05,2113.0,29.0,29.0,MA,417 Hanover St,Full-Service Restaurants,Restaurants and Other Eating Places,0,29,0,0,0,29.0,13,0.22666666666666666,1.032258064516129,4.0,1.5130373418785255,1.0,0.0,0.0,0.0,0.0,0.6,0.0006617977262520976,0.9938894679517983,40,0.5185185185185186,1.0
,"American Food,Bar or Pub,Late Night,Latin American Food,Sports Bar",Boston,False,False,42.376527,Barney's Grill,-71.033791,88.0,722511,0.0002658419643,1.771607333e-05,2128.0,45.0,45.0,MA,299 Havre St,Full-Service Restaurants,Restaurants and Other Eating Places,0,33,11,0,0,44.0,0,0.19101123595505617,1.4516129032258065,5.0,1.775073095767433,0.75,0.0,0.0,0.25,0.0,0.44999999999999996,0.0010399678555390107,0.9926912977855519,52,0.37037037037037035,0.75
,Sushi,Boston,False,False,42.38685,Sunny Cafe,-71.006871,27.0,722511,0.0005606814857,3.853593436e-05,2128.0,60.0,96.0,MA,1000 Bennington St,Full-Service Restaurants,Restaurants and Other Eating Places,5,71,5,2,10,93.0,22,0.3333333333333333,3.032258064516129,5.0,1.062069524719634,0.7634408602150538,0.053763440860215055,0.10752688172043011,0.053763440860215055,0.021505376344086023,0.4795698924731182,0.0022453851426410456,0.9959515383999639,52,0.37037037037037035,0.7992831541218637
,"American Food,Bar or Pub,Late Night,Sports Bar",Boston,False,False,42.347377,Cask'n Flagon,-71.098146,5.0,722511,0.001043789564,7.011714095e-05,2215.0,169.0,178.0,MA,62 Brookline Ave,Full-Service Restaurants,Restaurants and Other Eating Places,9,147,10,0,11,177.0,17,0.48466257668711654,5.741935483870968,34.0,5.4770355882126,0.8305084745762712,0.05084745762711865,0.062146892655367235,0.05649717514124294,0.0,0.5186440677966101,0.004183507055236475,0.9757639092548563,74,0.09876543209876543,0.8644067796610169
,"Bar or Pub,Brunch,Cocktail Lounge,Late Night,Seafood",Boston,True,False,42.35741,Fin Point Oyster Bar & Grill,-71.053011,207.0,722511,0.008572697399,0.0005929533343,2110.0,868.0,1466.0,MA,89 Broad St,Full-Service Restaurants,Restaurants and Other Eating Places,62,703,207,415,76,1463.0,11,0.22435617634220864,45.96774193548387,79.0,16.450284576355514,0.4805194805194805,0.04237867395762133,0.05194805194805195,0.14149008885850992,0.2836637047163363,0.30526315789473685,0.03462620246283297,0.9255882390676449,46,0.4444444444444444,0.5087719298245614
,"Bar or Pub,Buffet,Late Night,Latin American Food",Boston,False,False,42.389923,Napoles Restaurant,-70.996794,57.0,722511,0.001108692951,7.639453217e-05,2128.0,130.0,189.0,MA,1233 Bennington St,Full-Service Restaurants,Restaurants and Other Eating Places,12,142,18,8,6,186.0,9,0.2948960302457467,6.032258064516129,10.0,1.6555648284330762,0.7634408602150538,0.06451612903225806,0.03225806451612903,0.0967741935483871,0.043010752688172046,0.48387096774193544,0.004443499019121227,0.993237754665633,52,0.37037037037037035,0.8064516129032258
,Deli,Boston,False,False,42.357692,Malgeri's,-71.053746,19.0,722513,0.001518083239,0.0001053718704,2109.0,163.0,259.0,MA,71 Broad St,Limited-Service Restaurants,Restaurants and Other Eating Places,3,198,20,25,11,257.0,9,0.2164705882352941,8.096774193548388,18.0,2.6682704161174473,0.7704280155642024,0.011673151750972763,0.042801556420233464,0.07782101167315175,0.09727626459143969,0.4669260700389105,0.006097993334751472,0.9886071132193938,47,0.4320987654320988,0.7782101167315175
,"Cafeteria,Coffee Shop,Donut Shop,Ice Cream Shop",Boston,True,False,42.354461,Blackbird Doughnuts High Street Place Food Hall,-71.055321,43.0,722513,0.007971295738,0.0005445527386,2110.0,678.0,1377.0,MA,100 High St,Limited-Service Restaurants,Restaurants and Other Eating Places,79,805,172,259,60,1375.0,14,0.21787322480083132,43.03225806451613,75.0,22.620977804609346,0.5854545454545454,0.05745454545454545,0.04363636363636364,0.12509090909090909,0.18836363636363637,0.3742545454545454,0.03252263111867451,0.8973724691911131,46,0.4444444444444444,0.6237575757575757
,"American Food,Fine Dining",Boston,False,False,42.352012,Spirit of Boston,-71.040151,72.0,722511,9.677705625e-05,6.719085176e-06,2210.0,4.0,17.0,MA,200 Seaport Blvd,Full-Service Restaurants,Restaurants and Other Eating Places,0,8,3,2,1,14.0,6,0.0,0.4838709677419355,2.0,0.6154446460754488,0.5714285714285714,0.0,0.07142857142857142,0.21428571428571427,0.14285714285714285,0.3428571428571428,0.00037817012928691293,0.9979937505681621,82,0.0,0.5714285714285714
,"Bar or Pub,Cocktail Lounge,Late Night,Spanish Food,Tapas",Boston,False,False,42.336931,Toro,-71.075877,384.0,722511,0.0006377865994,4.411670468e-05,2118.0,31.0,109.0,MA,1704 Washington St,Full-Service Restaurants,Restaurants and Other Eating Places,3,50,17,35,1,106.0,0,0.21936758893280633,3.3870967741935485,6.0,0.8679757449724975,0.4716981132075472,0.02830188679245283,0.009433962264150943,0.16037735849056603,0.330188679245283,0.2943396226415094,0.0025526483726866626,0.9968390408605846,44,0.4691358024691358,0.49056603773584906
,"Caribbean Food,Seafood,Smoothie & Juice Bar",Boston,False,False,42.278863,R& S Jamaican Restaurant,-71.118879,1.0,722511,0.0005764091276,3.982416372e-05,2131.0,87.0,98.0,MA,630 Hyde Park Ave,Full-Service Restaurants,Restaurants and Other Eating Places,0,98,0,0,0,98.0,19,0.33090909090909093,3.129032258064516,5.0,1.237633941500057,1.0,0.0,0.0,0.0,0.0,0.6,0.0022926564088019095,0.9951487622775499,3,0.9753086419753086,1.0
,"Bar or Pub,Burgers,Late Night,Latin American Food",Boston,False,False,42.321714,Fort Hill Bar & Grill,-71.092173,41.0,722511,0.0003456154532,2.465895612e-05,2119.0,54.0,59.0,MA,2805 Washington St,Full-Service Restaurants,Restaurants and Other Eating Places,0,42,10,0,5,57.0,0,0.3058823529411765,1.8709677419354838,4.0,1.5396257501653836,0.7368421052631579,0.0,0.08771929824561403,0.17543859649122806,0.0,0.4421052631578947,0.0013708667186650594,0.9937678912695919,13,0.8518518518518519,0.7368421052631579
,"Chicken Wings,Pizza,Salad",Boston,False,False,42.309516,Yaz's House of Pizza,-71.082888,39.0,722511,0.001297416585,8.964774356e-05,2121.0,138.0,221.0,MA,661 Warren St,Full-Service Restaurants,Restaurants and Other Eating Places,15,147,27,9,21,219.0,12,0.29180327868852457,7.0,12.0,1.967477507351859,0.6712328767123288,0.0684931506849315,0.0958904109589041,0.1232876712328767,0.0410958904109589,0.4301369863013699,0.005199839277695053,0.9918115200361673,9,0.9012345679012346,0.7168949771689498
,"Bar or Pub,Italian Food,Late Night,Pizza,Wine Bar",Boston,False,False,42.364062,Cafe Amaro,-71.054024,1.0,722511,0.01212778981,0.0008365541822,2113.0,1651.0,2049.0,MA,319 Hanover St,Full-Service Restaurants,Restaurants and Other Eating Places,86,1779,82,43,56,2046.0,16,0.32592592592592595,67.29032258064517,149.0,27.230430734023614,0.8695014662756598,0.042033235581622676,0.02737047898338221,0.04007820136852395,0.021016617790811338,0.538514173998045,0.048405776548724855,0.8762955401813297,40,0.5185185185185186,0.8975236233300751
,"American Food,Bar or Pub,Late Night",Boston,False,False,42.360908,Teddy's On The Hill,-71.063189,11.0,722511,0.02923700815,0.002016400589,2114.0,2629.0,4997.0,MA,9 Bowdoin St,Full-Service Restaurants,Restaurants and Other Eating Places,202,3415,354,843,180,4994.0,10,0.25011801200350664,162.41935483870967,253.0,48.68183352866652,0.683820584701642,0.040448538245895074,0.03604325190228274,0.07088506207448939,0.16880256307569083,0.42647176611934323,0.11808362286983858,0.7782080445963792,52,0.37037037037037035,0.710786276865572
Starbucks,"Bakery,Coffee Shop,Counter Service,Dessert,Snacks,Tea House",Boston,False,False,42.363996,Starbucks,-71.050762,6.0,722515,0.002284640375,0.0001585865914,2110.0,352.0,392.0,MA,2 Atlantic Ave,Snack and Nonalcoholic Beverage Bars,Restaurants and Other Eating Places,24,344,8,0,16,392.0,16,0.2323008849557522,12.483870967741936,20.0,6.603376300347864,0.8775510204081632,0.061224489795918366,0.04081632653061224,0.02040816326530612,0.0,0.5510204081632653,0.009241532534448935,0.9706136661361962,46,0.4444444444444444,0.9183673469387754
,Latin American Food,Boston,False,False,42.378224,La Chiva Restaurant,-71.02952,4.0,722511,0.0005823196365,4.046227182e-05,2128.0,79.0,99.0,MA,259 Bennington St,Full-Service Restaurants,Restaurants and Other Eating Places,13,79,2,0,3,97.0,20,0.3064516129032258,3.161290322580645,7.0,0.9869070026308616,0.8144329896907216,0.13402061855670103,0.030927835051546393,0.020618556701030927,0.0,0.5422680412371134,0.002316292041882342,0.9962952223829702,52,0.37037037037037035,0.9037800687285223
,"Asian Food,Vietnamese Food",Boston,False,False,42.340646,Pho 1 Brighton,-71.151637,65.0,722511,0.0005407455204,3.756725001e-05,2135.0,92.0,92.0,MA,1799 Commonwealth Ave,Full-Service Restaurants,Restaurants and Other Eating Places,9,73,9,0,0,91.0,15,0.20833333333333334,2.935483870967742,5.0,1.3424936804312781,0.8021978021978022,0.0989010989010989,0.0,0.0989010989010989,0.0,0.5208791208791209,0.0021508426103193173,0.9946692864466254,8,0.9135802469135803,0.8681318681318683
,"American Food,Brunch",Boston,False,False,42.387003,Donna's Restaurant,-71.007186,4.0,722511,0.0007557781406,5.22607145e-05,2128.0,123.0,129.0,MA,980 Saratoga St,Full-Service Restaurants,Restaurants and Other Eating Places,0,123,5,0,0,128.0,15,0.043478260869565216,4.129032258064516,7.0,1.453403913041137,0.9609375,0.0,0.0,0.0390625,0.0,0.5765625,0.0030253610342953034,0.9941621444636237,52,0.37037037037037035,0.9609375
,"Bar or Pub,Cocktail Lounge,Late Night,Mexican Food",Boston,False,False,42.349848,Borrachito Taqueria & Spirits,-71.043809,46.0,722511,0.002415038934,0.0001672075383,2210.0,237.0,411.0,MA,70 Pier 4 Blvd,Full-Service Restaurants,Restaurants and Other Eating Places,20,263,26,83,16,408.0,15,0.28561253561253563,13.129032258064516,19.0,2.8595277693135883,0.6446078431372549,0.049019607843137254,0.0392156862745098,0.06372549019607843,0.2034313725490196,0.40637254901960784,0.009690609562977145,0.9877325804456257,82,0.0,0.6772875816993464
,"Salad,Smoothie & Juice Bar,Vegetarian Food",Boston,False,False,42.351517,Life Alive Organic Cafe Back Bay,-71.072885,1.0,722511,0.003207204851,0.0002212866906,2116.0,369.0,545.0,MA,431 Boylston St,Full-Service Restaurants,Restaurants and Other Eating Places,12,460,19,20,32,543.0,13,0.2708333333333333,17.35483870967742,44.0,7.284753796609137,0.8471454880294659,0.022099447513812154,0.058931860036832415,0.034990791896869246,0.03683241252302026,0.5171270718232044,0.01285778439575504,0.9674980371586404,81,0.012345679012345734,0.861878453038674
,Japanese Food,Boston,True,False,42.349707,Umai,-71.081144,7.0,722511,0.0003362816075,2.380317171e-05,2116.0,58.0,58.0,MA,224 Newbury St,Full-Service Restaurants,Restaurants and Other Eating Places,0,58,0,0,0,58.0,10,0.24489795918367346,1.8709677419354838,5.0,2.1363510567481865,1.0,0.0,0.0,0.0,0.0,0.6,0.0013472310855846274,0.9910393382031469,81,0.012345679012345734,1.0
,"Cafe,Catering,Sandwich Shop",Boston,False,False,42.349854,Trio Cafe Boston,-71.038631,387.0,722513,0.0009532041048,6.475111593e-05,2210.0,120.0,165.0,MA,33A Fish Pier St W,Limited-Service Restaurants,Restaurants and Other Eating Places,0,120,0,30,15,165.0,15,0.06557377049180328,5.096774193548387,8.0,2.6561534000308256,0.7272727272727273,0.0,0.09090909090909091,0.0,0.18181818181818182,0.43636363636363634,0.0038762438251908576,0.988662518815628,82,0.0,0.7272727272727273
sweetgreen,"Counter Service,Dinner,Healthy Food,Lunch,Salad,Vegetarian Food",Boston,False,False,42.345237,sweetgreen,-71.063257,1.0,722513,0.0008093032067,5.613542937e-05,2118.0,121.0,138.0,MA,354 Harrison Ave,Limited-Service Restaurants,Restaurants and Other Eating Places,0,138,0,0,0,138.0,13,0.21908127208480566,4.419354838709677,6.0,0.6610935978038451,1.0,0.0,0.0,0.0,0.0,0.6,0.003238081732019192,0.9977850187013475,44,0.4691358024691358,1.0
,"Cafe,Italian Food",Boston,False,False,42.364338,The Florentine Cafe,-71.053715,1.0,722513,0.002199282912,0.0001520203126,2113.0,304.0,374.0,MA,333 Hanover St,Limited-Service Restaurants,Restaurants and Other Eating Places,14,331,13,4,10,372.0,16,0.3435114503816794,11.870967741935484,31.0,6.514212429726602,0.8897849462365591,0.03763440860215054,0.026881720430107527,0.03494623655913978,0.010752688172043012,0.5489247311827956,0.008816091139001158,0.9710213719095494,40,0.5185185185185186,0.914874551971326
,,Boston,True,False,42.360047,Boston Doghouse,-71.056248,2.0,722513,0.003885656907,0.0002659996365,2109.0,617.0,658.0,MA,1 Faneuil Hall Market Pl,Limited-Service Restaurants,Restaurants and Other Eating Places,64,531,35,2,23,655.0,11,0.19869281045751633,22.29032258064516,66.0,15.37948685831143,0.8106870229007633,0.09770992366412214,0.035114503816793895,0.05343511450381679,0.0030534351145038168,0.5254961832061068,0.015528610933843863,0.9304845093697088,47,0.4320987654320988,0.875826972010178
Sushi Gourmet,"Japanese Food,Sushi",Boston,True,False,42.362041,Sushi Gourmet,-71.065517,20.0,722513,0.0123709371,0.0008473929378,2114.0,1277.0,2132.0,MA,181 Cambridge St,Limited-Service Restaurants,Restaurants and Other Eating Places,173,1306,191,296,164,2130.0,12,0.21867541766109785,67.09677419354838,122.0,28.786595041968788,0.6131455399061033,0.0812206572769953,0.07699530516431925,0.08967136150234742,0.13896713615023473,0.40037558685446006,0.05036753409440072,0.8691799095092345,52,0.37037037037037035,0.6672926447574334
Tatte Bakery,,Boston,False,False,42.351927,Tatte Bakery,-71.043006,1.0,722515,3.554406318e-05,2.32358358e-06,2210.0,6.0,6.0,MA,200 Pier 4 Blvd,Snack and Nonalcoholic Beverage Bars,Restaurants and Other Eating Places,0,6,0,0,0,6.0,12,0.16666666666666666,0.1935483870967742,2.0,0.4696845089858399,1.0,0.0,0.0,0.0,0.0,0.6,0.0001181781654021603,0.998660245293011,82,0.0,1.0
,"Italian Food,Pizza",Boston,False,False,42.349894,Serafina Back Bay,-71.082084,14.0,722511,0.0002560531877,1.714638838e-05,2116.0,43.0,43.0,MA,237 Newbury St,Full-Service Restaurants,Restaurants and Other Eating Places,14,28,0,0,0,42.0,12,0.24,1.3870967741935485,6.0,2.2241695710887996,0.6666666666666666,0.3333333333333333,0.0,0.0,0.0,0.5333333333333333,0.0009926965893781465,0.9906377841313632,81,0.012345679012345734,0.888888888888889
,"Brunch,Sandwich Shop,Smoothie & Juice Bar",Boston,False,False,42.34609,Pressed Cafe,-71.08128,1.0,722511,0.0006799882517,4.705031449e-05,2199.0,115.0,115.0,MA,105 Huntington Ave,Full-Service Restaurants,Restaurants and Other Eating Places,0,115,0,0,0,115.0,9,0.23170731707317074,3.838709677419355,6.0,1.985378393990854,1.0,0.0,0.0,0.0,0.0,0.6,0.002694462171169255,0.9917296674339866,8,0.9135802469135803,1.0
,Mexican Food,Boston,False,False,42.340934,Mamacita Mexican Comida,-71.088206,473.0,722511,0.001612540789,0.0001113457914,2115.0,68.0,275.0,MA,329 Huntington Ave,Full-Service Restaurants,Restaurants and Other Eating Places,7,72,24,166,4,273.0,18,0.42887931034482757,8.838709677419354,12.0,1.7431298175621026,0.26373626373626374,0.02564102564102564,0.014652014652014652,0.08791208791208792,0.608058608058608,0.16849816849816848,0.006476163464038384,0.9928373598491814,75,0.0864197530864198,0.28083028083028083
,Chinese Food,Boston,False,False,42.350733,China Gourmet Restaurant,-71.060985,1.0,722511,0.0004974936891,3.362383099e-05,2111.0,77.0,86.0,MA,23 Tyler St,Full-Service Restaurants,Restaurants and Other Eating Places,2,80,0,2,0,84.0,11,0.3732394366197183,2.6774193548387095,5.0,1.467653311751913,0.9523809523809523,0.023809523809523808,0.0,0.0,0.023809523809523808,0.5809523809523809,0.002009028811836725,0.9940969884527785,66,0.19753086419753085,0.9682539682539681
,Salad,Boston,True,False,42.350891,Loose Leafs,-71.108924,48.0,722511,0.009860769367,0.0006814073716,2215.0,750.0,1695.0,MA,775 Commonwealth Ave,Full-Service Restaurants,Restaurants and Other Eating Places,114,1031,261,189,98,1693.0,16,0.31518324607329845,51.45161290322581,101.0,30.024547709174215,0.6089781453041937,0.06733608978145304,0.057885410513880686,0.15416420555227406,0.11163614884819846,0.39232132309509743,0.040038762438251906,0.8635193157503399,74,0.09876543209876543,0.6538688718251624
,"Bagel Shop,Coffee Shop,Sandwich Shop",Boston,False,False,42.34884,Pavement Coffeehouse,-71.084388,5.0,722515,0.0009715613441,6.71122192e-05,2115.0,166.0,166.0,MA,286 Newbury St,Snack and Nonalcoholic Beverage Bars,Restaurants and Other Eating Places,13,131,4,0,17,165.0,11,0.125,5.290322580645161,7.0,0.8498025724077091,0.793939393939394,0.07878787878787878,0.10303030303030303,0.024242424242424242,0.0,0.5078787878787878,0.0038998794582712896,0.9969221385022996,75,0.0864197530864198,0.8464646464646464
,Sushi,Boston,True,False,42.362032,Genji Sushi Bar,-71.065542,20.0,722511,0.0123709371,0.0008473929378,2114.0,1277.0,2132.0,MA,181 Cambridge St,Full-Service Restaurants,Restaurants and Other Eating Places,173,1306,191,296,164,2130.0,12,0.21867541766109785,67.09677419354838,122.0,28.786595041968788,0.6131455399061033,0.0812206572769953,0.07699530516431925,0.08967136150234742,0.13896713615023473,0.40037558685446006,0.05036753409440072,0.8691799095092345,52,0.37037037037037035,0.6672926447574334
,"Bakery,Brunch,Cafe",Boston,False,False,42.345309,Greystone Cafe Bakery and Provisions,-71.074652,46.0,722513,0.00127313009,8.816653213e-05,2116.0,107.0,217.0,MA,123 Appleton St,Limited-Service Restaurants,Restaurants and Other Eating Places,19,137,19,30,11,216.0,10,0.3092105263157895,6.935483870967742,11.0,1.7948939023540071,0.6342592592592593,0.08796296296296297,0.05092592592592592,0.08796296296296297,0.1388888888888889,0.4157407407407408,0.005105296745373325,0.9926006662638205,81,0.012345679012345734,0.6929012345679013
,Burgers,Boston,False,False,42.344763,Tasty Burger,-71.098346,1.0,722513,0.001189581459,8.292685368e-05,2215.0,167.0,203.0,MA,1301 Boylston St,Limited-Service Restaurants,Restaurants and Other Eating Places,6,193,2,0,0,201.0,11,0.2838709677419355,6.645161290322581,12.0,2.1634558241428667,0.9601990049751243,0.029850746268656716,0.0,0.009950248756218905,0.0,0.5880597014925373,0.004774397882247276,0.9909154004459005,74,0.09876543209876543,0.9800995024875622
,Pizza,Boston,False,False,42.37586,Pizza Shuttle,-71.03891,1.0,722511,0.0005925529923,4.095210548e-05,2128.0,81.0,101.0,MA,239 Meridian St,Full-Service Restaurants,Restaurants and Other Eating Places,0,95,2,2,0,99.0,5,0.03550295857988166,3.225806451612903,5.0,0.749609679911113,0.9595959595959596,0.0,0.0,0.020202020202020204,0.020202020202020204,0.5757575757575757,0.002363563308043206,0.997380274969853,52,0.37037037037037035,0.9595959595959596
,"American Food,Bar or Pub,Late Night,Pizza",Boston,True,False,42.367522,Connolly's Pub,-71.023067,150.0,722511,0.001358323188,9.434221901e-05,2128.0,148.0,233.0,MA,1 Hotel Dr,Full-Service Restaurants,Restaurants and Other Eating Places,11,127,27,57,9,231.0,23,0.3480825958702065,7.32258064516129,16.0,2.889213496886849,0.5497835497835498,0.047619047619047616,0.03896103896103896,0.11688311688311688,0.24675324675324675,0.3489177489177489,0.005483466874660238,0.9875968411329031,52,0.37037037037037035,0.5815295815295816
,,Boston,False,False,42.360084,Bewley's Cafe,-71.05775,12.0,722511,0.004438758271,0.0003069156198,2109.0,574.0,761.0,MA,28 State St,Full-Service Restaurants,Restaurants and Other Eating Places,38,546,43,102,30,759.0,13,0.19187358916478556,23.903225806451612,40.0,8.10159219201915,0.7193675889328063,0.05006587615283267,0.039525691699604744,0.05665349143610013,0.13438735177865613,0.4516469038208168,0.017963081141128365,0.9637630071808616,47,0.4320987654320988,0.7527448397013613
,Brunch,Boston,True,,42.347004,Kestra,-71.042182,2.0,722511,0.0372695252,0.002582725675,2210.0,3738.0,6347.0,MA,450 Summer St,Full-Service Restaurants,Restaurants and Other Eating Places,168,4848,393,797,138,6344.0,15,0.278711816244376,205.41935483870967,273.0,36.21421409901882,0.7641866330390921,0.02648171500630517,0.021752837326607818,0.06194829760403531,0.12563051702395964,0.46910466582597726,0.14999172752842185,0.8352167902466083,82,0.0,0.7818411097099621
,"American Food,Bar or Pub,Late Night,Sports Bar",Boston,False,False,42.335861,Stats Bar & Grille,-71.045248,1.0,722511,0.0004188496864,2.89116419e-05,2127.0,70.0,70.0,MA,77 Dorchester St,Full-Service Restaurants,Restaurants and Other Eating Places,8,61,0,0,0,69.0,13,0.33640552995391704,2.3548387096774195,5.0,1.7329517443307474,0.8840579710144928,0.11594202898550725,0.0,0.0,0.0,0.5768115942028986,0.001630858682549812,0.9928838995427717,38,0.5432098765432098,0.9613526570048311
,"Italian Food,Pizza,Sandwich Shop",Boston,False,False,42.343727,Cappy's Pizza & Subs,-71.089602,1.0,722511,0.0009476481216,6.556051954e-05,2115.0,133.0,161.0,MA,82 Westland Ave,Full-Service Restaurants,Restaurants and Other Eating Places,8,148,4,0,0,160.0,12,0.22767857142857142,5.161290322580645,7.0,1.0190689676729878,0.925,0.05,0.0,0.025,0.0,0.5750000000000001,0.0037817012928691297,0.9961481603640303,75,0.0864197530864198,0.9583333333333335
Starbucks,"Bakery,Coffee Shop,Counter Service,Dessert,Snacks,Tea House",Boston,True,False,42.366581,Starbucks,-71.027467,25.0,722515,0.004328063267,0.0003000531098,2128.0,615.0,736.0,MA,45 Transportation Way,Snack and Nonalcoholic Beverage Bars,Restaurants and Other Eating Places,47,585,40,7,54,733.0,14,0.19253208868144692,23.677419354838708,37.0,6.161205876806876,0.7980900409276944,0.06412005457025921,0.07366984993178717,0.054570259208731244,0.009549795361527967,0.5045020463847203,0.017372190314117564,0.9726355101098548,52,0.37037037037037035,0.8408367439745339
,Indian Food,Boston,False,False,42.343269,Kashmir Spice,-71.072525,94.0,722511,0.002127182181,0.0001475515004,2118.0,227.0,362.0,MA,578 Tremont St,Full-Service Restaurants,Restaurants and Other Eating Places,10,244,40,43,21,358.0,11,0.10084033613445378,11.64516129032258,16.0,2.118252278629936,0.6815642458100558,0.027932960893854747,0.05865921787709497,0.11173184357541899,0.12011173184357542,0.42011173184357536,0.008532463542035974,0.9911220956729386,44,0.4691358024691358,0.7001862197392923
,Sandwich Shop,Boston,False,False,42.350224,D'Angelos Sandwich Shops,-71.070476,2.0,722511,0.009462804715,0.0006470438696,2116.0,1250.0,1617.0,MA,Stuart St,Full-Service Restaurants,Restaurants and Other Eating Places,45,1334,104,112,20,1615.0,8,0.21312872975277067,51.61290322580645,94.0,19.69227361069251,0.8260061919504644,0.02786377708978328,0.01238390092879257,0.06439628482972136,0.0693498452012384,0.506749226006192,0.038195183057978206,0.9107640996798281,81,0.012345679012345734,0.8445820433436534
,Chicken Wings,Boston,False,False,42.352561,YAS Chicken,-71.131325,43.0,722513,0.0009741023281,6.693575753e-05,2134.0,168.0,168.0,MA,128 Brighton Ave,Limited-Service Restaurants,Restaurants and Other Eating Places,0,130,18,0,18,166.0,10,0.4263959390862944,5.129032258064516,11.0,3.9492092755620365,0.7831325301204819,0.0,0.10843373493975904,0.10843373493975904,0.0,0.4698795180722891,0.003947150724432154,0.9827499631801553,23,0.7283950617283951,0.7831325301204819
Costa Coffee,"Breakfast,Coffee Shop,Counter Service,Drinks,Pastries,Sandwich Shop,Smoothie & Juice Bar,Snacks,Take Out and Delivery Only",Boston,True,False,42.353121,Costa Coffee,-71.063748,3.0,722515,0.06856046585,0.00473646243,2111.0,7039.0,11691.0,MA,175 Tremont St,Snack and Nonalcoholic Beverage Bars,Restaurants and Other Eating Places,445,8415,952,1530,346,11688.0,17,0.3513373419033796,371.61290322580646,495.0,67.51280758749019,0.7199691991786448,0.038073237508555784,0.029603011635865845,0.08145106091718002,0.1309034907597536,0.4472108145106091,0.2763005507102508,0.6921025762250306,66,0.19753086419753085,0.7453513575176819
,"Bakery,Coffee Shop,Sandwich Shop",Boston,False,False,42.351368,Flour Bakery Cafe,-71.048835,10.0,722515,0.001386801655,9.642814582e-05,2210.0,202.0,236.0,MA,12 Farnsworth St,Snack and Nonalcoholic Beverage Bars,Restaurants and Other Eating Places,47,163,4,0,21,235.0,12,0.2195945945945946,7.645161290322581,11.0,1.4266673798384506,0.6936170212765957,0.2,0.08936170212765958,0.01702127659574468,0.0,0.49617021276595746,0.005554373773901534,0.9942843984536113,82,0.0,0.8269503546099292
,Seafood,Boston,False,False,42.346781,Fresh Water Fish,-71.032841,2.0,722511,2.257465801e-05,1.3814236e-06,2210.0,4.0,4.0,MA,312 Northern Ave,Full-Service Restaurants,Restaurants and Other Eating Places,0,3,0,0,0,3.0,12,0.25,0.12903225806451613,3.0,0.5531105870800728,1.0,0.0,0.0,0.0,0.0,0.6,7.090689924129617e-05,0.9982787758317793,82,0.0,1.0
,"Halal Food,Indian Food",Boston,False,False,42.333708,Halal Indian Cuisine,-71.105348,1.0,722511,0.0002644287883,1.880243532e-05,2115.0,44.0,44.0,MA,736 Huntington Ave,Full-Service Restaurants,Restaurants and Other Eating Places,0,44,0,0,0,44.0,22,0.6964285714285714,1.5161290322580645,4.0,1.583604865630139,1.0,0.0,0.0,0.0,0.0,0.6,0.0010163322224585785,0.9935667948035344,75,0.0864197530864198,1.0
,"Burgers,Sandwich Shop",Boston,False,False,42.34105,Rondo's Sub Shop,-71.053946,7.0,722511,0.000495770722,3.374296084e-05,2127.0,68.0,86.0,MA,134 W Broadway,Full-Service Restaurants,Restaurants and Other Eating Places,15,64,0,0,6,85.0,12,0.14772727272727273,2.6451612903225805,5.0,1.4491017706591098,0.7529411764705882,0.17647058823529413,0.07058823529411765,0.0,0.0,0.5223529411764706,0.002009028811836725,0.9941818162014556,38,0.5432098765432098,0.8705882352941177
,Noodles,Boston,False,False,42.347493,Ho Toy Noodles,-71.063008,41.0,722511,0.001678185342,0.0001161318135,2111.0,141.0,286.0,MA,231 Harrison Ave,Full-Service Restaurants,Restaurants and Other Eating Places,22,179,40,29,14,284.0,16,0.27011494252873564,9.064516129032258,14.0,2.0309775791867346,0.6302816901408451,0.07746478873239436,0.04929577464788732,0.14084507042253522,0.10211267605633803,0.4091549295774648,0.006736155427923137,0.9915211631268606,66,0.19753086419753085,0.681924882629108
,"American Food,Bar or Pub,Cocktail Lounge,Late Night",Boston,True,False,42.355204,Jm Curley,-71.062429,38.0,722511,0.008905548155,0.000614056531,2111.0,941.0,1513.0,MA,21 Temple Pl,Full-Service Restaurants,Restaurants and Other Eating Places,84,1033,99,240,55,1511.0,18,0.3427087840761575,48.67741935483871,99.0,20.330157317789673,0.6836532097948379,0.05559232296492389,0.036399735274652546,0.06551952349437459,0.15883520847121113,0.43242885506287226,0.035737077217613274,0.9078473479921841,66,0.19753086419753085,0.7207147584381205
,Vietnamese Food,Boston,False,False,42.351458,Pho Pasteur,-71.062707,4.0,722511,0.02890950027,0.002000426898,2111.0,3099.0,4892.0,MA,682 Washington St,Full-Service Restaurants,Restaurants and Other Eating Places,150,3763,337,496,144,4890.0,12,0.30006101281269065,160.5483870967742,237.0,60.0939257891626,0.7695296523517382,0.03067484662576687,0.029447852760736196,0.0689161554192229,0.10143149284253579,0.47398773006134964,0.1156018813963932,0.7260257439826401,66,0.19753086419753085,0.7899795501022494
Soup Shack,"Chicken,Meats,Noodles,Salad,Soup",Boston,False,False,42.309972,Soup Shack,-71.11557,7.0,722513,2.483165461e-05,1.893701699e-06,2130.0,4.0,4.0,MA,779 Centre St,Limited-Service Restaurants,Restaurants and Other Eating Places,0,4,0,0,0,4.0,12,0.0,0.12903225806451613,2.0,0.49134020037831666,1.0,0.0,0.0,0.0,0.0,0.6,7.090689924129617e-05,0.9985612236787053,9,0.9012345679012346,1.0
,"Brunch,Coffee Shop,Smoothie & Juice Bar",Boston,False,False,42.350309,Kneeland Cafe,-71.060636,1.0,722515,0.0008911874394,6.180641002e-05,2111.0,147.0,152.0,MA,75 Kneeland St,Snack and Nonalcoholic Beverage Bars,Restaurants and Other Eating Places,0,152,0,0,0,152.0,12,0.25572519083969464,4.870967741935484,6.0,0.8324830903589638,1.0,0.0,0.0,0.0,0.0,0.6,0.003568980595145241,0.9970013326060724,66,0.19753086419753085,1.0
,"American Food,Bar or Pub,Late Night,Seafood",Boston,False,False,42.347057,Summer Shack Boston,-71.085349,37.0,722511,0.0004883544426,3.387927451e-05,2115.0,78.0,83.0,MA,50 Dalton St,Full-Service Restaurants,Restaurants and Other Eating Places,0,58,4,0,19,81.0,15,0.21311475409836064,2.6451612903225805,5.0,1.5770202014942345,0.7160493827160493,0.0,0.2345679012345679,0.04938271604938271,0.0,0.4296296296296296,0.0019381219125954288,0.993596903473841,75,0.0864197530864198,0.7160493827160493
,"American Food,Seafood",Boston,False,False,42.385572,Royal Roast Beef & Seafood,-71.010837,11.0,722511,0.0005328912388,3.73227064e-05,2128.0,85.0,91.0,MA,752 Bennington St,Full-Service Restaurants,Restaurants and Other Eating Places,13,71,0,0,6,90.0,13,0.16153846153846155,2.903225806451613,5.0,1.4669441291486545,0.7888888888888889,0.14444444444444443,0.06666666666666667,0.0,0.0,0.5311111111111111,0.0021272069772388853,0.9941002312218474,52,0.37037037037037035,0.8851851851851852
,"Pizza,Salad,Sandwich Shop",Boston,False,False,42.36435,Pizzeria Rustico,-71.059692,1.0,722511,0.002525937967,0.0001731224921,2114.0,339.0,432.0,MA,85 Canal St,Full-Service Restaurants,Restaurants and Other Eating Places,11,395,7,8,8,429.0,17,0.38306451612903225,13.806451612903226,31.0,7.141064142434821,0.9207459207459208,0.02564102564102564,0.018648018648018648,0.016317016317016316,0.018648018648018648,0.5627039627039626,0.010186957857666218,0.9681550645080567,52,0.37037037037037035,0.9378399378399377
,"Burgers,Ice Cream Shop",Boston,False,False,42.338893,Sullivan's Castle Island,-71.013065,22.0,722513,0.0006540982794,4.597586741e-05,2127.0,93.0,112.0,MA,2080 Day Blvd,Limited-Service Restaurants,Restaurants and Other Eating Places,14,77,0,0,19,110.0,16,0.0,3.5806451612903225,5.0,1.6612120244624171,0.7,0.12727272727272726,0.17272727272727273,0.0,0.0,0.4709090909090909,0.0026235552719279585,0.993211932610036,38,0.5432098765432098,0.7848484848484848
,"Mediterranean Food,Salad,Sandwich Shop",Boston,True,False,42.353814,VERTS Mediterranean Grill,-71.058634,1.0,722513,0.00878443914,0.0006077710602,2110.0,1063.0,1501.0,MA,95 Summer St,Limited-Service Restaurants,Restaurants and Other Eating Places,61,1237,51,102,48,1499.0,17,0.26813880126182965,47.774193548387096,77.0,10.366539464964578,0.8252168112074717,0.040693795863909275,0.032021347565043365,0.03402268178785857,0.06804536357571714,0.5114076050700467,0.035453449620648086,0.953406434803662,46,0.4444444444444444,0.8523460084500778
,"Bar or Pub,Late Night,Mexican Food",Boston,False,False,42.358139,Pechilis William J Lwyr,-71.055822,2.0,722511,0.0002591654214,1.761181472e-05,2109.0,45.0,45.0,MA,Exchange Pl Ste,Full-Service Restaurants,Restaurants and Other Eating Places,0,45,0,0,0,45.0,15,0.15492957746478872,1.3548387096774193,3.0,1.2061238126348333,1.0,0.0,0.0,0.0,0.0,0.6,0.0010399678555390107,0.995292843746512,47,0.4320987654320988,1.0
Starbucks,"Bakery,Coffee Shop,Counter Service,Dessert,Snacks,Tea House",Boston,False,False,42.360632,Starbucks,-71.053955,22.0,722515,0.0001296219065,9.108720292e-06,2109.0,14.0,22.0,MA,8 N Market St,Snack and Nonalcoholic Beverage Bars,Restaurants and Other Eating Places,0,15,3,1,0,19.0,13,0.36363636363636365,0.7096774193548387,4.0,0.9226032029725865,0.7894736842105263,0.0,0.0,0.15789473684210525,0.05263157894736842,0.47368421052631576,0.0004963482946890732,0.9965892543735798,47,0.4320987654320988,0.7894736842105263
Starbucks,"Bakery,Coffee Shop,Counter Service,Dessert,Snacks,Tea House",Boston,False,False,42.344228,Starbucks,-71.101431,1.0,722515,0.002500291464,0.0001709943405,2215.0,434.0,434.0,MA,142-148 Brookline Avenue Trilogy,Snack and Nonalcoholic Beverage Bars,Restaurants and Other Eating Places,0,434,0,0,0,434.0,18,0.3870967741935484,13.290322580645162,24.0,8.703701653698092,1.0,0.0,0.0,0.0,0.0,0.6,0.010234229123827081,0.9610098348252132,74,0.09876543209876543,1.0
,"Bar or Pub,Irish Food,Irish Pub,Late Night",Boston,False,False,42.334738,The Squealing Pig,-71.102169,1.0,722511,0.0003557622282,2.431064156e-05,2120.0,62.0,62.0,MA,134 Smith St,Full-Service Restaurants,Restaurants and Other Eating Places,0,54,0,7,0,61.0,12,0.22525597269624573,1.8709677419354838,5.0,1.755028452740057,0.8852459016393442,0.0,0.0,0.0,0.11475409836065574,0.5311475409836065,0.0014417736179063556,0.9927829528093874,8,0.9135802469135803,0.8852459016393442
,"Bar or Pub,European Food,Late Night,Mediterranean Food",Boston,False,False,42.339286,Ilona,-71.080798,9.0,722511,0.0008036317285,5.554281567e-05,2118.0,137.0,137.0,MA,783 Tremont St,Full-Service Restaurants,Restaurants and Other Eating Places,19,104,0,0,13,136.0,8,0.14427860696517414,4.387096774193548,7.0,1.2359512297205173,0.7647058823529411,0.13970588235294118,0.09558823529411764,0.0,0.0,0.5147058823529411,0.00321444609893876,0.9951564565521773,44,0.4691358024691358,0.8578431372549019
,"Brunch,Coffee Shop",Boston,False,False,42.339294,Jugos Supremo,-71.079969,3.0,722513,0.0002687604356,1.828059821e-05,2118.0,38.0,46.0,MA,502 Massachusetts Ave,Limited-Service Restaurants,Restaurants and Other Eating Places,7,38,0,0,0,45.0,18,0.27129337539432175,1.3870967741935485,3.0,1.3837168122275623,0.8444444444444444,0.15555555555555556,0.0,0.0,0.0,0.5688888888888888,0.0010636034886194426,0.9944807918387542,44,0.4691358024691358,0.948148148148148
Caffè Nero,"Breakfast,Casual Dining,Coffee Shop,Drinks,Healthy Food,Pastries,Snacks",Boston,False,False,42.338173,Caffè Nero,-71.050245,119.0,722515,0.0001294593263,9.08875293e-06,2111.0,6.0,22.0,MA,321 Broadway St,Snack and Nonalcoholic Beverage Bars,Restaurants and Other Eating Places,0,14,2,4,0,20.0,19,0.45652173913043476,0.6774193548387096,2.0,0.7355970484510568,0.7,0.0,0.0,0.1,0.2,0.42,0.0004963482946890732,0.9974443483518892,66,0.19753086419753085,0.7
,"Brunch,Coffee Shop,Donut Shop",Boston,False,False,42.35636,Kane's Donuts Downtown,-71.052587,1.0,722515,0.0008532141804,5.954902757e-05,2110.0,95.0,145.0,MA,90 Oliver St,Snack and Nonalcoholic Beverage Bars,Restaurants and Other Eating Places,7,108,11,11,7,144.0,12,0.1589958158995816,4.548387096774194,6.0,1.0422899626711943,0.75,0.04861111111111111,0.04861111111111111,0.0763888888888889,0.0763888888888889,0.4694444444444444,0.0034035311635822164,0.9960419813292058,46,0.4444444444444444,0.7824074074074073
Dunkin',"Coffee Shop,Counter Service,Dessert,Donut Shop,Snacks",Boston,False,False,42.351001,Dunkin',-71.062498,4.0,722515,0.02890950027,0.002000426898,2111.0,3099.0,4892.0,MA,16 Kneeland St # 18,Snack and Nonalcoholic Beverage Bars,Restaurants and Other Eating Places,150,3763,337,496,144,4890.0,12,0.30006101281269065,160.5483870967742,237.0,60.0939257891626,0.7695296523517382,0.03067484662576687,0.029447852760736196,0.0689161554192229,0.10143149284253579,0.47398773006134964,0.1156018813963932,0.7260257439826401,66,0.19753086419753085,0.7899795501022494
,"Bar or Pub,Italian Food,Late Night,Noodles,Wine Bar",Boston,False,False,42.339036,MIDA Boston,-71.080445,675.0,722511,0.0005457911868,3.780501111e-05,2118.0,73.0,95.0,MA,782 Tremont St,Full-Service Restaurants,Restaurants and Other Eating Places,0,76,0,14,3,93.0,16,0.058823529411764705,2.903225806451613,7.0,2.084579925342389,0.8172043010752689,0.0,0.03225806451612903,0.0,0.15053763440860216,0.4903225806451613,0.0022217495095606136,0.991276064009464,44,0.4691358024691358,0.8172043010752689
,,Boston,True,False,42.338445,Original Soupman,-71.106993,32.0,722511,0.01076632801,0.0007479816442,2115.0,935.0,1862.0,MA,350 Longwood Ave,Full-Service Restaurants,Restaurants and Other Eating Places,155,1137,140,338,89,1859.0,10,0.2656759695541863,58.483870967741936,105.0,26.028360422929666,0.6116191500806886,0.08337816030123722,0.047875201721355565,0.07530930607853685,0.18181818181818182,0.400322754168908,0.04398591316268406,0.8817920602672643,75,0.0864197530864198,0.6672045902815134
Eddie Merlot's,"Dinner,Drinks,Fine Dining,Seafood,Steak House,Wine Bar",Boston,False,False,42.34789,Eddie Merlot's,-71.040923,1.0,722511,0.05516591211,0.003830125011,2210.0,5754.0,9404.0,MA,505 Congress St,Full-Service Restaurants,Restaurants and Other Eating Places,201,8051,306,688,157,9403.0,19,0.3099323543969642,300.5483870967742,350.0,24.68751638258654,0.8562161012442837,0.02137615654578326,0.016696798893970008,0.032542805487610335,0.07316813782835266,0.5222801233648835,0.22224585785530265,0.8879231294167423,82,0.0,0.8704668722748059
Caffè Nero,"Breakfast,Casual Dining,Coffee Shop,Drinks,Healthy Food,Pastries,Snacks",Boston,False,False,42.310334,Caffè Nero,-71.276841,30.0,722515,4.631906928e-05,3.33406382e-06,2108.0,5.0,8.0,MA,339 Washington St,Snack and Nonalcoholic Beverage Bars,Restaurants and Other Eating Places,0,4,0,1,0,5.0,8,0.09090909090909091,0.22580645161290322,1.0,0.4181123031230877,0.8,0.0,0.0,0.0,0.2,0.48,0.0001654494315630244,0.9988960615034144,31,0.6296296296296297,0.8
,Coffee Shop,Boston,True,False,42.362066,WFM Coffee Bar,-71.065525,20.0,722515,0.0123709371,0.0008473929378,2114.0,1277.0,2132.0,MA,181 Cambridge St,Snack and Nonalcoholic Beverage Bars,Restaurants and Other Eating Places,173,1306,191,296,164,2130.0,12,0.21867541766109785,67.09677419354838,122.0,28.786595041968788,0.6131455399061033,0.0812206572769953,0.07699530516431925,0.08967136150234742,0.13896713615023473,0.40037558685446006,0.05036753409440072,0.8691799095092345,52,0.37037037037037035,0.6672926447574334
,Pizza,Boston,False,False,42.285551,Greek Pizza,-71.090698,10.0,722511,0.001441123361,9.946036512e-05,2124.0,181.0,245.0,MA,1132 Blue Hill Ave,Full-Service Restaurants,Restaurants and Other Eating Places,63,147,12,0,21,243.0,16,0.20116618075801748,7.741935483870968,12.0,1.759173961862707,0.6049382716049383,0.25925925925925924,0.08641975308641975,0.04938271604938271,0.0,0.4666666666666667,0.005767094471625422,0.9927639972841168,7,0.9259259259259259,0.7777777777777778
,"Bar or Pub,Italian Food,Late Night,Wine Bar",Boston,False,False,42.363388,Limoncello Ristorante,-71.053939,1.0,722511,0.01212778981,0.0008365541822,2113.0,1651.0,2049.0,MA,190 North St,Full-Service Restaurants,Restaurants and Other Eating Places,86,1779,82,43,56,2046.0,16,0.32592592592592595,67.29032258064517,149.0,27.230430734023614,0.8695014662756598,0.042033235581622676,0.02737047898338221,0.04007820136852395,0.021016617790811338,0.538514173998045,0.048405776548724855,0.8762955401813297,40,0.5185185185185186,0.8975236233300751
,Mexican Food,Boston,True,False,42.35139,Thank U Mex,-71.064582,7.0,722511,0.04969002211,0.00341347461,2116.0,5192.0,8441.0,MA,226 Tremont St,Full-Service Restaurants,Restaurants and Other Eating Places,340,6137,465,1235,262,8439.0,17,0.32118383742911155,271.61290322580646,569.0,107.43750694251467,0.7272188647944069,0.04028913378362365,0.03104633250385117,0.055101315321720586,0.14634435359639766,0.45244697239009357,0.19948474319884657,0.5095451085756691,81,0.012345679012345734,0.7540782873168227
,"Deli,Sandwich Shop",Boston,False,False,42.341019,Boston Pocket & Deli,-71.076695,15.0,722513,0.0002968215748,2.144207836e-05,2118.0,49.0,49.0,MA,682 Tremont St,Limited-Service Restaurants,Restaurants and Other Eating Places,24,24,0,0,0,48.0,0,0.25,1.7419354838709677,6.0,2.539592829130913,0.5,0.5,0.0,0.0,0.0,0.5,0.0011345103878607388,0.989195497222354,44,0.4691358024691358,0.8333333333333334
,Tea House,Boston,True,False,42.349647,Courtyard Tea Room,-71.077939,17.0,722515,0.008711572434,0.0006057702866,2116.0,1068.0,1487.0,MA,700 Boylston St,Snack and Nonalcoholic Beverage Bars,Restaurants and Other Eating Places,185,844,203,140,112,1484.0,14,0.13701657458563535,47.54838709677419,76.0,15.5186437503461,0.568733153638814,0.12466307277628032,0.07547169811320754,0.13679245283018868,0.09433962264150944,0.39110512129380054,0.03512255075752204,0.9298482082772472,81,0.012345679012345734,0.6518418688230009
,Korean Food,Boston,False,False,42.287416,Sharon Korean Kitchen,-71.149393,24.0,722511,0.0005500557859,3.802044733e-05,2132.0,81.0,93.0,MA,1727 Centre St,Full-Service Restaurants,Restaurants and Other Eating Places,8,66,5,5,5,89.0,18,0.5426829268292683,3.096774193548387,5.0,1.3284684052886453,0.7415730337078652,0.0898876404494382,0.056179775280898875,0.056179775280898875,0.056179775280898875,0.4808988764044944,0.0021744782433997497,0.9947334176424638,3,0.9753086419753086,0.801498127340824
,Smoothie & Juice Bar,Boston,False,,42.347353,Jc Smoothies,-71.078876,5.0,722515,0.2484669312,0.01716951889,2116.0,21877.0,42310.0,MA,100 Huntington Ave,Snack and Nonalcoholic Beverage Bars,Restaurants and Other Eating Places,1882,29256,3607,5749,1814,42308.0,16,0.2773195409925057,1359.6451612903227,2242.0,218.87329496944213,0.6915004254514513,0.04448331284863383,0.042876051810532285,0.08525574359459204,0.1358844662947906,0.4326935804103243,1.0,0.0,81,0.012345679012345734,0.7211559673505405
,"Bar or Pub,Cocktail Lounge,Late Night,Mexican Food",Boston,False,False,42.350676,Lolita Cocina & Tequila Bar,-71.077356,15.0,722511,0.002209411783,0.0001524161814,2116.0,281.0,376.0,MA,271 Dartmouth St,Full-Service Restaurants,Restaurants and Other Eating Places,37,256,32,5,43,373.0,13,0.30994152046783624,12.161290322580646,19.0,2.829530614140437,0.6863270777479893,0.09919571045576407,0.11528150134048257,0.08579088471849866,0.013404825737265416,0.4514745308310992,0.008863362405162022,0.9878697437749322,81,0.012345679012345734,0.7524575513851653
,Seafood,Boston,False,False,42.350597,Atlantic Sea Pride,-71.038721,48.0,722511,0.002001216141,0.0001385144205,2210.0,182.0,340.0,MA,16 Fish Pier St W,Full-Service Restaurants,Restaurants and Other Eating Places,27,212,57,15,27,338.0,19,0.418,10.903225806451612,15.0,2.248366270093758,0.6272189349112426,0.07988165680473373,0.07988165680473373,0.16863905325443787,0.04437869822485207,0.40828402366863903,0.008012479614266469,0.9905271436464709,82,0.0,0.6804733727810651
,Seafood,Boston,False,False,42.349,Constitution Lobster Clambake,-71.0312,2.0,722511,0.00221961355,0.0001550414003,2210.0,308.0,377.0,MA,8 Seafood Way,Full-Service Restaurants,Restaurants and Other Eating Places,24,325,0,6,20,375.0,15,0.14784394250513347,12.32258064516129,21.0,3.1966423591838695,0.8666666666666667,0.064,0.05333333333333334,0.0,0.016,0.5456,0.008886998038242454,0.9861911089548296,82,0.0,0.9093333333333333
,Vietnamese Food,Boston,False,False,42.311333,Nhu Lan Fast Foods,-71.058093,7.0,722511,0.0001156523502,7.906072237e-06,2125.0,20.0,20.0,MA,1155 Dorchester Ave,Full-Service Restaurants,Restaurants and Other Eating Places,0,20,0,0,0,20.0,0,0.25,0.6451612903225806,4.0,1.3331598915981822,1.0,0.0,0.0,0.0,0.0,0.6,0.00044907702852820913,0.9947119656121663,13,0.8518518518518519,1.0
,Pizza,Boston,False,False,42.374686,Nel's Diner,-71.064009,6.0,722511,0.000280718417,1.90658727e-05,2129.0,49.0,49.0,MA,124 Main St,Full-Service Restaurants,Restaurants and Other Eating Places,12,36,0,0,0,48.0,10,0.0,1.5806451612903225,6.0,2.1668200804834408,0.75,0.25,0.0,0.0,0.0,0.5499999999999999,0.0011345103878607388,0.9909000172338043,8,0.9135802469135803,0.9166666666666666
,"Pizza,Seafood",Boston,False,False,42.306575,Pete's Seafood,-71.066413,7.0,722511,0.0003433026768,2.351334539e-05,2122.0,52.0,58.0,MA,267 Bowdoin St,Full-Service Restaurants,Restaurants and Other Eating Places,0,58,0,0,0,58.0,8,0.2577777777777778,1.7419354838709677,5.0,1.777416427607214,1.0,0.0,0.0,0.0,0.0,0.6,0.0013472310855846274,0.9926805827962485,9,0.9012345679012346,1.0
,Cafeteria,Boston,False,False,42.341533,Green Room Cafe,-71.085378,120.0,722513,0.0001435692189,9.784834829e-06,2115.0,10.0,25.0,MA,255 Saint Botolph St,Limited-Service Restaurants,Restaurants and Other Eating Places,0,15,3,4,0,22.0,9,0.025,0.7419354838709677,2.0,0.6704712803492429,0.6818181818181818,0.0,0.0,0.13636363636363635,0.18181818181818182,0.40909090909090906,0.0005672551939303694,0.9977421388298503,75,0.0864197530864198,0.6818181818181818
Auntie Anne's,"Cafeteria,Catering,Counter Service,German Food,Snacks,Truck or Cart",Boston,True,False,42.36957,Auntie Anne's,-71.023625,1.0,722515,1.142397767e-05,6.95010016e-07,2128.0,2.0,2.0,MA,200 Terminal B Ste,Snack and Nonalcoholic Beverage Bars,Restaurants and Other Eating Places,0,2,0,0,0,2.0,15,0.5,0.06451612903225806,1.0,0.2456701001891583,1.0,0.0,0.0,0.0,0.0,0.6,2.3635633080432058e-05,0.9996845611638265,52,0.37037037037037035,1.0
,,Boston,False,False,42.342111,Net Realty,-71.084879,187.0,722511,0.009886476171,0.0006835276199,2115.0,665.0,1692.0,MA,250 Huntington Ave,Full-Service Restaurants,Restaurants and Other Eating Places,175,816,163,485,51,1690.0,13,0.24427977119084762,54.096774193548384,75.0,11.73457763086588,0.48284023668639053,0.10355029585798817,0.03017751479289941,0.09644970414201183,0.2869822485207101,0.33112426035502956,0.03996785553901061,0.9471510193027514,75,0.0864197530864198,0.5518737672583827
,"Deli,Sandwich Shop",Boston,False,False,42.325454,DJ's Market,-71.058899,5.0,722513,0.001115226439,7.675518654e-05,2125.0,145.0,189.0,MA,120 Boston St,Limited-Service Restaurants,Restaurants and Other Eating Places,7,181,0,0,0,188.0,11,0.07531380753138076,6.32258064516129,11.0,3.3829467663771355,0.9627659574468085,0.03723404255319149,0.0,0.0,0.0,0.5925531914893616,0.004443499019121227,0.9853392237474627,13,0.8518518518518519,0.9875886524822693
Dunkin',"Coffee Shop,Counter Service,Dessert,Donut Shop,Snacks",Boston,False,False,42.358141,Dunkin',-71.058076,1.0,722515,0.001251697673,8.707288196e-05,2108.0,193.0,213.0,MA,235 Washington St,Snack and Nonalcoholic Beverage Bars,Restaurants and Other Eating Places,0,199,6,6,0,211.0,11,0.07023411371237458,6.806451612903226,8.0,0.8951249629362328,0.943127962085308,0.0,0.0,0.02843601895734597,0.02843601895734597,0.5658767772511848,0.005010754213051596,0.9967148998511297,31,0.6296296296296297,0.943127962085308
,"Bar or Pub,Italian Food,Late Night,Pizza,Sports Bar",Boston,False,False,42.334088,Penguin Pizza,-71.105458,1.0,722511,0.001098553703,7.604657721e-05,2115.0,175.0,187.0,MA,735 Huntington Ave,Full-Service Restaurants,Restaurants and Other Eating Places,0,181,0,5,0,186.0,19,0.47126436781609193,5.967741935483871,10.0,1.2822327041517283,0.9731182795698925,0.0,0.0,0.0,0.026881720430107527,0.5838709677419355,0.004396227752960363,0.9949448324471062,75,0.0864197530864198,0.9731182795698925
,American Food,Boston,False,False,42.355006,Bailey & Sage,-71.055956,2.0,722511,0.009610634673,0.000660944226,2110.0,883.0,1659.0,MA,100 Federal St,Full-Service Restaurants,Restaurants and Other Eating Places,68,1205,98,223,62,1656.0,8,0.17927964386887899,51.645161290322584,103.0,27.887502562394033,0.7276570048309179,0.04106280193236715,0.03743961352657005,0.059178743961352656,0.13466183574879226,0.45301932367149755,0.03918787964735636,0.8732910499537547,46,0.4444444444444444,0.7550322061191627
,"Buffet,Japanese Food,Sushi",Boston,False,False,42.350795,Yamato 2,-71.075754,17.0,722513,0.001684505011,0.0001139732857,2116.0,159.0,291.0,MA,545 Boylston St,Limited-Service Restaurants,Restaurants and Other Eating Places,13,198,6,59,13,289.0,14,0.0654911838790932,9.096774193548388,17.0,5.0949363775170875,0.6851211072664359,0.04498269896193772,0.04498269896193772,0.020761245674740483,0.2041522491349481,0.42906574394463665,0.0068543335933252975,0.9775110749297963,81,0.012345679012345734,0.7151095732410611
,Indian Food,Boston,False,False,42.343279,Mela,-71.072509,51.0,722511,0.0003491608876,2.39399682e-05,2118.0,45.0,60.0,MA,578 Tremont St,Full-Service Restaurants,Restaurants and Other Eating Places,0,45,0,0,15,60.0,13,0.23741007194244604,1.8709677419354838,6.0,2.310452203802578,0.75,0.0,0.25,0.0,0.0,0.44999999999999996,0.0013945023517454914,0.9902432529467879,44,0.4691358024691358,0.75
Jimmy John's,"Catering,Counter Service,Deli,Dinner,Lunch,Sandwich Shop",Boston,False,False,42.344821,Jimmy John's,-71.043453,3.0,722513,4.071881631e-05,2.843516791e-06,2210.0,6.0,7.0,MA,413 D St,Limited-Service Restaurants,Restaurants and Other Eating Places,0,6,0,0,0,6.0,12,0.0,0.22580645161290322,2.0,0.489217770583971,1.0,0.0,0.0,0.0,0.0,0.6,0.00014181379848259235,0.9985709285835581,82,0.0,1.0
,Coffee Shop,Boston,True,False,42.357167,Render Coffee,-71.057463,12.0,722515,0.007136473973,0.0004937101517,2109.0,770.0,1213.0,MA,121 Devonshire St,Snack and Nonalcoholic Beverage Bars,Restaurants and Other Eating Places,48,838,74,212,38,1210.0,12,0.19878658101356175,39.0,56.0,10.308155243113534,0.6925619834710743,0.03966942148760331,0.03140495867768595,0.06115702479338843,0.17520661157024794,0.4314049586776859,0.028646387293483656,0.9536733992608525,47,0.4320987654320988,0.7190082644628099
,"Caribbean Food,Latin American Food",Boston,False,False,42.342219,Vejigantes,-71.072854,7.0,722511,0.0008776261213,5.913095416e-05,2118.0,64.0,151.0,MA,57 W Dedham St,Full-Service Restaurants,Restaurants and Other Eating Places,17,133,0,0,0,150.0,16,0.21038961038961038,4.645161290322581,10.0,3.441196220153442,0.8866666666666667,0.11333333333333333,0.0,0.0,0.0,0.5773333333333334,0.003545344962064809,0.985072875523302,44,0.4691358024691358,0.9622222222222223
,"Greek Food,Mediterranean Food",Boston,True,False,42.353803,Daphne's Mediterranean,-71.058651,1.0,722511,0.00878443914,0.0006077710602,2110.0,1063.0,1501.0,MA,95 Summer St,Full-Service Restaurants,Restaurants and Other Eating Places,61,1237,51,102,48,1499.0,17,0.26813880126182965,47.774193548387096,77.0,10.366539464964578,0.8252168112074717,0.040693795863909275,0.032021347565043365,0.03402268178785857,0.06804536357571714,0.5114076050700467,0.035453449620648086,0.953406434803662,46,0.4444444444444444,0.8523460084500778
Subway,"Breakfast,Counter Service,Dinner,Lunch,Sandwich Shop",Boston,False,False,42.333246,Subway,-71.102558,1.0,722513,1.138534732e-05,8.445774409e-07,2120.0,2.0,2.0,MA,1578 Tremont St Ste 1,Limited-Service Restaurants,Restaurants and Other Eating Places,0,2,0,0,0,2.0,9,0.0,0.06451612903225806,1.0,0.24567010018915833,1.0,0.0,0.0,0.0,0.0,0.6,2.3635633080432058e-05,0.9996845611638265,8,0.9135802469135803,1.0
Clover Food Lab,"Catering,Counter Service,Dinner,Fast Food,Healthy Food,Kosher Food,Lunch,Sandwich Shop",Boston,False,False,42.348298,Clover Food Lab,-71.087965,8.0,722513,0.005479512807,0.0003794130921,2105.0,706.0,925.0,MA,Newbury St @ Mass Ave,Limited-Service Restaurants,Restaurants and Other Eating Places,69,673,69,10,101,922.0,15,0.23699421965317918,29.870967741935484,58.0,11.065033374536409,0.7299349240780911,0.07483731019522777,0.10954446854663774,0.07483731019522777,0.010845986984815618,0.4678958785249458,0.021839324966319223,0.9502125402631916,1,1.0,0.779826464208243
,"Asian Food,Cafe,Dessert",Boston,False,False,42.351672,Cafe Darq,-71.061573,1.0,722515,0.001100471952,7.62301751e-05,2111.0,184.0,188.0,MA,38 Beach St,Snack and Nonalcoholic Beverage Bars,Restaurants and Other Eating Places,8,163,11,0,4,186.0,12,0.29936305732484075,6.0,8.0,1.684847078348464,0.8763440860215054,0.043010752688172046,0.021505376344086023,0.05913978494623656,0.0,0.543010752688172,0.004419863386040795,0.9931038602724882,66,0.19753086419753085,0.9050179211469533
,Italian Food,Boston,False,False,42.364986,Cantina Italiana,-71.053527,12.0,722511,0.0004510746122,3.105735656e-05,2113.0,76.0,76.0,MA,346 Hanover St,Full-Service Restaurants,Restaurants and Other Eating Places,9,61,0,0,4,74.0,0,0.5533980582524272,2.4516129032258065,5.0,1.6031965986824743,0.8243243243243243,0.12162162162162163,0.05405405405405406,0.0,0.0,0.5432432432432432,0.0017726724810324045,0.9934772107307505,40,0.5185185185185186,0.9054054054054055
,Bakery,Boston,False,False,42.35106,Hing Shing Pastry,-71.06022,4.0,722515,0.00497893036,0.0003424001537,2111.0,703.0,847.0,MA,67 Beach St,Snack and Nonalcoholic Beverage Bars,Restaurants and Other Eating Places,35,698,49,7,55,844.0,10,0.38859180035650626,28.29032258064516,64.0,16.54162598472479,0.8270142180094787,0.041469194312796206,0.06516587677725119,0.058056872037914695,0.008293838862559242,0.5127962085308057,0.019995745586045523,0.925170576405864,66,0.19753086419753085,0.8546603475513428
Dunkin',"Coffee Shop,Counter Service,Dessert,Donut Shop,Snacks",Boston,False,False,42.366389,Dunkin',-71.062353,147.0,722515,0.07733499685,0.005323984245,2114.0,7597.0,13219.0,MA,100 Legends Way,Snack and Nonalcoholic Beverage Bars,Restaurants and Other Eating Places,1062,5774,2916,2755,710,13217.0,18,0.47787674443763295,417.93548387096774,616.0,94.55291588409754,0.43686161761367936,0.08035106302489219,0.0537186956192782,0.22062495271241583,0.20844367102973443,0.29425739577816445,0.312415798057151,0.5684604755870983,52,0.37037037037037035,0.4904289929636074
,,Boston,False,False,42.345882,Berklee Noodles Factory,-71.087368,20.0,722511,0.0003711143586,2.585865119e-05,2115.0,50.0,61.0,MA,173 Massachusetts Ave,Full-Service Restaurants,Restaurants and Other Eating Places,3,57,0,0,0,60.0,10,0.24822695035460993,2.096774193548387,5.0,1.9895669606592612,0.95,0.05,0.0,0.0,0.0,0.59,0.0014181379848259236,0.9917105150261685,75,0.0864197530864198,0.9833333333333333
,"Cafe,Smoothie & Juice Bar",Boston,False,False,42.306069,Tot Cafe by Little Cocoa Bean,-71.114685,95.0,722515,0.0002348304101,1.687930043e-05,2130.0,40.0,40.0,MA,114 South St,Snack and Nonalcoholic Beverage Bars,Restaurants and Other Eating Places,0,26,13,0,0,39.0,17,0.7924528301886793,1.2580645161290323,3.0,1.4134775677552673,0.6666666666666666,0.0,0.0,0.3333333333333333,0.0,0.39999999999999997,0.0009217896901368503,0.9943447094573652,9,0.9012345679012346,0.6666666666666666
,Truck or Cart,Boston,False,False,42.34934,Beantown Taquaria Express Food Truck,-71.106958,5.0,722515,0.000117642608,8.164146443e-06,2446.0,15.0,20.0,MA,St Mary's St @ Commonwealth Ave,Snack and Nonalcoholic Beverage Bars,Restaurants and Other Eating Places,0,16,1,0,0,17.0,12,0.23809523809523808,0.6451612903225806,3.0,0.784872584554609,0.9411764705882353,0.0,0.0,0.058823529411764705,0.0,0.5647058823529412,0.00044907702852820913,0.9972190337663456,1,1.0,0.9411764705882353
,Ice Cream Shop,Boston,False,False,42.357829,Latto Cream,-71.055629,1.0,722515,0.001016853226,7.06283429e-05,2109.0,161.0,173.0,MA,9 Liberty Sq,Snack and Nonalcoholic Beverage Bars,Restaurants and Other Eating Places,2,165,4,0,0,171.0,9,0.2827586206896552,5.516129032258065,7.0,0.8374680635965915,0.9649122807017544,0.011695906432748537,0.0,0.023391812865497075,0.0,0.583625730994152,0.004065328889834314,0.9969785385937125,47,0.4320987654320988,0.9727095516569201
,"Asian Food,Chinese Food",Boston,False,False,42.345715,Dumpling Palace,-71.087321,1.0,722511,0.0007704333109,5.312056518e-05,2115.0,111.0,131.0,MA,179 Massachusetts Ave,Full-Service Restaurants,Restaurants and Other Eating Places,10,120,0,0,0,130.0,12,0.29411764705882354,4.193548387096774,7.0,1.4901689628969157,0.9230769230769231,0.07692307692307693,0.0,0.0,0.0,0.5846153846153846,0.003072632300456168,0.9939940346341672,75,0.0864197530864198,0.9743589743589745
,"Italian Food,Truck or Cart",Boston,False,False,42.347405,Extra Long Sausages,-71.099318,72.0,722513,0.002718599177,0.0001845191607,2215.0,300.0,465.0,MA,42 Yawkey Way,Limited-Service Restaurants,Restaurants and Other Eating Places,14,357,31,49,12,463.0,22,0.2942430703624733,14.903225806451612,41.0,7.18131463708097,0.7710583153347732,0.03023758099352052,0.02591792656587473,0.06695464362850972,0.10583153347732181,0.4747300215982721,0.010966933749320475,0.9679710173269146,74,0.09876543209876543,0.7912167026637869
,Pizza,Boston,False,False,42.341277,Boston House of Pizza,-71.08735,7.0,722511,0.0005625240565,4.019385718e-05,2115.0,84.0,96.0,MA,305 Huntington Ave,Full-Service Restaurants,Restaurants and Other Eating Places,0,96,0,0,0,96.0,14,0.24376731301939059,3.064516129032258,6.0,2.4486399631417224,1.0,0.0,0.0,0.0,0.0,0.6,0.0022453851426410456,0.9896113832567807,75,0.0864197530864198,1.0
,Chicken Wings,Boston,False,False,42.329382,Chili Dog Grill & Chicken,-71.084349,3.0,722513,0.001004297704,6.897913059e-05,2119.0,116.0,171.0,MA,2360 Washington St,Limited-Service Restaurants,Restaurants and Other Eating Places,15,147,2,1,4,169.0,12,0.29357798165137616,5.483870967741935,10.0,1.720295693673985,0.8698224852071006,0.08875739644970414,0.023668639053254437,0.011834319526627219,0.005917159763313609,0.5573964497041419,0.00401805762367345,0.9929417698986082,13,0.8518518518518519,0.9289940828402365
,,Boston,False,False,42.341224,Outtakes,-71.088545,1.0,722513,0.0007004032933,4.97872475e-05,2115.0,119.0,119.0,MA,106 Saint Stephen St,Limited-Service Restaurants,Restaurants and Other Eating Places,0,119,0,0,0,119.0,12,0.35294117647058826,3.774193548387097,7.0,2.836509411223304,1.0,0.0,0.0,0.0,0.0,0.6,0.002789004703490983,0.9878378329141551,75,0.0864197530864198,1.0
,"American Food,Sandwich Shop",Boston,True,False,42.36173,The Dean's List,-71.066561,20.0,722511,0.0123709371,0.0008473929378,2114.0,1277.0,2132.0,MA,5 Blossom St,Full-Service Restaurants,Restaurants and Other Eating Places,173,1306,191,296,164,2130.0,12,0.21867541766109785,67.09677419354838,122.0,28.786595041968788,0.6131455399061033,0.0812206572769953,0.07699530516431925,0.08967136150234742,0.13896713615023473,0.40037558685446006,0.05036753409440072,0.8691799095092345,52,0.37037037037037035,0.6672926447574334
Dunkin',"Coffee Shop,Counter Service,Dessert,Donut Shop,Snacks",Boston,True,False,42.364196,Dunkin',-71.063123,1.0,722515,0.0008498086783,5.908579064e-05,2114.0,136.0,145.0,MA,59 Causeway St,Snack and Nonalcoholic Beverage Bars,Restaurants and Other Eating Places,0,136,0,0,8,144.0,9,0.1484375,4.612903225806452,5.0,0.48708609259811286,0.9444444444444444,0.0,0.05555555555555555,0.0,0.0,0.5666666666666667,0.0034035311635822164,0.9985806757761789,52,0.37037037037037035,0.9444444444444444
,"Bar or Pub,Cocktail Lounge,French Food,Late Night,Wine Bar",Boston,False,False,42.360959,Ma Maison,-71.067959,116.0,722511,0.0005504860585,3.809129715e-05,2114.0,30.0,94.0,MA,272 Cambridge St,Full-Service Restaurants,Restaurants and Other Eating Places,9,43,17,17,6,92.0,15,0.37777777777777777,3.032258064516129,5.0,0.8224225021923846,0.4673913043478261,0.09782608695652174,0.06521739130434782,0.18478260869565216,0.18478260869565216,0.31956521739130433,0.0021981138764801816,0.9970473350939665,52,0.37037037037037035,0.532608695652174
,Cafe,Boston,False,False,42.353176,Jazzman's Cafe,-71.059229,1.0,722513,0.01611238177,0.001112903801,2111.0,1906.0,2751.0,MA,1 Lincoln St,Limited-Service Restaurants,Restaurants and Other Eating Places,41,2379,96,216,16,2748.0,15,0.260250569476082,88.54838709677419,137.0,20.40847184884245,0.8657205240174672,0.014919941775836972,0.005822416302765648,0.034934497816593885,0.07860262008733625,0.5254002911208151,0.06499799097118816,0.9074892513076729,66,0.19753086419753085,0.8756671518680252
,Caribbean Food,Boston,False,False,42.333614,Flames Restaurant II,-71.105505,5.0,722511,0.0004773909929,3.325886544e-05,2115.0,60.0,81.0,MA,746 Huntington Ave,Full-Service Restaurants,Restaurants and Other Eating Places,15,66,0,0,0,81.0,12,0.26285714285714284,2.5806451612903225,5.0,1.6416787935483188,0.8148148148148148,0.18518518518518517,0.0,0.0,0.0,0.5629629629629629,0.0018908506464345649,0.9933012491791848,75,0.0864197530864198,0.9382716049382716
,Pizza,Boston,False,False,42.348498,Cafe 472,-71.093667,3.0,722511,0.0006334876568,4.415432297e-05,2215.0,90.0,108.0,MA,472 Commonwealth Ave,Full-Service Restaurants,Restaurants and Other Eating Places,4,90,4,9,0,107.0,8,0.3259668508287293,3.4516129032258065,5.0,1.4775461278191984,0.8411214953271028,0.037383177570093455,0.0,0.037383177570093455,0.08411214953271028,0.519626168224299,0.00252901273960623,0.9940517531102878,74,0.09876543209876543,0.866043613707165
,"Bar or Pub,French Food,Late Night,Wine Bar",Boston,True,False,42.349644,La Voile,-71.083282,14.0,722511,0.001066296421,7.351587445e-05,2116.0,159.0,181.0,MA,261 Newbury St,Full-Service Restaurants,Restaurants and Other Eating Places,21,123,10,7,18,179.0,9,0.2558139534883721,5.774193548387097,12.0,1.9295608295146043,0.6871508379888268,0.11731843575418995,0.1005586592178771,0.055865921787709494,0.03910614525139665,0.4592178770949721,0.0042544139544777706,0.9919848957359089,81,0.012345679012345734,0.7653631284916201
,,Boston,True,False,42.35843,Sumner Tunnel,-71.056672,1.0,722511,0.01541759128,0.001059236008,2108.0,1812.0,2638.0,MA,Boston Pl Ste,Full-Service Restaurants,Restaurants and Other Eating Places,62,2129,102,301,41,2635.0,18,0.36949006050129646,84.06451612903226,150.0,27.537581925693043,0.8079696394686907,0.023529411764705882,0.01555977229601518,0.03870967741935484,0.11423149905123339,0.4941935483870967,0.06232716443309934,0.8748910776645795,31,0.6296296296296297,0.8236559139784946
B.GOOD,"Breakfast,Catering,Counter Service,Dinner,Lunch,Salad,Sandwich Shop",Boston,False,,42.357945,B.GOOD,-71.058096,3.0,722513,0.0424054887,0.002938576188,2108.0,4432.0,7230.0,MA,255 Washington St,Limited-Service Restaurants,Restaurants and Other Eating Places,367,5419,513,567,363,7229.0,13,0.2771905561592413,231.29032258064515,291.0,22.99255636685574,0.749619587771476,0.05076774104302117,0.05021441416516807,0.07096417208465901,0.07843408493567575,0.470078849080094,0.17086199153844336,0.8956734096502188,31,0.6296296296296297,0.7834647484668233
,"Latin American Food,Peruvian Food",Boston,False,False,42.379121,Pollos A La Brasa Betos,-71.02839,34.0,722511,0.0006950393384,4.870173855e-05,2128.0,44.0,118.0,MA,294 Bennington St,Full-Service Restaurants,Restaurants and Other Eating Places,9,80,10,13,3,115.0,12,0.21014492753623187,3.838709677419355,6.0,0.766086586260511,0.6956521739130435,0.0782608695652174,0.02608695652173913,0.08695652173913043,0.11304347826086956,0.44869565217391305,0.002765369070410551,0.9973049335810277,52,0.37037037037037035,0.7478260869565218
,"Bar or Pub,Burgers,Late Night",Boston,False,False,42.386894,Renegade's Pub,-71.006821,44.0,722511,0.0005384830471,3.692433443e-05,2128.0,61.0,92.0,MA,1004 Bennington St,Full-Service Restaurants,Restaurants and Other Eating Places,6,52,16,1,14,89.0,16,0.3011049723756906,2.935483870967742,5.0,1.0756988387440687,0.5842696629213483,0.06741573033707865,0.15730337078651685,0.1797752808988764,0.011235955056179775,0.3775280898876405,0.0021508426103193173,0.9958892177539904,52,0.37037037037037035,0.6292134831460675
,"Greek Food,Mediterranean Food,Salad",Boston,False,False,42.341273,Gyroscope,-71.087356,7.0,722511,0.0005625240565,4.019385718e-05,2115.0,84.0,96.0,MA,305 Huntington Ave,Full-Service Restaurants,Restaurants and Other Eating Places,0,96,0,0,0,96.0,14,0.24376731301939059,3.064516129032258,6.0,2.4486399631417224,1.0,0.0,0.0,0.0,0.0,0.6,0.0022453851426410456,0.9896113832567807,75,0.0864197530864198,1.0
,"Bar or Pub,Cocktail Lounge,Late Night,Mexican Food",Boston,False,False,42.354837,Fajitas & 'Ritas,-71.062324,1.0,722511,0.0008512800245,5.859263053e-05,2111.0,107.0,145.0,MA,25 West St,Full-Service Restaurants,Restaurants and Other Eating Places,6,124,3,3,6,142.0,19,0.5096153846153846,4.645161290322581,8.0,1.4711940969021133,0.8732394366197183,0.04225352112676056,0.04225352112676056,0.02112676056338028,0.02112676056338028,0.5408450704225352,0.0034035311635822164,0.9940807980548305,66,0.19753086419753085,0.9014084507042253
,"Brunch,Korean Food,Salad",Boston,False,False,42.364226,Bonne Chance Cafe,-71.05952,1.0,722511,0.002525937967,0.0001731224921,2114.0,339.0,432.0,MA,77 Canal St,Full-Service Restaurants,Restaurants and Other Eating Places,11,395,7,8,8,429.0,17,0.38306451612903225,13.806451612903226,31.0,7.141064142434821,0.9207459207459208,0.02564102564102564,0.018648018648018648,0.016317016317016316,0.018648018648018648,0.5627039627039626,0.010186957857666218,0.9681550645080567,52,0.37037037037037035,0.9378399378399377
,Japanese Food,Boston,True,False,42.350771,Samurai Express,-71.07185,6.0,722511,0.007873628474,0.0005391324284,2116.0,956.0,1344.0,MA,31 Saint James Ave,Full-Service Restaurants,Restaurants and Other Eating Places,31,989,145,134,44,1343.0,19,0.437403400309119,43.03225806451613,146.0,21.645954506882987,0.7364110201042442,0.02308265078183172,0.03276247207743857,0.10796723752792256,0.09977661950856292,0.4510796723752792,0.03174265522702026,0.9018308066866378,81,0.012345679012345734,0.7517994539587987
B.GOOD,"Breakfast,Catering,Counter Service,Dinner,Lunch,Salad,Sandwich Shop",Boston,True,False,42.35386,B.GOOD,-71.058023,1.0,722513,0.00053676625,3.754081859e-05,2110.0,86.0,93.0,MA,84 Summer St,Limited-Service Restaurants,Restaurants and Other Eating Places,0,85,3,0,3,91.0,16,0.24054054054054055,2.967741935483871,5.0,1.6940859361936624,0.9340659340659341,0.0,0.03296703296703297,0.03296703296703297,0.0,0.5604395604395604,0.0021744782433997497,0.9930616151831215,46,0.4444444444444444,0.9340659340659341
,Japanese Food,Boston,True,False,42.338198,Sakura,-71.106917,32.0,722511,0.01076632801,0.0007479816442,2115.0,935.0,1862.0,MA,350 Longwood Ave,Full-Service Restaurants,Restaurants and Other Eating Places,155,1137,140,338,89,1859.0,10,0.2656759695541863,58.483870967741936,105.0,26.028360422929666,0.6116191500806886,0.08337816030123722,0.047875201721355565,0.07530930607853685,0.18181818181818182,0.400322754168908,0.04398591316268406,0.8817920602672643,75,0.0864197530864198,0.6672045902815134
,"Hawaiian Food,Japanese Food,Sushi",Boston,False,False,42.343122,Sushi Kappo,-71.098903,13.0,722513,0.0003124548118,2.176594989e-05,2215.0,45.0,53.0,MA,86 Peterborough St,Limited-Service Restaurants,Restaurants and Other Eating Places,7,45,0,0,0,52.0,15,0.16783216783216784,1.6774193548387097,4.0,1.6922421998198713,0.8653846153846154,0.1346153846153846,0.0,0.0,0.0,0.5730769230769232,0.0012290529201824671,0.9930700457498847,74,0.09876543209876543,0.9551282051282053
,"Dessert,Pizza,Salad",Boston,False,False,42.350294,8 Pizzas,-71.16706,10.0,722511,6.278212718e-06,4.393250386e-07,2135.0,1.0,1.0,MA,600 Washington St,Full-Service Restaurants,Restaurants and Other Eating Places,0,0,0,0,0,,10,0.0,0.03225806451612903,1.0,0.17668469596940847,,,,,,0.0,0.0,1.0,8,0.9135802469135803,0.0
,Seafood,Boston,False,False,42.349985,Beau's Seafood,-71.038492,87.0,722511,0.002004854524,0.0001397531846,2210.0,150.0,341.0,MA,9 Fish Pier St E,Full-Service Restaurants,Restaurants and Other Eating Places,2,139,141,27,30,339.0,18,0.3573717948717949,11.096774193548388,16.0,2.4803074563536884,0.41002949852507375,0.0058997050147492625,0.08849557522123894,0.415929203539823,0.07964601769911504,0.24837758112094394,0.0080361152473469,0.9894665822323278,82,0.0,0.4139626352015732
,"Bar or Pub,Brunch,Gay Bar,Late Night,Sports Bar",Boston,True,False,42.346969,Fritz Lounge,-71.070547,73.0,722511,0.001101634196,7.677833017e-05,2116.0,160.0,187.0,MA,26 Chandler St,Full-Service Restaurants,Restaurants and Other Eating Places,0,133,13,40,0,186.0,15,0.2703488372093023,5.967741935483871,8.0,1.9089580161952895,0.7150537634408602,0.0,0.0,0.06989247311827956,0.21505376344086022,0.4290322580645161,0.004396227752960363,0.9920791030182876,81,0.012345679012345734,0.7150537634408602
,"Asian Food,Vietnamese Food",Boston,True,False,42.354501,Kutzu,-71.055319,43.0,722511,0.007971295738,0.0005445527386,2110.0,678.0,1377.0,MA,100 High St,Full-Service Restaurants,Restaurants and Other Eating Places,79,805,172,259,60,1375.0,14,0.21787322480083132,43.03225806451613,75.0,22.620977804609346,0.5854545454545454,0.05745454545454545,0.04363636363636364,0.12509090909090909,0.18836363636363637,0.3742545454545454,0.03252263111867451,0.8973724691911131,46,0.4444444444444444,0.6237575757575757
Sal's Pizza,"Counter Service,Dinner,Lunch,Pizza",Boston,False,False,42.347334,Sal's Pizza,-71.098692,20.0,722513,0.0007427504439,5.14693696e-05,2215.0,92.0,127.0,MA,51 Brookline Ave,Limited-Service Restaurants,Restaurants and Other Eating Places,3,110,4,3,3,123.0,15,0.2556818181818182,4.0,6.0,0.915810939779251,0.8943089430894309,0.024390243902439025,0.024390243902439025,0.032520325203252036,0.024390243902439025,0.5463414634146341,0.0029780897681344395,0.9966203122998313,74,0.09876543209876543,0.9105691056910569
,Cafe,Boston,False,False,42.335597,Sebastian's Cafe,-71.101799,326.0,722513,0.001800114189,0.0001252506128,2115.0,98.0,308.0,MA,677 Huntington Ave,Limited-Service Restaurants,Restaurants and Other Eating Places,13,122,30,126,13,304.0,11,0.257825370675453,9.67741935483871,20.0,3.156019305454196,0.40131578947368424,0.04276315789473684,0.04276315789473684,0.09868421052631579,0.4144736842105263,0.2578947368421053,0.007256139355692642,0.9863768596789898,75,0.0864197530864198,0.42982456140350883
Starbucks,"Bakery,Coffee Shop,Counter Service,Dessert,Snacks,Tea House",Boston,False,False,42.348496,Starbucks,-71.134099,1.0,722515,1.158500895e-05,8.285613865e-07,2134.0,2.0,2.0,MA,1304 Commonwealth Ave,Snack and Nonalcoholic Beverage Bars,Restaurants and Other Eating Places,0,1,0,0,0,1.0,11,0.0,0.06451612903225806,1.0,0.24567010018915833,1.0,0.0,0.0,0.0,0.0,0.6,2.3635633080432058e-05,0.9996845611638265,23,0.7283950617283951,1.0
,Smoothie & Juice Bar,Boston,False,False,42.337193,Bamboo Beach Juice Bar,-71.035749,1.0,722515,1.172188652e-05,8.571922069e-07,2127.0,2.0,2.0,MA,687 E 2nd St,Snack and Nonalcoholic Beverage Bars,Restaurants and Other Eating Places,0,2,0,0,0,2.0,11,0.0,0.06451612903225806,2.0,0.35336939193881695,1.0,0.0,0.0,0.0,0.0,0.6,2.3635633080432058e-05,0.9991921013510522,38,0.5432098765432098,1.0
,Seafood,Boston,False,False,42.330586,Pacific Seafood,-71.067237,1.0,722511,5.429589089e-06,3.697798183e-07,2118.0,1.0,1.0,MA,120 Newmarket Sq,Full-Service Restaurants,Restaurants and Other Eating Places,0,1,0,0,0,1.0,11,0.0,0.03225806451612903,1.0,0.17668469596940847,1.0,0.0,0.0,0.0,0.0,0.6,0.0,1.0,44,0.4691358024691358,1.0
,"Italian Food,Pizza,Salad",Boston,False,False,42.339407,Pizzeria 260,-71.051374,4.0,722511,0.000300170495,2.072903335e-05,2127.0,50.0,50.0,MA,260 W Broadway,Full-Service Restaurants,Restaurants and Other Eating Places,16,33,0,0,0,49.0,16,0.0,1.7096774193548387,5.0,1.9376332151846716,0.673469387755102,0.32653061224489793,0.0,0.0,0.0,0.5346938775510204,0.001158146020941171,0.9919479843925644,38,0.5432098765432098,0.891156462585034
,Seafood,Boston,False,False,42.364648,Sullivan's Castle Island,-71.062465,14.0,722511,0.001647872245,0.0001144361274,2114.0,255.0,282.0,MA,80 Causeway St,Full-Service Restaurants,Restaurants and Other Eating Places,6,222,25,4,22,279.0,17,0.34793187347931875,9.0,17.0,2.3000701251581788,0.7956989247311828,0.021505376344086023,0.07885304659498207,0.08960573476702509,0.014336917562724014,0.48602150537634403,0.006641612895601409,0.9902907254642239,52,0.37037037037037035,0.8100358422939068
,"Mexican Food,Truck or Cart",Boston,False,False,42.348087,Naco Taco on Newbury,-71.087379,5.0,722511,0.01758080238,0.001221025156,2115.0,2360.0,2971.0,MA,354 Newbury St,Full-Service Restaurants,Restaurants and Other Eating Places,226,2373,120,86,163,2968.0,16,0.30187590187590185,98.09677419354838,168.0,36.13090432937832,0.7995283018867925,0.0761455525606469,0.05491913746630728,0.04043126684636118,0.028975741239892182,0.5101752021563342,0.07019783024888322,0.8355977278822503,75,0.0864197530864198,0.8502920035938903
Dunkin',"Coffee Shop,Counter Service,Dessert,Donut Shop,Snacks",Boston,False,False,42.360979,Dunkin',-71.068496,347.0,722515,0.003557726078,0.0002457656042,2114.0,297.0,606.0,MA,296 Cambridge St,Snack and Nonalcoholic Beverage Bars,Restaurants and Other Eating Places,40,310,42,200,10,602.0,17,0.4226961157654227,19.419354838709676,35.0,6.2773232098197,0.5149501661129569,0.0664451827242525,0.016611295681063124,0.06976744186046512,0.33222591362126247,0.3355481727574751,0.014299558013661395,0.9721045584281273,52,0.37037037037037035,0.5592469545957919
Regina Pizzeria,"Casual Dining,Catering,Dinner,Drinks,Italian Food,Late Night,Lunch,Pizza,Wine Bar",Boston,False,False,42.351841,Regina Pizzeria,-71.055581,53.0,722511,0.0005599851737,3.897710117e-05,2111.0,78.0,95.0,MA,700 Atlantic Ave,Full-Service Restaurants,Restaurants and Other Eating Places,1,78,6,6,3,94.0,10,0.12337662337662338,3.064516129032258,4.0,0.9135356295810513,0.8297872340425532,0.010638297872340425,0.031914893617021274,0.06382978723404255,0.06382978723404255,0.502127659574468,0.0022217495095606136,0.9966307162571462,66,0.19753086419753085,0.8368794326241135
,"American Food,Burgers,Pizza",Boston,False,False,42.349559,University Grill & Pizza,-71.105578,3.0,722511,0.0005480008842,3.803553843e-05,2215.0,93.0,93.0,MA,712 Commonwealth Ave Ste 2,Full-Service Restaurants,Restaurants and Other Eating Places,3,89,0,0,0,92.0,19,0.34210526315789475,2.967741935483871,5.0,1.3315978993903415,0.967391304347826,0.03260869565217391,0.0,0.0,0.0,0.5934782608695652,0.0021744782433997497,0.9947191078911706,74,0.09876543209876543,0.9891304347826088
Chipotle Mexican Grill,"Catering,Counter Service,Dinner,Lunch,Mexican Food",Boston,False,False,42.350625,Chipotle Mexican Grill,-71.076238,29.0,722513,1.731195793e-05,1.166447638e-06,2116.0,3.0,3.0,MA,553 Boylston St,Limited-Service Restaurants,Restaurants and Other Eating Places,0,2,0,0,0,2.0,13,0.0,0.0967741935483871,1.0,0.29565004483586066,1.0,0.0,0.0,0.0,0.0,0.6,4.7271266160864116e-05,0.9994560256388167,81,0.012345679012345734,1.0
,Truck or Cart,Boston,False,False,42.309037,Tony's Chimi Truck,-71.073565,7.0,722515,6.877542758e-05,4.667943785e-06,2121.0,12.0,12.0,MA,301 Columbia Rd,Snack and Nonalcoholic Beverage Bars,Restaurants and Other Eating Places,0,12,0,0,0,12.0,0,0.25,0.3870967741935484,3.0,1.0057069205238642,1.0,0.0,0.0,0.0,0.0,0.6,0.00025999196388475267,0.9962092589203015,9,0.9012345679012346,1.0
,Italian Food,Boston,False,False,42.363517,Forcella,-71.053854,1.0,722511,0.0006279520275,4.338806905e-05,2113.0,103.0,107.0,MA,33 North Sq,Full-Service Restaurants,Restaurants and Other Eating Places,0,107,0,0,0,107.0,9,0.32642487046632124,3.4516129032258065,5.0,0.6137515351754983,1.0,0.0,0.0,0.0,0.0,0.6,0.002505377106525798,0.9980014923932312,40,0.5185185185185186,1.0
,Italian Food,Boston,False,False,42.352929,Baruffis Italian Eatery,-71.039869,26.0,722511,1.777269177e-05,1.122575592e-06,2210.0,2.0,3.0,MA,Commonwealth Pier,Full-Service Restaurants,Restaurants and Other Eating Places,0,1,0,0,0,1.0,6,0.0,0.0967741935483871,1.0,0.29565004483586066,1.0,0.0,0.0,0.0,0.0,0.6,4.7271266160864116e-05,0.9994560256388167,82,0.0,1.0
,Vietnamese Food,Boston,False,False,42.377289,Saigon Hut,-71.038984,1.0,722511,0.000410355097,2.813937635e-05,2128.0,61.0,72.0,MA,305 Meridian St,Full-Service Restaurants,Restaurants and Other Eating Places,0,72,0,0,0,72.0,7,0.24113475177304963,2.193548387096774,5.0,1.7118063434092383,1.0,0.0,0.0,0.0,0.0,0.6,0.0016781299487106762,0.9929805878311502,52,0.37037037037037035,1.0
,Seafood,Boston,False,False,42.365418,il Molo,-71.051332,114.0,722511,0.0004013710223,2.807289955e-05,2109.0,67.0,67.0,MA,326 Commercial St,Full-Service Restaurants,Restaurants and Other Eating Places,0,56,10,0,0,66.0,14,0.2511961722488038,2.193548387096774,5.0,1.6928570017292808,0.8484848484848485,0.0,0.0,0.15151515151515152,0.0,0.509090909090909,0.0015599517833085159,0.993067234540746,47,0.4320987654320988,0.8484848484848484
,"Seafood,Thai Food,Vietnamese Food",Boston,False,False,42.345776,Pho Basil,-71.08735,1.0,722511,0.000618265883,4.207653233e-05,2115.0,95.0,105.0,MA,177 Massachusetts Ave Ste A,Full-Service Restaurants,Restaurants and Other Eating Places,0,105,0,0,0,105.0,15,0.078125,3.4516129032258065,7.0,2.211971966185002,1.0,0.0,0.0,0.0,0.0,0.6,0.0024581058403649342,0.9906935582235566,75,0.0864197530864198,1.0
,"American Food,French Food,Italian Food",Boston,False,False,42.338184,Lunch,-71.095249,3.0,722511,0.001102848447,7.665287959e-05,2115.0,131.0,187.0,MA,Fine,Full-Service Restaurants,Restaurants and Other Eating Places,13,164,1,5,2,185.0,12,0.2413793103448276,6.096774193548387,10.0,1.672449212492351,0.8864864864864865,0.07027027027027027,0.010810810810810811,0.005405405405405406,0.02702702702702703,0.56,0.004396227752960363,0.9931605500668138,75,0.0864197530864198,0.9333333333333335
,"Chinese Food,Halal Food,Indian Food",Boston,False,False,42.343839,Mumbai Spice,-71.086447,1.0,722511,0.0001949367199,1.302822905e-05,2115.0,33.0,33.0,MA,251 Massachusetts Ave,Full-Service Restaurants,Restaurants and Other Eating Places,0,27,5,0,0,32.0,12,0.20689655172413793,1.064516129032258,5.0,1.7026636413415033,0.84375,0.0,0.0,0.15625,0.0,0.50625,0.0007563402585738259,0.9930223932439377,75,0.0864197530864198,0.84375
Pink Taco,"Brunch,Casual Dining,Catering,Dinner,Drinks,Lunch,Mexican Food,Truck or Cart",Boston,False,False,42.35013,Pink Taco,-71.047334,1.0,722511,4.227986688e-05,2.872676545e-06,2210.0,7.0,7.0,MA,374 Congress St,Full-Service Restaurants,Restaurants and Other Eating Places,0,7,0,0,0,7.0,8,0.14285714285714285,0.22580645161290322,2.0,0.489217770583971,1.0,0.0,0.0,0.0,0.0,0.6,0.00014181379848259235,0.9985709285835581,82,0.0,1.0
,"Asian Food,Seafood",Boston,False,False,42.335778,Pan Asia Restaurant,-71.036375,1.0,722511,0.0005771590854,4.001720507e-05,2127.0,92.0,98.0,MA,414 W Broadway,Full-Service Restaurants,Restaurants and Other Eating Places,11,86,0,0,0,97.0,14,0.22119815668202766,3.129032258064516,5.0,1.3378349260211435,0.8865979381443299,0.1134020618556701,0.0,0.0,0.0,0.5773195876288659,0.0022926564088019095,0.9946905888088537,38,0.5432098765432098,0.9621993127147765
,"Mediterranean Food,Moroccan Food",Boston,False,False,42.36207,Mo'Rockin Fusion,-71.057054,8.0,722513,0.01573304295,0.001080360629,2108.0,1848.0,2685.0,MA,100 Hanover St,Limited-Service Restaurants,Restaurants and Other Eating Places,244,1985,211,100,143,2683.0,13,0.2194758784991066,85.58064516129032,126.0,29.20867546063005,0.7398434588147595,0.09094297428251957,0.05329854640327991,0.07864330972791651,0.03727171077152441,0.4802832650018636,0.06343803918787964,0.8672499279785035,31,0.6296296296296297,0.8004721083364393
,Chinese Food,Boston,False,False,42.350708,Ding Ho Restaurant,-71.061325,4.0,722511,0.0004118499552,2.853334326e-05,2111.0,69.0,69.0,MA,88 Harrison Ave,Full-Service Restaurants,Restaurants and Other Eating Places,0,65,0,0,3,68.0,15,0.12941176470588237,2.3225806451612905,5.0,1.6922421998198713,0.9558823529411765,0.0,0.04411764705882353,0.0,0.0,0.5735294117647058,0.00160722304946938,0.9930700457498847,66,0.19753086419753085,0.9558823529411764
Domino's Pizza,"Counter Service,Dinner,Lunch,Pizza,Sandwich Shop",Boston,True,False,42.362893,Domino's Pizza,-71.064162,4.0,722513,2.349041683e-05,1.575607377e-06,2114.0,4.0,4.0,MA,64 Staniford St,Limited-Service Restaurants,Restaurants and Other Eating Places,0,3,0,0,0,3.0,14,0.0,0.12903225806451613,1.0,0.3352356401746214,1.0,0.0,0.0,0.0,0.0,0.6,7.090689924129617e-05,0.9992750187393991,52,0.37037037037037035,1.0
,"Bakery,Cafe,Italian Food",Boston,True,False,42.353264,Caffe Strega,-71.045269,9.0,722513,0.004573761728,0.0003166294161,2210.0,495.0,781.0,MA,1 Marina Park Dr,Limited-Service Restaurants,Restaurants and Other Eating Places,28,562,78,83,28,779.0,9,0.2447833065810594,24.774193548387096,31.0,3.179670072348802,0.7214377406931964,0.03594351732991014,0.03594351732991014,0.10012836970474968,0.10654685494223363,0.4472400513478819,0.018435793802737008,0.9862687154930099,82,0.0,0.7454000855798032
Dunkin',"Coffee Shop,Counter Service,Dessert,Donut Shop,Snacks",Boston,False,False,42.341018,Dunkin',-71.081669,32.0,722515,0.001845623339,0.0001286374928,2118.0,205.0,314.0,MA,434 Massachusetts Ave,Snack and Nonalcoholic Beverage Bars,Restaurants and Other Eating Places,38,186,34,27,27,312.0,12,0.08150470219435736,10.161290322580646,15.0,2.201125433449288,0.5961538461538461,0.12179487179487179,0.08653846153846154,0.10897435897435898,0.08653846153846154,0.4064102564102564,0.007397953154175235,0.9907431544780306,44,0.4691358024691358,0.6773504273504274
,"Japanese Food,Sushi",Boston,False,False,42.361008,Fins Sushi and Grill,-71.066688,6.0,722513,0.001504804312,0.000106039301,2114.0,175.0,256.0,MA,240 Cambridge St,Limited-Service Restaurants,Restaurants and Other Eating Places,21,197,14,8,13,253.0,11,0.16753926701570682,8.161290322580646,15.0,2.0176123575628244,0.7786561264822134,0.08300395256916997,0.05138339920948617,0.05533596837944664,0.03162055335968379,0.500395256916996,0.006027086435510175,0.9915822761985593,52,0.37037037037037035,0.8339920948616601
,Cafe,Boston,True,False,42.35009,Food 4 Thought,-71.062297,1.0,722513,0.02183838623,0.001515138167,2111.0,2548.0,3721.0,MA,145 Harrison Ave,Limited-Service Restaurants,Restaurants and Other Eating Places,93,3110,146,288,81,3718.0,10,0.24433626661673843,120.06451612903226,204.0,19.896401820706934,0.8364712210866057,0.025013448090371166,0.021785906401291015,0.0392684238838085,0.07746100053792361,0.5118881118881118,0.08792455505920727,0.9098307143394738,66,0.19753086419753085,0.853146853146853
,Bubble Tea Shop,Boston,True,False,42.348504,Cha Kung Fong,-71.062678,7.0,722515,0.004147823667,0.0002883560743,2111.0,470.0,709.0,MA,197 Harrison Ave,Snack and Nonalcoholic Beverage Bars,Restaurants and Other Eating Places,40,528,64,37,37,706.0,12,0.2722222222222222,22.580645161290324,41.0,10.667327849782,0.7478753541076487,0.056657223796033995,0.05240793201133145,0.0906515580736544,0.05240793201133145,0.47138810198300285,0.0167340282209459,0.9520310665048973,66,0.19753086419753085,0.7856468366383381
,Caribbean Food,Boston,False,False,42.282926,Caribbean Flavors,-71.091392,7.0,722511,0.0001634143257,1.109950641e-05,2126.0,19.0,29.0,MA,1210 Blue Hill Ave,Full-Service Restaurants,Restaurants and Other Eating Places,0,29,0,0,0,29.0,16,0.23529411764705882,0.9354838709677419,5.0,1.6251150603625804,1.0,0.0,0.0,0.0,0.0,0.6,0.0006617977262520976,0.9933769875875902,2,0.9876543209876543,1.0
,"Spanish Food,Tapas",Boston,False,False,42.33824,Estragon,-71.070634,74.0,722511,0.0003624584993,2.435411195e-05,2118.0,62.0,62.0,MA,700 Harrison Ave,Full-Service Restaurants,Restaurants and Other Eating Places,0,55,6,0,0,61.0,21,0.5,2.0,7.0,2.3000701251581788,0.9016393442622951,0.0,0.0,0.09836065573770492,0.0,0.540983606557377,0.0014417736179063556,0.9902907254642239,44,0.4691358024691358,0.901639344262295
,"Noodles,Soup,Thai Food",Boston,False,False,42.352743,Thai Dish,-71.121441,695.0,722511,0.001527412978,0.0001060420408,2215.0,99.0,260.0,MA,270 Babcock St,Full-Service Restaurants,Restaurants and Other Eating Places,4,96,21,133,4,258.0,10,0.23801652892561984,8.35483870967742,15.0,2.008825480895518,0.37209302325581395,0.015503875968992248,0.015503875968992248,0.08139534883720931,0.5155038759689923,0.22945736434108527,0.006121628967831904,0.9916224545838407,74,0.09876543209876543,0.3824289405684755
,"Bar or Pub,Late Night,Salad,Sandwich Shop",Boston,False,False,42.3474,The Lansdowne Pub,-71.095095,20.0,722511,0.003071233004,0.0002077057293,2215.0,454.0,522.0,MA,9 Lansdowne St,Full-Service Restaurants,Restaurants and Other Eating Places,36,354,77,23,29,519.0,18,0.4539544962080173,16.774193548387096,66.0,11.83954466599214,0.6820809248554913,0.06936416184971098,0.055876685934489405,0.14836223506743737,0.04431599229287091,0.43699421965317914,0.012314164834905102,0.9466710528551918,74,0.09876543209876543,0.7283236994219653
Krispy Krunchy Chicken,"Counter Service,Dinner,Drive Through,Fast Food,Fried Chicken,Lunch",Boston,True,False,42.333579,Krispy Krunchy Chicken,-71.103571,4.0,722513,0.001205173383,8.527819924e-05,2120.0,192.0,206.0,MA,1600 Tremont St,Limited-Service Restaurants,Restaurants and Other Eating Places,13,178,0,0,13,204.0,15,0.3253731343283582,6.548387096774194,11.0,4.2792726973047674,0.8725490196078431,0.06372549019607843,0.06372549019607843,0.0,0.0,0.5490196078431373,0.004845304781488573,0.9812407334699645,8,0.9135802469135803,0.9150326797385622
,Bubble Tea Shop,Boston,False,False,42.349271,Cha Feo,-71.082897,261.0,722515,3.092830994e-05,2.357476458e-06,2116.0,5.0,5.0,MA,248 Newbury St,Snack and Nonalcoholic Beverage Bars,Restaurants and Other Eating Places,0,4,0,0,0,4.0,14,0.4,0.16129032258064516,2.0,0.44698085356616185,1.0,0.0,0.0,0.0,0.0,0.6,9.454253232172823e-05,0.9987640587695494,81,0.012345679012345734,1.0
Starbucks,"Bakery,Coffee Shop,Counter Service,Dessert,Snacks,Tea House",Boston,False,False,42.355924,Starbucks,-71.052743,5.0,722515,0.01384751825,0.0009537021873,2110.0,1475.0,2383.0,MA,1 International Pl,Snack and Nonalcoholic Beverage Bars,Restaurants and Other Eating Places,76,1792,183,277,52,2380.0,16,0.2769620253164557,75.25806451612904,159.0,28.545343377019776,0.7529411764705882,0.031932773109243695,0.021848739495798318,0.07689075630252101,0.11638655462184874,0.46453781512605036,0.05630007799758917,0.8702830435022457,46,0.4444444444444444,0.7742296918767506
,Chinese Food,Boston,False,False,42.352848,Souper Bowl,-71.125301,25.0,722511,0.0122298569,0.0008501777898,2134.0,929.0,2087.0,MA,1 Brighton Ave # SUPER88,Full-Service Restaurants,Restaurants and Other Eating Places,291,1011,205,372,205,2084.0,13,0.20066975785677485,67.0,101.0,12.32621125370516,0.4851247600767754,0.13963531669865642,0.09836852207293666,0.09836852207293666,0.1785028790786948,0.34692898272552786,0.049303930605781275,0.9444457481872116,23,0.7283950617283951,0.5782149712092132
,Coffee Shop,Boston,True,False,42.350071,APM coffee,-71.060123,97.0,722515,0.01372069562,0.0009521986699,2111.0,948.0,2341.0,MA,99 Kneeland St,Snack and Nonalcoholic Beverage Bars,Restaurants and Other Eating Places,199,1204,292,498,145,2338.0,13,0.23237148862984902,74.74193548387096,88.0,7.029742077292525,0.5149700598802395,0.08511548331907613,0.062018819503849444,0.12489307100085544,0.21300256629597947,0.34302822925577414,0.055307381408211016,0.9686640896136726,66,0.19753086419753085,0.5717137154262902
,Truck or Cart,Boston,False,,42.353663,Sate Grill on Wheels,-71.053655,1.0,722515,0.02785984226,0.001928944607,2210.0,3097.0,4750.0,MA,Congress St @ Atlantic Ave,Snack and Nonalcoholic Beverage Bars,Restaurants and Other Eating Places,30,4407,110,159,42,4748.0,18,0.30604395604395607,151.83870967741936,201.0,16.469124140280528,0.9281802864363943,0.006318449873631003,0.008845829823083403,0.02316764953664701,0.03348778433024431,0.5594355518112889,0.11224562149897185,0.9255020943217274,82,0.0,0.9323925863521482
,"Bar or Pub,Cocktail Lounge,Late Night,Mexican Food,Salad",Boston,False,False,42.347189,Loco Taqueria & Oyster Bar Fenway,-71.099084,72.0,722511,0.002718599177,0.0001845191607,2215.0,300.0,465.0,MA,61 Brookline Ave,Full-Service Restaurants,Restaurants and Other Eating Places,14,357,31,49,12,463.0,22,0.2942430703624733,14.903225806451612,41.0,7.18131463708097,0.7710583153347732,0.03023758099352052,0.02591792656587473,0.06695464362850972,0.10583153347732181,0.4747300215982721,0.010966933749320475,0.9679710173269146,74,0.09876543209876543,0.7912167026637869
,"Gelato Shop,Italian Food,Sandwich Shop",Boston,False,False,42.36604,Table Caffe,-71.052978,2.0,722511,0.002372311609,0.0001643720198,2113.0,262.0,403.0,MA,396 Hanover St,Full-Service Restaurants,Restaurants and Other Eating Places,17,328,15,30,10,400.0,16,0.2551369863013699,12.903225806451612,32.0,4.129788237245987,0.82,0.0425,0.025,0.0375,0.075,0.5089999999999999,0.009501524498333688,0.9819242578276208,40,0.5185185185185186,0.8483333333333332
The Halal Guys,"Catering,Counter Service,Dinner,Halal Food,Lunch",Boston,False,False,42.351325,The Halal Guys,-71.065819,1.0,722513,0.0002899991459,2.031276524e-05,2116.0,49.0,49.0,MA,137 Stuart St,Limited-Service Restaurants,Restaurants and Other Eating Places,0,49,0,0,0,49.0,0,0.23734177215189872,1.6451612903225807,3.0,0.9349275320122219,1.0,0.0,0.0,0.0,0.0,0.6,0.0011345103878607388,0.9965329008296258,81,0.012345679012345734,1.0
Starbucks,"Bakery,Coffee Shop,Counter Service,Dessert,Snacks,Tea House",Boston,True,False,42.348503,Starbucks,-71.076316,1.0,722515,1.165649669e-05,8.312138625e-07,2116.0,2.0,2.0,MA,185 Dartmouth St,Snack and Nonalcoholic Beverage Bars,Restaurants and Other Eating Places,0,2,0,0,0,2.0,11,0.5,0.06451612903225806,1.0,0.2456701001891583,1.0,0.0,0.0,0.0,0.0,0.6,2.3635633080432058e-05,0.9996845611638265,81,0.012345679012345734,1.0
,Truck or Cart,Boston,False,False,42.350561,Mista Twista,-71.076397,5.0,722515,0.003149358341,0.0002172051127,2116.0,369.0,537.0,MA,560 Boylston St,Snack and Nonalcoholic Beverage Bars,Restaurants and Other Eating Places,38,421,16,24,36,535.0,12,0.41235632183908044,17.225806451612904,37.0,6.057305253186516,0.7869158878504673,0.07102803738317758,0.06728971962616823,0.029906542056074768,0.044859813084112146,0.5005607476635514,0.012668699331111585,0.9731106003432628,81,0.012345679012345734,0.8342679127725857
,"Bar or Pub,Cocktail Lounge,Late Night,Seafood,Tapas",Boston,False,False,42.347315,Bootleg Special,-71.068396,1.0,722511,0.001145833297,7.905687576e-05,2116.0,175.0,196.0,MA,400 Tremont St,Full-Service Restaurants,Restaurants and Other Eating Places,0,196,0,0,0,196.0,19,0.33992094861660077,6.258064516129032,9.0,1.565097996220413,1.0,0.0,0.0,0.0,0.0,0.6,0.004608948450684252,0.9936514182889491,81,0.012345679012345734,1.0
,Korean Food,Boston,True,False,42.352257,Gopchang Story,-71.119688,1.0,722511,0.0001412794013,9.958032851e-06,2215.0,17.0,24.0,MA,973 Commonwealth Ave,Full-Service Restaurants,Restaurants and Other Eating Places,0,23,0,0,0,23.0,18,0.56,0.7741935483870968,3.0,0.7052648744863046,1.0,0.0,0.0,0.0,0.0,0.6,0.0005436195608499374,0.9975830435695554,74,0.09876543209876543,1.0
,Seafood,Boston,False,False,42.350554,Ideal Seafood,-71.038147,87.0,722511,0.002004854524,0.0001397531846,2210.0,150.0,341.0,MA,21 Fish Pier St E,Full-Service Restaurants,Restaurants and Other Eating Places,2,139,141,27,30,339.0,18,0.3573717948717949,11.096774193548388,16.0,2.4803074563536884,0.41002949852507375,0.0058997050147492625,0.08849557522123894,0.415929203539823,0.07964601769911504,0.24837758112094394,0.0080361152473469,0.9894665822323278,82,0.0,0.4139626352015732
,Seafood,Boston,False,False,42.348811,R & P Seafood Shellfish,-71.03129,1.0,722511,0.001298035557,9.047288613e-05,2210.0,221.0,221.0,MA,8 Fid Kennedy Ave,Full-Service Restaurants,Restaurants and Other Eating Places,0,221,0,0,0,221.0,14,0.2517482517482518,7.064516129032258,11.0,3.0153958053036884,1.0,0.0,0.0,0.0,0.0,0.6,0.005199839277695053,0.9870198669024428,82,0.0,1.0
,"Bar or Pub,Italian Food,Late Night,Seafood",Boston,False,False,42.365221,Monica's Trattoria,-71.055259,1.0,722511,0.002748150224,0.0001887073465,2113.0,368.0,469.0,MA,67 Prince St,Full-Service Restaurants,Restaurants and Other Eating Places,10,425,14,10,7,466.0,17,0.4280936454849498,15.193548387096774,37.0,6.432876017813642,0.9120171673819742,0.02145922746781116,0.015021459227467811,0.030042918454935622,0.02145922746781116,0.5557939914163089,0.011061476281642203,0.9713932862790097,40,0.5185185185185186,0.9263233190271816
,"American Food,Bar or Pub,Late Night",Boston,True,False,42.349223,Tamo Bistro & Bar,-71.041527,114.0,722511,0.004232794411,0.0002927889908,2210.0,415.0,722.0,MA,1 Seaport Ln,Full-Service Restaurants,Restaurants and Other Eating Places,24,433,87,144,31,719.0,10,0.18130945719082261,23.93548387096774,38.0,8.987214875448446,0.6022253129346314,0.03337969401947149,0.043115438108484005,0.12100139082058414,0.20027816411682892,0.37468706536856744,0.017041291450991515,0.9597134579797018,82,0.0,0.6244784422809457
Dunkin',"Coffee Shop,Counter Service,Dessert,Donut Shop,Snacks",Boston,False,False,42.329755,Dunkin',-71.057387,2.0,722515,0.0009438222926,6.564962961e-05,2127.0,131.0,161.0,MA,510 Southampton St,Snack and Nonalcoholic Beverage Bars,Restaurants and Other Eating Places,5,153,0,0,1,159.0,8,0.14166666666666666,5.096774193548387,7.0,0.7768770695995029,0.9622641509433962,0.031446540880503145,0.006289308176100629,0.0,0.0,0.589937106918239,0.0037817012928691297,0.997255593614919,38,0.5432098765432098,0.9832285115303984
,"Brunch,Coffee Shop,Smoothie & Juice Bar",Boston,True,False,42.371883,Eagle Hill Cafe,-71.038796,4.0,722515,0.004037485041,0.000285430598,2128.0,597.0,682.0,MA,65 Meridian St,Snack and Nonalcoholic Beverage Bars,Restaurants and Other Eating Places,48,596,0,0,36,680.0,12,0.4043280182232346,22.70967741935484,36.0,11.74237858079237,0.8764705882352941,0.07058823529411765,0.052941176470588235,0.0,0.0,0.5541176470588235,0.016095866127774233,0.947115349111445,52,0.37037037037037035,0.9235294117647058
,"Bar or Pub,Cocktail Lounge,Late Night,Mexican Food,Salad",Boston,False,False,42.297961,Taco Dumbo,-71.06362,34.0,722511,6.56818764e-06,5.504904319e-07,2124.0,1.0,1.0,MA,237 Park St,Full-Service Restaurants,Restaurants and Other Eating Places,0,0,0,0,0,,10,0.0,0.03225806451612903,1.0,0.17668469596940847,,,,,,0.0,0.0,1.0,7,0.9259259259259259,0.0
P.F. Chang's China Bistro,"Asian Food,Casual Dining,Catering,Chinese Food,Dinner,Fusion Food,Lunch",Boston,False,False,42.351954,P.F. Chang's China Bistro,-71.067107,1.0,722511,0.0005471345089,3.860833426e-05,2116.0,89.0,89.0,MA,8 Park Plz Spc D-6,Full-Service Restaurants,Restaurants and Other Eating Places,0,89,0,0,0,89.0,12,0.11612903225806452,3.096774193548387,9.0,3.295694539455765,1.0,0.0,0.0,0.0,0.0,0.6,0.0020799357110780213,0.9857381884447768,81,0.012345679012345734,1.0
,,Boston,False,False,42.350778,Q Vin,-71.075708,17.0,722511,0.001684505011,0.0001139732857,2116.0,159.0,291.0,MA,545 Boylston St,Full-Service Restaurants,Restaurants and Other Eating Places,13,198,6,59,13,289.0,14,0.0654911838790932,9.096774193548388,17.0,5.0949363775170875,0.6851211072664359,0.04498269896193772,0.04498269896193772,0.020761245674740483,0.2041522491349481,0.42906574394463665,0.0068543335933252975,0.9775110749297963,81,0.012345679012345734,0.7151095732410611
,Cafeteria,Boston,True,,42.365599,Villa Fresh Italian Kitchen,-71.009538,1.0,722513,1.154006292e-05,7.293506011e-07,2128.0,2.0,2.0,MA,Boston Logan Int L Airport # E,Limited-Service Restaurants,Restaurants and Other Eating Places,0,2,0,0,0,2.0,12,0.5,0.06451612903225806,1.0,0.24567010018915833,1.0,0.0,0.0,0.0,0.0,0.6,2.3635633080432058e-05,0.9996845611638265,52,0.37037037037037035,1.0
,"Italian Food,Pizza",Boston,False,False,42.377772,Johnny Pomodoro,-71.067017,1.0,722511,6.582671775e-06,5.204454388e-07,2129.0,1.0,1.0,MA,297 Main St,Full-Service Restaurants,Restaurants and Other Eating Places,0,0,0,0,0,,10,0.0,0.06451612903225806,1.0,0.2456701001891583,,,,,,0.0,0.0,0.9996845611638265,8,0.9135802469135803,0.0
,,Boston,False,False,42.387036,Tanning Spa,-71.007414,10.0,722511,0.001510563497,0.0001041943518,2128.0,152.0,257.0,MA,973 Saratoga St,Full-Service Restaurants,Restaurants and Other Eating Places,32,189,9,14,9,253.0,9,0.22863741339491916,8.258064516129032,21.0,3.252470445036767,0.7470355731225297,0.12648221343873517,0.03557312252964427,0.03557312252964427,0.05533596837944664,0.49881422924901186,0.006050722068590607,0.9859358325434436,52,0.37037037037037035,0.8313570487483531
,"Italian Food,Pizza",Boston,True,False,42.364508,Cini's,-71.061304,6.0,722511,0.005722096648,0.0003977861912,2114.0,753.0,978.0,MA,252 Friend St,Full-Service Restaurants,Restaurants and Other Eating Places,62,720,52,112,30,976.0,17,0.3319103521878335,31.322580645161292,78.0,11.626962815284672,0.7377049180327869,0.06352459016393443,0.030737704918032786,0.05327868852459016,0.11475409836065574,0.4680327868852459,0.023092013519582122,0.9476430928444795,52,0.37037037037037035,0.7800546448087432
,Mexican Food,Boston,False,False,42.36026,El Paso Enchiladas,-71.05416,2.0,722511,0.008946584978,0.0006132659531,2109.0,1406.0,1521.0,MA,2135 Faneuil Hall Market Pl,Full-Service Restaurants,Restaurants and Other Eating Places,126,1186,93,13,101,1519.0,14,0.1837160751565762,49.645161290322584,123.0,24.445526521420422,0.7807768268597761,0.08294930875576037,0.06649111257406189,0.061224489795918366,0.008558262014483212,0.5016458196181698,0.03592616228225673,0.8890296388448653,47,0.4320987654320988,0.836076366030283
,"Cafe,Coffee Shop,Healthy Food",Boston,False,False,42.348761,Presse at Sonsie,-71.086166,69.0,722515,0.0008035683294,5.545766983e-05,2115.0,110.0,137.0,MA,327 Newbury St,Snack and Nonalcoholic Beverage Bars,Restaurants and Other Eating Places,0,112,19,0,4,135.0,11,0.11290322580645161,4.354838709677419,8.0,1.4038745256121898,0.8296296296296296,0.0,0.02962962962962963,0.14074074074074075,0.0,0.49777777777777776,0.00321444609893876,0.9943886197956694,75,0.0864197530864198,0.8296296296296296
,"Bubble Tea Shop,Dessert,Smoothie & Juice Bar",Boston,False,False,42.350994,Tsaocaa Boston,-71.060487,11.0,722515,0.0007988142738,5.544315241e-05,2111.0,127.0,136.0,MA,10A Tyler St,Snack and Nonalcoholic Beverage Bars,Restaurants and Other Eating Places,18,93,4,0,18,133.0,13,0.3133047210300429,4.32258064516129,6.0,1.174654287486008,0.6992481203007519,0.13533834586466165,0.13533834586466165,0.03007518796992481,0.0,0.47368421052631576,0.003190810465858328,0.9954367395531706,66,0.19753086419753085,0.7894736842105263
,"Italian Food,Pizza",Boston,False,False,42.357822,Pavia Italian Cuisine Catering & More,-71.0558,1.0,722511,0.001016853226,7.06283429e-05,2109.0,161.0,173.0,MA,82 Water St,Full-Service Restaurants,Restaurants and Other Eating Places,2,165,4,0,0,171.0,9,0.2827586206896552,5.516129032258065,7.0,0.8374680635965915,0.9649122807017544,0.011695906432748537,0.0,0.023391812865497075,0.0,0.583625730994152,0.004065328889834314,0.9969785385937125,47,0.4320987654320988,0.9727095516569201
,Chinese Food,Boston,False,False,42.353113,Dalongyi hotpot,-71.1314,1.0,722511,0.001557551796,0.0001078803928,2134.0,186.0,265.0,MA,137 Brighton Ave,Full-Service Restaurants,Restaurants and Other Eating Places,10,216,25,3,10,264.0,12,0.4541176470588235,8.64516129032258,13.0,1.514412205716839,0.8181818181818182,0.03787878787878788,0.03787878787878788,0.0946969696969697,0.011363636363636364,0.5060606060606061,0.0062398071332340635,0.993883181325606,23,0.7283950617283951,0.8434343434343435
,"Bubble Tea Shop,Japanese Food,Noodles",Boston,False,False,42.351847,Mecha Noodle Bar,-71.047425,14.0,722511,0.001978889615,0.0001365661573,2210.0,272.0,336.0,MA,44 Thomson Pl,Full-Service Restaurants,Restaurants and Other Eating Places,24,244,11,33,22,334.0,11,0.15338645418326693,10.903225806451612,21.0,3.9049582931949596,0.7305389221556886,0.0718562874251497,0.0658682634730539,0.03293413173652695,0.09880239520958084,0.467065868263473,0.007917937081944739,0.9829523027697435,82,0.0,0.778443113772455
,Burgers,Boston,True,False,42.34486,Nu Burger,-71.102349,39.0,722511,0.008946200696,0.0006153001658,2215.0,982.0,1529.0,MA,401 Park Dr,Full-Service Restaurants,Restaurants and Other Eating Places,118,872,175,236,125,1526.0,12,0.20677532758069672,48.45161290322581,97.0,19.124108597699596,0.5714285714285714,0.07732634338138926,0.08191349934469201,0.11467889908256881,0.15465268676277852,0.3737876802096985,0.036115247346900185,0.9133620595306116,74,0.09876543209876543,0.6229794670161641
,"Catering,Sandwich Shop,Seafood",Boston,False,False,42.363308,Pauli's,-71.055896,13.0,722511,0.01098930595,0.0007517098568,2113.0,1308.0,1871.0,MA,65 Salem St,Full-Service Restaurants,Restaurants and Other Eating Places,98,1337,226,131,76,1868.0,17,0.38341105929380415,60.25806451612903,150.0,25.512764347302685,0.7157387580299786,0.05246252676659529,0.04068522483940043,0.12098501070663811,0.07012847965738758,0.4504282655246252,0.044198633860407954,0.8841496463084116,40,0.5185185185185186,0.7507137758743754
,"Bubble Tea Shop,Coffee Shop,Tea House",Boston,False,False,42.350132,Yi Fang Taiwan Fruit Tea,-71.081299,10.0,722515,0.0007020621659,4.838639777e-05,2116.0,118.0,118.0,MA,215 Newbury St Ste 1,Snack and Nonalcoholic Beverage Bars,Restaurants and Other Eating Places,18,90,0,9,0,117.0,19,0.5,3.967741935483871,6.0,2.1324508233597945,0.7692307692307693,0.15384615384615385,0.0,0.0,0.07692307692307693,0.5230769230769231,0.002765369070410551,0.9910571721941882,81,0.012345679012345734,0.8717948717948719
Juice Press,"Breakfast,Counter Service,Healthy Food,Lunch,Salad,Sandwich Shop,Smoothie & Juice Bar,Snacks",Boston,False,False,42.353235,Juice Press,-71.047347,170.0,722515,0.00953207228,0.0006537404206,2210.0,937.0,1632.0,MA,27 Northern Ave,Snack and Nonalcoholic Beverage Bars,Restaurants and Other Eating Places,51,1077,94,382,25,1629.0,14,0.19865571321882,53.41935483870968,84.0,23.8973263365461,0.6611418047882136,0.03130755064456722,0.015346838551258441,0.057704112952731736,0.234499693063229,0.409208103130755,0.03854971755418469,0.8915363086290418,82,0.0,0.682013505217925
,Smoothie & Juice Bar,Boston,False,False,42.304448,Ki'javi Juice,-71.079624,259.0,722515,0.0004927774454,3.436570758e-05,2121.0,37.0,84.0,MA,143 Washington St,Snack and Nonalcoholic Beverage Bars,Restaurants and Other Eating Places,0,45,11,22,4,82.0,10,0.2956521739130435,2.7096774193548385,3.0,0.5201456611805516,0.5487804878048781,0.0,0.04878048780487805,0.13414634146341464,0.2682926829268293,0.32926829268292684,0.001961757545675861,0.9984295094250356,9,0.9012345679012346,0.5487804878048781
,"Coffee Shop,Dessert",Boston,False,False,42.310176,Espresso Yourself,-71.115289,1.0,722515,0.0002795865932,1.843924666e-05,2130.0,47.0,47.0,MA,767 Centre St,Snack and Nonalcoholic Beverage Bars,Restaurants and Other Eating Places,0,47,0,0,0,47.0,10,0.2564102564102564,1.5161290322580645,5.0,2.0770787138071287,1.0,0.0,0.0,0.0,0.0,0.6,0.0010872391216998748,0.991310363633614,9,0.9012345679012346,1.0
,"Caribbean Food,Ice Cream Shop",Boston,False,False,42.328635,P&R Restaurant And Ice Cream Parlor,-71.081062,195.0,722515,0.0004791397088,3.304790617e-05,2119.0,84.0,84.0,MA,208 Dudley St,Snack and Nonalcoholic Beverage Bars,Restaurants and Other Eating Places,16,50,16,0,0,82.0,12,0.13793103448275862,2.5161290322580645,6.0,2.460933048098149,0.6097560975609756,0.1951219512195122,0.0,0.1951219512195122,0.0,0.44390243902439025,0.001961757545675861,0.98955517257779,13,0.8518518518518519,0.7398373983739838
,"Bakery,Donut Shop,Ice Cream Shop",Boston,False,False,42.345646,Blackbird Doughnuts South End,-71.069193,4.0,722515,0.003337222989,0.0002312714586,2116.0,353.0,569.0,MA,492 Tremont St,Snack and Nonalcoholic Beverage Bars,Restaurants and Other Eating Places,35,442,21,61,9,568.0,13,0.24055475848876134,18.258064516129032,27.0,5.060713592009905,0.778169014084507,0.061619718309859156,0.01584507042253521,0.03697183098591549,0.1073943661971831,0.49154929577464784,0.01342503958968541,0.9776675601421843,81,0.012345679012345734,0.8192488262910798
,"Greek Food,Salad,Soup",Boston,False,False,42.350068,Greco,-71.081707,1.0,722511,0.00105540383,7.306052325e-05,2116.0,180.0,180.0,MA,225 Newbury St,Full-Service Restaurants,Restaurants and Other Eating Places,9,153,0,9,9,180.0,16,0.2283653846153846,5.741935483870968,9.0,2.1696995768774503,0.85,0.05,0.05,0.0,0.05,0.53,0.004230778321397339,0.9908868506081743,81,0.012345679012345734,0.8833333333333334
,Caribbean Food,Boston,False,False,42.281895,Fusion Kitchen,-71.07143,225.0,722511,0.001038034409,7.162628667e-05,2124.0,50.0,177.0,MA,855 Washington St,Full-Service Restaurants,Restaurants and Other Eating Places,7,57,26,62,23,175.0,12,0.20634920634920634,5.67741935483871,10.0,1.3769319980911643,0.32571428571428573,0.04,0.13142857142857142,0.14857142857142858,0.35428571428571426,0.2114285714285714,0.004159871422156043,0.9945118157038607,7,0.9259259259259259,0.35238095238095235
,Italian Food,Boston,False,False,42.332283,Lilly's Gourmet Pasta Express,-71.1,1.0,722511,0.0005108718667,3.520723343e-05,2120.0,87.0,87.0,MA,1528 Tremont St,Full-Service Restaurants,Restaurants and Other Eating Places,0,77,0,9,0,86.0,10,0.21245421245421245,2.6451612903225805,5.0,2.008825480895518,0.8953488372093024,0.0,0.0,0.0,0.10465116279069768,0.5372093023255814,0.002032664444917157,0.9916224545838407,8,0.9135802469135803,0.8953488372093024
,"Dessert,Middle Eastern Food,Salad",Boston,False,False,42.350807,Ajeen,-71.130832,237.0,722513,0.0005641203978,3.910327005e-05,2134.0,64.0,96.0,MA,1219 Commonwealth Ave,Limited-Service Restaurants,Restaurants and Other Eating Places,0,83,6,6,0,95.0,14,0.23448275862068965,3.064516129032258,4.0,1.2683615000862902,0.8736842105263158,0.0,0.0,0.06315789473684211,0.06315789473684211,0.5242105263157895,0.0022453851426410456,0.9950082591460756,23,0.7283950617283951,0.8736842105263158
,"American Food,Italian Food",Boston,False,False,42.364666,Libertine North End,-71.055368,4.0,722513,0.0014686372,0.0001001058272,2113.0,186.0,250.0,MA,125 Salem St,Limited-Service Restaurants,Restaurants and Other Eating Places,18,182,24,11,13,248.0,17,0.38268156424581007,8.0,17.0,3.005371535187643,0.7338709677419355,0.07258064516129033,0.05241935483870968,0.0967741935483871,0.04435483870967742,0.4693548387096774,0.005885272637027583,0.9870657033244317,40,0.5185185185185186,0.7822580645161291
Dunkin',"Coffee Shop,Counter Service,Dessert,Donut Shop,Snacks",Boston,False,False,42.364766,Dunkin',-71.052626,296.0,722515,0.002439850784,0.0001690918942,2113.0,217.0,415.0,MA,1 Fleet St,Snack and Nonalcoholic Beverage Bars,Restaurants and Other Eating Places,7,257,28,113,8,413.0,18,0.4100502512562814,13.32258064516129,20.0,2.305492694865244,0.6222760290556901,0.01694915254237288,0.01937046004842615,0.06779661016949153,0.2736077481840194,0.3801452784503632,0.009785152095298873,0.9902659305224994,40,0.5185185185185186,0.6335754640839387
,"Bar or Pub,French Food,Late Night",Boston,False,False,42.348229,Rochambeau,-71.083554,2.0,722511,0.0005632930018,3.89761169e-05,2115.0,80.0,96.0,MA,900 Boylston St,Full-Service Restaurants,Restaurants and Other Eating Places,0,90,2,4,0,96.0,13,0.176056338028169,3.032258064516129,5.0,0.7822164937407833,0.9375,0.0,0.0,0.020833333333333332,0.041666666666666664,0.5625,0.0022453851426410456,0.9972311788600007,75,0.0864197530864198,0.9375
Regina Pizzeria,"Casual Dining,Catering,Dinner,Drinks,Italian Food,Late Night,Lunch,Pizza,Wine Bar",Boston,False,False,42.365465,Regina Pizzeria,-71.056872,3.0,722511,0.001022395693,7.060130856e-05,2113.0,147.0,174.0,MA,11 1/2 Thacher St,Full-Service Restaurants,Restaurants and Other Eating Places,6,135,3,3,27,174.0,13,0.3203463203463203,5.580645161290323,18.0,3.643590869249261,0.7758620689655172,0.034482758620689655,0.15517241379310345,0.017241379310344827,0.017241379310344827,0.47931034482758617,0.004088964522914746,0.9841474169675305,40,0.5185185185185186,0.7988505747126436
Bonchon,"Casual Dining,Dinner,Fried Chicken,Fusion Food,Korean Food,Lunch",Boston,False,False,42.353109,Bonchon,-71.130929,1.0,722513,0.001379060912,9.607450871e-05,2134.0,182.0,234.0,MA,123 Brighton Ave,Limited-Service Restaurants,Restaurants and Other Eating Places,15,194,8,2,13,232.0,14,0.3761755485893417,7.516129032258065,12.0,1.5631021212368665,0.8362068965517241,0.06465517241379311,0.05603448275862069,0.034482758620689655,0.008620689655172414,0.5275862068965517,0.00550710250774067,0.9936605445162877,23,0.7283950617283951,0.8793103448275862
,"Burgers,Dessert,Ice Cream Shop",Boston,True,False,42.360027,Quincy's Place,-71.056238,2.0,722515,0.003885656907,0.0002659996365,2109.0,617.0,658.0,MA,254 S Market St,Snack and Nonalcoholic Beverage Bars,Restaurants and Other Eating Places,64,531,35,2,23,655.0,11,0.19869281045751633,22.29032258064516,66.0,15.37948685831143,0.8106870229007633,0.09770992366412214,0.035114503816793895,0.05343511450381679,0.0030534351145038168,0.5254961832061068,0.015528610933843863,0.9304845093697088,47,0.4320987654320988,0.875826972010178
